smiles,label,confidence,clintox_pos,clintox_neg,sider_pos,sider_neg,source
CCCCCCCCNC(C)C(O)c1ccc(SC(C)C)cc1,1,expert,False,False,False,False,dilirank
CC12CCC3c4ccc(O)cc4CCC3C1CC(F)C2O,0,expert,False,False,False,False,dilirank
Nc1nc2c(ncn2COCCO)c(=O)[nH]1,1,expert,False,False,False,False,dilirank
CC(C)N(CCC(C(N)=O)(c1ccccc1)c1ccccn1)C(C)C,1,expert,False,False,False,False,dilirank
Oc1ccc2c3c1OC1C(O)CCC4(O)C(C2)N(CC2CCC2)CCC314,0,expert,False,False,False,False,dilirank
CC(=O)N1CCN(c2ccc(OCC3COC(Cn4ccnc4)(c4ccc(Cl)cc4Cl)O3)cc2)CC1,1,expert,False,False,False,False,dilirank
COC(=O)C1=C(C)NC(C)=C(C(=O)OC)C1c1ccccc1[N+](=O)[O-],1,expert,False,False,False,False,dilirank
COc1cc(C)c(C=CC(C)=CC=CC(C)=CC(=O)O)c(C)c1C,1,expert,False,False,False,False,dilirank
NC(N)=NC(=O)c1nc(Cl)c(N)nc1N,1,expert,False,False,False,False,dilirank
CC1=C(C(=O)O)N2C(=O)C(NC(=O)C(N)c3ccc(O)cc3)C2SC1,1,expert,False,False,False,False,dilirank
COC(=O)C(c1ccccc1Cl)N1CCc2sccc2C1,1,expert,False,False,False,False,dilirank
CCc1nn(CCCN2CCN(c3cccc(Cl)c3)CC2)c(=O)n1CCOc1ccccc1,1,expert,False,False,False,False,dilirank
NC(C(=O)NC1C(=O)N2C(C(=O)O)=C(Cl)CSC12)c1ccccc1,1,expert,False,False,False,False,dilirank
CC(C=CC1=C(C)CCCC1(C)C)=CC=CC(C)=CC(=O)O,1,expert,False,False,False,False,dilirank
CC(O)C(O)C1CNc2nc(N)[nH]c(=O)c2N1,0,expert,False,False,False,False,dilirank
CN(C)CCCN1c2ccccc2CCc2ccccc21,1,expert,False,False,False,False,dilirank
CC(N)Cc1ccccc1,1,expert,False,False,False,False,dilirank
O=C(O)C(S)C(S)C(=O)O,1,expert,False,False,False,False,dilirank
COc1cc2ncnc(Nc3ccc(F)c(Cl)c3)c2cc1NC(=O)C=CCN1CCCCC1,1,expert,False,False,False,False,dilirank
CC(c1ncncc1F)C(O)(Cn1cncn1)c1ccc(F)cc1F,1,expert,False,False,False,False,dilirank
CC(C)C(N)C(=O)OCCOCn1cnc2c(=O)[nH]c(N)nc21,1,expert,False,False,False,False,dilirank
CN1C(=O)CN=C(c2ccccc2)c2cc(Cl)ccc21,1,expert,False,False,False,False,dilirank
CCN(CC)C(C)C(=O)c1ccccc1,0,expert,False,False,False,False,dilirank
CC(OC(=O)NCC1(CC(=O)O)CCCCC1)OC(=O)C(C)C,0,expert,False,False,False,False,dilirank
C#CC1(OC(C)=O)CCC2C3CCC4=CC(=O)CCC4C3CCC21C,0,expert,False,False,False,False,dilirank
COc1ccc(OC)c(C(O)CNC(=O)CN)c1,0,expert,False,False,False,False,dilirank
NC1(C(=O)O)CC(F)C1,0,expert,False,False,False,False,dilirank
CCC1C(O)C2C3CCC(C(C)CCC(=O)O)C3(C)CCC2C2(C)CCC(O)CC12,1,expert,False,False,False,False,dilirank
CC(C)c1nc(N(C)S(C)(=O)=O)nc(-c2ccc(F)cc2)c1C=CC(O)CC(O)CC(=O)[O-],1,expert,False,False,False,False,dilirank
CCOC(=O)C1=C(COCCN)NC(C)=C(C(=O)OC)C1c1ccccc1Cl,1,expert,False,False,False,False,dilirank
NCCc1ccc(O)c(O)c1,0,expert,False,False,False,False,dilirank
CC(=O)Nc1cccc(-n2c(=O)n(C3CC3)c(=O)c3c(Nc4ccc(I)cc4F)n(C)c(=O)c(C)c32)c1,1,expert,False,False,False,False,dilirank
O=C(O)Cc1csc(-c2ccc(Cl)cc2)n1,1,expert,False,False,False,False,dilirank
CCCCNc1ccc(C(=O)OCCOCCOCCOCCOCCOCCOCCOCCOCCOC)cc1,1,expert,False,False,False,False,dilirank
CN1C2CCC1CC(OC(c1ccccc1)c1ccccc1)C2,0,expert,False,False,False,False,dilirank
CN1c2c(nc(N)[nH]c2=O)NCC1CNc1ccc(C(=O)NC(CCC(=O)[O-])C(=O)[O-])cc1,0,expert,False,False,False,False,dilirank
Cc1ccc(O)c(C(CCN(C(C)C)C(C)C)c2ccccc2)c1,1,expert,False,False,False,False,dilirank
COc1ccc2cc(C(C)C(=O)O)ccc2c1,1,expert,False,False,False,False,dilirank
CN1CCC23c4c5ccc(O)c4OC2C(=O)CCC3(O)C1C5,0,expert,False,False,False,False,dilirank
COC(=O)CCc1ccc(OCC(O)CNC(C)C)cc1,0,expert,False,False,False,False,dilirank
O=c1[nH]c2cc(Cl)ccc2o1,1,expert,False,False,False,False,dilirank
NC(N)=NCCN1CCCCCCC1,0,expert,False,False,False,False,dilirank
Nc1ccc(C(=O)NCC(=O)[O-])cc1,0,expert,False,False,False,False,dilirank
O=C(OCC(O)CO)c1ccccc1Nc1ccnc2cc(Cl)ccc12,1,expert,False,False,False,False,dilirank
NCC1CCC(C(=O)O)CC1,0,expert,False,False,False,False,dilirank
CCCN(CCC)C(=O)Cc1c(-c2ccc(Cl)cc2)nc2ccc(Cl)cn12,1,expert,False,False,False,False,dilirank
CC1(C)SC2C(NC(=O)C(C(=O)[O-])c3ccccc3)C(=O)N2C1C(=O)[O-],1,expert,False,False,False,False,dilirank
CC(=O)Oc1ccc(C2(c3ccc(OC(C)=O)cc3)C(=O)N(C(C)=O)c3ccccc32)cc1,1,expert,False,False,False,False,dilirank
COCCNC(=O)CN(CCN(CCN(CC(=O)[O-])CC(=O)NCCOC)CC(=O)[O-])CC(=O)[O-],0,expert,False,False,False,False,dilirank
Nc1ccn(C2OC(CO)C(O)C2O)c(=O)n1,1,expert,False,False,False,False,dilirank
CC(CCC(=O)O)C1CCC2C3CCC4CC(O)CCC4(C)C3CC(O)C12C,0,expert,False,False,False,False,dilirank
CC12CC3CC(C)(C1)CC(N)(C3)C2,1,expert,False,False,False,False,dilirank
Clc1ccc2c(c1)C(c1ccccc1)=NCc1nncn1-2,0,expert,False,False,False,False,dilirank
CSCCC(N)C(=O)O,0,expert,False,False,False,False,dilirank
Cc1ccc(C2OC(CO)C(O)C(O)C2O)cc1Cc1ccc(-c2ccc(F)cc2)s1,1,expert,False,False,False,False,dilirank
O=C(NCC1CN(c2ccc(N3CCOCC3=O)cc2)C(=O)O1)c1ccc(Cl)s1,1,expert,False,False,False,False,dilirank
[C-]#N,0,expert,False,False,False,False,dilirank
O=C(c1cc(O)c(O)c(O)c1)c1ccc(O)c(O)c1O,1,expert,False,False,False,False,dilirank
O=P1(N(CCCl)CCCl)NCCCO1,1,expert,False,False,False,False,dilirank
CCC1(O)C(=O)OCc2c1cc1n(c2=O)Cc2cc3c(CN(C)C)c(O)ccc3nc2-1,0,expert,False,False,False,False,dilirank
Nc1cccc2c1C(=O)N(C1CCC(=O)NC1=O)C2=O,1,expert,False,False,False,False,dilirank
O=C1NC(c2ccccc2)(c2ccccc2)C(=O)N1COP(=O)([O-])[O-],1,expert,False,False,False,False,dilirank
O=C(Nc1c(Cl)cncc1Cl)c1ccc(OC(F)F)c(OCC2CC2)c1,0,expert,False,False,False,False,dilirank
COc1ccc2nc(S(=O)Cc3ncc(C)c(OC)c3C)[nH]c2c1,1,expert,False,False,False,False,dilirank
NCC(O)c1ccc(O)c(O)c1,0,expert,False,False,False,False,dilirank
COc1cc2c(cc1OC)C(=O)C(CC1CCN(Cc3ccccc3)CC1)C2,1,expert,False,False,False,False,dilirank
C=CCN1CCC23c4c5ccc(O)c4OC2C(OCCOCCOCCOCCOCCOCCOCCOC)CCC3(O)C1C5,0,expert,False,False,False,False,dilirank
CCC(C)CCCCC(=O)NCCC1NC(=O)C(CC(C)C)NC(=O)C(CCN)NC(=O)C(CC(C)C)NC(=O)C(CCN)NC(=O)C(CCN)NC(=O)C(CCN)NC(=O)C(C(C)O)NC1=O,0,expert,False,False,False,False,dilirank
NC(=O)CS(=O)C(c1ccccc1)c1ccccc1,1,expert,False,False,False,False,dilirank
CC12CCC3c4ccc(OC(=O)N(CCCl)CCCl)cc4CCC3C1CCC2OP(=O)([O-])[O-],1,expert,False,False,False,False,dilirank
OCCN1CC(O)C(O)C(O)C1CO,0,expert,False,False,False,False,dilirank
CC(=O)Oc1cc(C(C)C)c(OCCN(C)C)cc1C,1,expert,False,False,False,False,dilirank
Cc1[nH]cnc1CN1CCc2c(c3ccccc3n2C)C1=O,1,expert,False,False,False,False,dilirank
CC=CC1=C(C(=O)O)N2C(=O)C(NC(=O)C(N)c3ccc(O)cc3)C2SC1,1,expert,False,False,False,False,dilirank
Nc1ccncc1,0,expert,False,False,False,False,dilirank
Cc1nnc(C(C)C)n1C1CC2CCC(C1)N2CCC(NC(=O)C1CCC(F)(F)CC1)c1ccccc1,1,expert,False,False,False,False,dilirank
Cc1cc(C#N)cc(C)c1Oc1nc(Nc2ccc(C#N)cc2)nc(N)c1Br,1,expert,False,False,False,False,dilirank
[Cl][Cu][Cl],0,expert,False,False,False,False,dilirank
CC12C=CC(=O)C=C1CCC1C2C(O)CC2(C)C1CCC2(O)C(=O)CO,1,expert,False,False,False,False,dilirank
Nc1nc2c(c(=O)[nH]1)N(C=O)C(CNc1ccc(C(=O)NC(CCC(=O)O)C(=O)O)cc1)CN2,0,expert,False,False,False,False,dilirank
CN1CCN(C(c2ccccc2)c2ccc(Cl)cc2)CC1,1,expert,False,False,False,False,dilirank
CN(C)C(=N)N=C(N)N,1,expert,False,False,False,False,dilirank
CS(=O)(=O)Nc1ccc([N+](=O)[O-])cc1Oc1ccccc1,1,expert,False,False,False,False,dilirank
CN1CCC(C(=O)c2cccc(NC(=O)c3c(F)cc(F)cc3F)n2)CC1,0,expert,False,False,False,False,dilirank
CC(=O)NC(CS)C(=O)O,0,expert,False,False,False,False,dilirank
CN(C)N=Nc1nc[nH]c1C(N)=O,1,expert,False,False,False,False,dilirank
CCOC(=O)C(CCc1ccccc1)NC(C)C(=O)N1C(C(=O)O)CC2CCCCC21,1,expert,False,False,False,False,dilirank
CC(CCc1ccc(O)cc1)NCCc1ccc(O)c(O)c1,0,expert,False,False,False,False,dilirank
CN(C)CC(c1ccc(O)cc1)C1(O)CCCCC1,1,expert,False,False,False,False,dilirank
CC(=O)NCC1CN(c2ccc(N3CCOCC3)c(F)c2)C(=O)O1,1,expert,False,False,False,False,dilirank
CNC(=O)c1cc(Oc2ccc(NC(=O)Nc3ccc(Cl)c(C(F)(F)F)c3)c(F)c2)ccn1,1,expert,False,False,False,False,dilirank
Nc1cccc2c1CN(C1CCC(=O)NC1=O)C2=O,1,expert,False,False,False,False,dilirank
Cc1ncc(CO)c(CO)c1O,0,expert,False,False,False,False,dilirank
CCN(CC)CCNC(=O)c1cc(Cl)c(N)cc1OC,1,expert,False,False,False,False,dilirank
NC(=O)OCC(N)Cc1ccccc1,0,expert,False,False,False,False,dilirank
NC(C(=O)O)C(O)c1ccc(O)c(O)c1,0,expert,False,False,False,False,dilirank
CN(CCOc1ccc(NS(C)(=O)=O)cc1)CCc1ccc(NS(C)(=O)=O)cc1,1,expert,False,False,False,False,dilirank
CN1CC(=O)N2C(Cc3c([nH]c4ccccc34)C2c2ccc3c(c2)OCO3)C1=O,1,expert,False,False,False,False,dilirank
NNC(=O)c1ccncc1,1,expert,False,False,False,False,dilirank
CC(=O)N(O)CCCCCNC(=O)CCC(=O)N(O)CCCCCNC(=O)CCC(=O)N(O)CCCCCN,1,expert,False,False,False,False,dilirank
CNCCC=C1c2ccccc2CCc2ccccc21,1,expert,False,False,False,False,dilirank
CN(C)c1ccc(O)c2c1CC1CC3C(N(C)C)C(=O)C(C(N)=O)=C(O)C3(O)C(=O)C1=C2O,1,expert,False,False,False,False,dilirank
CCC(C)C(NC(=O)C(CC(=O)O)NC(=O)C(CC(C)C)NC(=O)C(CC(C)C)NC(=O)C(CCCCN)NC(=O)C(CCCNC(=N)N)NC(=O)C(CC(N)=O)NC(=O)C(CO)NC(=O)C(Cc1cnc[nH]1)NC(=O)C(C)NC(=O)C(CCC(N)=O)NC(=O)C(CCC(N)=O)NC(=O)C(C)NC(=O)C(CC(C)C)NC(=O)C(CCC(N)=O)NC(=O)C(CC(=O)O)NC(=O)C(C)NC(=O)C(CCCCN)NC(=O)C(NC(=O)C(CCSC)NC(=O)C(CCC(=O)O)NC(=O)C(CC(C)C)NC(=O)C(NC(=O)C(CCC(=O)O)NC(=O)C(CCCNC(=N)N)NC(=O)C(CC(C)C)NC(=O)C(CC(C)C)NC(=O)C(Cc1cnc[nH]1)NC(=O)C(Cc1ccccc1)NC(=O)C(NC(=O)C(CC(C)C)NC(=O)C(CC(=O)O)NC(=O)C(CC(C)C)NC(=O)C(CO)NC(=O)C(NC(=O)C1CCCN1C(=O)C1CCCN1C(=O)C(CCC(=O)O)NC(=O)C(CCC(N)=O)NC(=O)C(N)CO)C(C)CC)C(C)O)C(C)C)C(C)O)C(=O)NC(C)C(N)=O,0,expert,False,False,False,False,dilirank
O=C1Nc2ccccc2C1(c1ccc(O)cc1)c1ccc(O)cc1,1,expert,False,False,False,False,dilirank
CCC(C)C(=O)OC1CC(C)C=C2C=CC(C)C(CCC3CC(O)CC(=O)O3)C21,1,expert,False,False,False,False,dilirank
CCC(C)C(N)C1=NC(C(=O)NC(CC(C)C)C(=O)NC(CCC(=O)O)C(=O)NC(C(=O)NC2CCCCNC(=O)C(CC(N)=O)NC(=O)C(CC(=O)O)NC(=O)C(Cc3cnc[nH]3)NC(=O)C(Cc3ccccc3)NC(=O)C(C(C)CC)NC(=O)C(CCCN)NC2=O)C(C)CC)CS1,0,expert,False,False,False,False,dilirank
COc1ccc2c(C(=S)N(C)CC(=O)O)cccc2c1C(F)(F)F,1,expert,False,False,False,False,dilirank
CC(C)Nc1nc2cc(Cl)c(Cl)cc2n1C1OC(CO)C(O)C1O,0,expert,False,False,False,False,dilirank
CC#CC1(O)CCC2C3CCC4=CC(=O)CCC4=C3C(c3ccc(N(C)C)cc3)CC21C,1,expert,False,False,False,False,dilirank
CCCCCCCCCC(=O)OC1(c2ccc(Cl)cc2)CCN(CCCC(=O)c2ccc(F)cc2)CC1,1,expert,False,False,False,False,dilirank
Cc1onc(-c2ccccc2)c1C(=O)NC1C(=O)N2C1SC(C)(C)C2C(=O)[O-],1,expert,False,False,False,False,dilirank
CC(C)CC(NC(=O)C(Cc1ccccc1)NC(=O)c1cnccn1)B(O)O,1,expert,False,False,False,False,dilirank
CCN(CC)CC(=O)Nc1c(C)cccc1C,0,expert,False,False,False,False,dilirank
C[N+](C)(C)CCOC(=O)CCC(=O)OCC[N+](C)(C)C,0,expert,False,False,False,False,dilirank
CCCCC(=O)OC1CCC2C3CCc4cc(O)ccc4C3CCC12C,1,expert,False,False,False,False,dilirank
C=CC=CCC(C)C(O)C1C(=O)NC(CC)C(=O)N(C)CC(=O)N(C)C(CC(C)C)C(=O)NC(C(C)C)C(=O)N(C)C(CC(C)C)C(=O)NC(C)C(=O)NC(C)C(=O)N(C)C(CC(C)C)C(=O)N(C)C(CC(C)C)C(=O)N(C)C(C(C)C)C(=O)N1C,0,expert,False,False,False,False,dilirank
O=C(c1ccccc1)c1ccc2n1CCC2C(=O)O,1,expert,False,False,False,False,dilirank
Cn1cc[nH]c1=S,1,expert,False,False,False,False,dilirank
CC(C)C(=O)Nc1ccc([N+](=O)[O-])c(C(F)(F)F)c1,1,expert,False,False,False,False,dilirank
COC(=O)C1C(c2ccc(I)cc2)CC2CCC1N2CCCF,0,expert,False,False,False,False,dilirank
CCc1oc2ccccc2c1C(=O)c1ccc(O)cc1,1,expert,False,False,False,False,dilirank
CCOC(=O)C(CCc1ccccc1)NC(C)C(=O)N1CCCC1C(=O)O,1,expert,False,False,False,False,dilirank
OCC1NCC(O)C(O)C1O,0,expert,False,False,False,False,dilirank
Cn1c(=O)c2c(ncn2C)n(C)c1=O,0,expert,False,False,False,False,dilirank
N=C(N)c1ccc(OCCCCCOc2ccc(C(=N)N)cc2)cc1,1,expert,False,False,False,False,dilirank
CCCC(=O)Nc1ccc(OCC(O)CNC(C)C)c(C(C)=O)c1,1,expert,False,False,False,False,dilirank
COC1CC2CCC(C)C(O)(O2)C(=O)C(=O)N2CCCCC2C(=O)OC(C(C)CC2CCC(OC(=O)C(C)(CO)CO)C(OC)C2)CC(=O)C(C)C=C(C)C(O)C(OC)C(=O)C(C)CC(C)C=CC=CC=C1C,0,expert,False,False,False,False,dilirank
CC(O)CN1CCN(CC(=O)[O-])CCN(CC(=O)[O-])CCN(CC(=O)[O-])CC1,0,expert,False,False,False,False,dilirank
CN1C(=O)CC(C)(c2ccccc2)C1=O,0,expert,False,False,False,False,dilirank
COc1ccc2c(c1)c(CC(=O)O)c(C)n2C(=O)c1ccc(Cl)cc1,1,expert,False,False,False,False,dilirank
O=C([O-])CN(CCN(CC(=O)[O-])CC(=O)O)CCN(CC(=O)O)C(COCc1ccccc1)C(=O)[O-],0,expert,False,False,False,False,dilirank
CCCNC(=O)NS(=O)(=O)c1ccc(Cl)cc1,1,expert,False,False,False,False,dilirank
Cc1ncc([N+](=O)[O-])n1CCO,1,expert,False,False,False,False,dilirank
CCOC(=O)N1CCC(=C2c3ccc(Cl)cc3CCc3cccnc32)CC1,0,expert,False,False,False,False,dilirank
CCC(=O)OC(OP(=O)(CCCCc1ccccc1)CC(=O)N1CC(C2CCCCC2)CC1C(=O)[O-])C(C)C,1,expert,False,False,False,False,dilirank
CC(O)C(NC(=O)C1CSSCC(NC(=O)C(Cc2ccccc2)NC(=O)CN2CCN(CC(=O)[O-])CCN(CC(=O)[O-])CCN(CC(=O)O)CC2)C(=O)NC(Cc2ccc(O)cc2)C(=O)NC(Cc2c[nH]c3ccccc23)C(=O)NC(CCCCN)C(=O)NC(C(C)O)C(=O)N1)C(=O)O,0,expert,False,False,False,False,dilirank
OCC(O)C(O)C(OC1OC(CO)C(O)C(O)C1O)C(O)CO,0,expert,False,False,False,False,dilirank
O=C(CCCCCCC(=O)Nc1ccccc1)NO,0,expert,False,False,False,False,dilirank
CC(C)(CO)C(O)C(=O)NCCCO,0,expert,False,False,False,False,dilirank
COc1ccc2[n-]c(S(=O)Cc3ncc(C)c(OC)c3C)nc2c1,1,expert,False,False,False,False,dilirank
Cc1nc2n(c(=O)c1CCN1CCC(c3noc4cc(F)ccc34)CC1)CCCC2O,1,expert,False,False,False,False,dilirank
OCCN1CCN(CCCN2c3ccccc3Sc3ccc(Cl)cc32)CC1,1,expert,False,False,False,False,dilirank
CC(N)(Cc1ccc(O)c(O)c1)C(=O)O,1,expert,False,False,False,False,dilirank
CC1(C)SC2C(NC(=O)Cc3ccccc3)C(=O)N2C1C(=O)O,1,expert,False,False,False,False,dilirank
CC(=O)N=c1sc(S(N)(=O)=O)nn1C,1,expert,False,False,False,False,dilirank
NS(=O)(=O)c1cc(Cl)c(Cl)c(S(N)(=O)=O)c1,0,expert,False,False,False,False,dilirank
Cn1c(=O)c2[nH]cnc2n(C)c1=O,0,expert,False,False,False,False,dilirank
CC(CN1c2ccccc2Sc2ccccc21)N(C)C,1,expert,False,False,False,False,dilirank
CC(C)NCC(O)c1ccc(O)c(O)c1,0,expert,False,False,False,False,dilirank
O=C([O-])CN1CCN(CC(=O)[O-])CCN(CC(=O)O)CCN(CC(=O)[O-])CC1,0,expert,False,False,False,False,dilirank
CN1CCC23c4c5ccc(O)c4OC2C(O)C=CC3C1C5,0,expert,False,False,False,False,dilirank
COC1=CC(=O)CC(C)C12Oc1c(Cl)c(OC)cc(OC)c1C2=O,1,expert,False,False,False,False,dilirank
CC(C)c1cccc(C(C)C)c1OCOP(=O)([O-])[O-],1,expert,False,False,False,False,dilirank
CCOC(=O)C(C)(C)Oc1ccc(Cl)cc1,1,expert,False,False,False,False,dilirank
CC(=O)OCC(=O)C1(O)CCC2C3CCC4=CC(=O)CCC4(C)C3C(O)CC21C,0,expert,False,False,False,False,dilirank
CCN1CCN(C(=O)NC(C(=O)NC2C(=O)N3C(C(=O)[O-])=C(CSc4nnnn4C)CSC23)c2ccc(O)cc2)C(=O)C1=O,1,expert,False,False,False,False,dilirank
Cc1cnc(NC(=O)C2=C(O)c3ccccc3S(=O)(=O)N2C)s1,1,expert,False,False,False,False,dilirank
CCCCN1CC(O)C(O)C(O)C1CO,0,expert,False,False,False,False,dilirank
NCCCCC(NC(CCc1ccccc1)C(=O)O)C(=O)N1CCCC1C(=O)O,1,expert,False,False,False,False,dilirank
CN(C)CCOC(C)(c1ccccc1)c1ccccn1,0,expert,False,False,False,False,dilirank
CCCCCCCC(=O)NC(CN1CCCC1)C(O)c1ccc2c(c1)OCCO2,0,expert,False,False,False,False,dilirank
COC(=O)Nc1c(N)nc(-c2nn(Cc3ccccc3F)c3ncc(F)cc23)nc1N,0,expert,False,False,False,False,dilirank
O=C([O-])O,0,expert,False,False,False,False,dilirank
O=c1[nH]cnc2c1ncn2C1CCC(CO)O1,1,expert,False,False,False,False,dilirank
FC(F)(F)c1ccc(CNc2ccc(Cc3c[nH]c4ncc(Cl)cc34)cn2)cn1,1,expert,False,False,False,False,dilirank
S=c1nc[nH]c2nc[nH]c12,1,expert,False,False,False,False,dilirank
O=P(O)(O)C(O)(Cn1ccnc1)P(=O)(O)O,1,expert,False,False,False,False,dilirank
CCCCC(=O)N(Cc1ccc(-c2ccccc2-c2nn[nH]n2)cc1)C(C(=O)O)C(C)C,1,expert,False,False,False,False,dilirank
COCCc1ccc(OCC(O)CNC(C)C)cc1,1,expert,False,False,False,False,dilirank
CN1CC(C(=O)NC2(C)OC3(O)C4CCCN4C(=O)C(Cc4ccccc4)N3C2=O)CC2c3cccc4[nH]cc(c34)CC21,0,expert,False,False,False,False,dilirank
Nc1ccncc1N,0,expert,False,False,False,False,dilirank
NCCC(O)C(=O)NC1CC(N)C(OC2OC(CN)C(O)C(O)C2O)C(O)C1OC1OC(CO)C(O)C(N)C1O,0,expert,False,False,False,False,dilirank
CC1CC2C(C(O)CC3(C)C2CCC3(O)C(=O)CO)C2(C)C=CC(=O)C=C12,1,expert,False,False,False,False,dilirank
CN(C)c1cc(NC(=O)CNC(C)(C)C)c(O)c2c1CC1CC3C(N(C)C)C(=O)C(C(N)=O)=C(O)C3(O)C(=O)C1=C2O,1,expert,False,False,False,False,dilirank
Cc1ccc(-n2nccn2)c(C(=O)N2CCN(c3nc4cc(Cl)ccc4o3)CCC2C)c1,0,expert,False,False,False,False,dilirank
CC(C)(S)C(N)C(=O)O,1,expert,False,False,False,False,dilirank
CON=C(C(=O)NC1C(=O)N2C(C(=O)[O-])=C(COC(C)=O)CSC12)c1csc(N)n1,1,expert,False,False,False,False,dilirank
CCN(CC)C(=O)C(C#N)=Cc1cc(O)c(O)c([N+](=O)[O-])c1,1,expert,False,False,False,False,dilirank
CCCC1CC(=O)N(C(CC)C(N)=O)C1,0,expert,False,False,False,False,dilirank
CCC(CO)NC(=O)C1C=C2c3cccc4[nH]cc(c34)CC2N(C)C1,0,expert,False,False,False,False,dilirank
NNCCc1ccccc1,1,expert,False,False,False,False,dilirank
O=C([O-])C1(C(=O)[O-])CCC1,1,expert,False,False,False,False,dilirank
CC12CCC(=O)C=C1CCC1C2CCC2(C)C1CCC2(C)O,1,expert,False,False,False,False,dilirank
CC(C)c1cccc(C(C)C)c1O,1,expert,False,False,False,False,dilirank
Clc1ccccc1CN1CCc2sccc2C1,1,expert,False,False,False,False,dilirank
CNNCc1ccc(C(=O)NC(C)C)cc1,1,expert,False,False,False,False,dilirank
CC(COc1ccccc1)NN,1,expert,False,False,False,False,dilirank
Cc1cn(C2CC(N=[N+]=[N-])C(CO)O2)c(=O)[nH]c1=O,1,expert,False,False,False,False,dilirank
CCC(CO)NC(=O)C1C=C2c3cccc4c3c(cn4C)CC2N(C)C1,0,expert,False,False,False,False,dilirank
CCN1CCCC1CNC(=O)c1cc(S(=O)(=O)CC)c(N)cc1OC,1,expert,False,False,False,False,dilirank
Cc1onc(-c2c(Cl)cccc2Cl)c1C(=O)NC1C(=O)N2C1SC(C)(C)C2C(=O)[O-],1,expert,False,False,False,False,dilirank
CC1=C(C(=O)O)N2C(=O)C(NC(=O)C(N)c3ccccc3)C2SC1,1,expert,False,False,False,False,dilirank
CC(C)C(=O)Oc1ccc(CO)cc1C(CCN(C(C)C)C(C)C)c1ccccc1,0,expert,False,False,False,False,dilirank
COC(=O)C=CC(=O)OC,1,expert,False,False,False,False,dilirank
C[N+]1(C)CCCC(OC(=O)C(O)(c2ccccc2)c2ccccc2)C1,0,expert,False,False,False,False,dilirank
Cc1cccc(C)c1OCC(C)N,1,expert,False,False,False,False,dilirank
CCCC(C)(COC(N)=O)COC(=O)NC(C)C,0,expert,False,False,False,False,dilirank
O=S([O-])([O-])=S,0,expert,False,False,False,False,dilirank
CC(NN)c1ccccc1,1,expert,False,False,False,False,dilirank
CCCSc1ccc2nc(NC(=O)OC)[nH]c2c1,1,expert,False,False,False,False,dilirank
CN(C)CCC(c1ccc(Br)cc1)c1ccccn1,0,expert,False,False,False,False,dilirank
O=C([O-])CN(CCN(CC(=O)[O-])Cc1cc(CCC(=O)NCCCCCC(=O)NCCCCC(NC(=O)NC(CCC(=O)O)C(=O)O)C(=O)O)ccc1[O-])Cc1cc(CCC(=O)O)ccc1[O-],0,expert,False,False,False,False,dilirank
CS(=O)(=O)OCCCCOS(C)(=O)=O,1,expert,False,False,False,False,dilirank
Clc1ccc(C(c2ccccc2Cl)C(Cl)Cl)cc1,0,expert,False,False,False,False,dilirank
CN1CCN2c3ncccc3Cc3ccccc3C2C1,1,expert,False,False,False,False,dilirank
O=C([O-])CN(CCN(CC(=O)[O-])CC(=O)[O-])CCN(CC(=O)[O-])CC(=O)[O-],0,expert,False,False,False,False,dilirank
CCC(C)C1NC(=O)C(Cc2ccc(O)cc2)NC(=O)C(N)CSSCC(C(=O)N2CCCC2C(=O)NC(CC(C)C)C(=O)NCC(N)=O)NC(=O)C(CC(N)=O)NC(=O)C(CCC(N)=O)NC1=O,0,expert,False,False,False,False,dilirank
C[N+](C)(C)CC(=O)[O-],0,expert,False,False,False,False,dilirank
CCCCCCCN(CC)CCCC(O)c1ccc(NS(C)(=O)=O)cc1,0,expert,False,False,False,False,dilirank
COC1CC2CCC(C)C(O)(O2)C(=O)C(=O)N2CCCCC2C(=O)OC(C(C)CC2CCC(OCCO)C(OC)C2)CC(=O)C(C)C=C(C)C(O)C(OC)C(=O)C(C)CC(C)C=CC=CC=C1C,1,expert,False,False,False,False,dilirank
CCN(CCO)CCCC(C)Nc1ccnc2cc(Cl)ccc12,1,expert,False,False,False,False,dilirank
O=C([O-])CN1CCN(CC(=O)[O-])CCN(C(CO)C(O)CO)CCN(CC(=O)[O-])CC1,0,expert,False,False,False,False,dilirank
COc1ccc2c(c1)C13CCCCC1C(C2)N(C)CC3,0,expert,False,False,False,False,dilirank
CC(COc1ccccc1)NC(C)C(O)c1ccc(O)cc1,0,expert,False,False,False,False,dilirank
CCCCCCCCc1ccc(CCC(N)(CO)CO)cc1,1,expert,False,False,False,False,dilirank
O=C([O-])[O-],0,expert,False,False,False,False,dilirank
CC(C)NCC(O)COc1ccc(CC(N)=O)cc1,1,expert,False,False,False,False,dilirank
C#CC1(O)CCC2C3CCC4=CC(=O)CCC4C3CCC21CC,0,expert,False,False,False,False,dilirank
COC1CC2CCC(C)C(O)(O2)C(=O)C(=O)N2CCCCC2C(=O)OC(C(C)CC2CCC(O)C(OC)C2)CC(=O)C(C)C=C(C)C(O)C(OC)C(=O)C(C)CC(C)C=CC=CC=C1C,1,expert,False,False,False,False,dilirank
CCC1(O)CC2CN(CCc3c([nH]c4ccccc34)C(C(=O)OC)(c3cc4c(cc3OC)N(C=O)C3C(O)(C(=O)OC)C(OC(C)=O)C5(CC)C=CCN6CCC43C65)C2)C1,1,expert,False,False,False,False,dilirank
COC1C(O)CC(=O)OC(C)CC=CC=CC(OC2CC(C)(O)C(O)C(C)O2)C(C)CC(CCO)C1OC1OC(C)C(OC2CC(C)(O)C(O)C(C)O2)C(N(C)C)C1O,0,expert,False,False,False,False,dilirank
Cc1c(OCC(F)(F)F)ccnc1CS(=O)c1nc2ccccc2[nH]1,1,expert,False,False,False,False,dilirank
CN1C(=O)CCS(=O)(=O)C1c1ccc(Cl)cc1,1,expert,False,False,False,False,dilirank
CCN(CC)CCN1C(=O)CN=C(c2ccccc2F)c2cc(Cl)ccc21,1,expert,False,False,False,False,dilirank
Cc1onc(-c2ccccc2Cl)c1C(=O)NC1C(=O)N2C1SC(C)(C)C2C(=O)[O-],1,expert,False,False,False,False,dilirank
CCCCCCCCCCCCOCCOCCOCCOCCOCCOCCOCCOCCOCCO,0,expert,False,False,False,False,dilirank
CCOC(=O)C1=C(C)NC(C)=C(C(=O)OC)C1c1cccc(Cl)c1Cl,1,expert,False,False,False,False,dilirank
COc1ccc2c3c1OC1C(O)C=CC4C(C2)N(C)CCC341,0,expert,False,False,False,False,dilirank
O=C(Oc1ccccc1C(=O)O)c1ccccc1O,1,expert,False,False,False,False,dilirank
COc1ccc(NC(=O)c2ccc(C(=N)N(C)C)cc2)c(C(=O)Nc2ccc(Cl)cn2)c1,0,expert,False,False,False,False,dilirank
O=c1[nH]c(=O)n(C2OC(CO)C(O)C2F)cc1I,1,expert,False,False,False,False,dilirank
CNC(=C[N+](=O)[O-])NCCSCc1csc(CN(C)C)n1,1,expert,False,False,False,False,dilirank
NCCc1ccc(O)cc1,0,expert,False,False,False,False,dilirank
O=C1CN=C(c2ccccc2Cl)c2cc([N+](=O)[O-])ccc2N1,1,expert,False,False,False,False,dilirank
Cc1cccc(Nc2ccccc2C(=O)O)c1C,1,expert,False,False,False,False,dilirank
O=C(Nc1nc(-c2cc(Cl)cs2)c(N2CCN(C3CCCCC3)CC2)s1)c1cnc(N2CCC(C(=O)O)CC2)c(Cl)c1,0,expert,False,False,False,False,dilirank
COc1cc(NC(C)CCCN)c2ncccc2c1,0,expert,False,False,False,False,dilirank
NCCc1cnc[nH]1,0,expert,False,False,False,False,dilirank
FC(F)(F)C(F)(F)C(F)(F)F,0,expert,False,False,False,False,dilirank
OCC(S)CS,0,expert,False,False,False,False,dilirank
CCCCCOC(=O)Nc1nc(=O)n(C2OC(C)C(O)C2O)cc1F,1,expert,False,False,False,False,dilirank
CCOC(=O)C1(c2ccccc2)CCN(CCC(C#N)(c2ccccc2)c2ccccc2)CC1,0,expert,False,False,False,False,dilirank
COc1nc(N)nc2c1ncn2C1OC(CO)C(O)C1O,1,expert,False,False,False,False,dilirank
CCn1c(=O)c2c(nc(C=Cc3ccc(OC)c(OC)c3)n2C)n(CC)c1=O,0,expert,False,False,False,False,dilirank
CCOC(=O)C(CCc1ccccc1)NC(C)C(=O)N1Cc2ccccc2CC1C(=O)O,1,expert,False,False,False,False,dilirank
NC(N)=Nc1nc(CSCCC(N)=NS(N)(=O)=O)cs1,1,expert,False,False,False,False,dilirank
O=C1CCc2ccc(OCCCCN3CCN(c4cccc(Cl)c4Cl)CC3)cc2N1,1,expert,False,False,False,False,dilirank
CN(C)CCOC(c1ccc(Cl)cc1)c1ccccn1,0,expert,False,False,False,False,dilirank
CCN(CC)CC#CCOC(=O)C(O)(c1ccccc1)C1CCCCC1,1,expert,False,False,False,False,dilirank
O=C([O-])CN(CCN(CC(=O)[O-])CC(=O)O)CCN(CC(=O)[O-])CC(=O)O,0,expert,False,False,False,False,dilirank
COc1c(N2CC3CCCNC3C2)c(F)cc2c(=O)c(C(=O)O)cn(C3CC3)c12,1,expert,False,False,False,False,dilirank
O=C([O-])CCCO,0,expert,False,False,False,False,dilirank
Cc1ncc2n1-c1ccc(Cl)cc1C(c1ccccc1F)=NC2,0,expert,False,False,False,False,dilirank
CC(N)(Cc1ccc(O)cc1)C(=O)O,0,expert,False,False,False,False,dilirank
CC(C(=O)O)c1ccc2oc(-c3ccc(Cl)cc3)nc2c1,1,expert,False,False,False,False,dilirank
CC(=O)OC1(C(C)=O)CCC2C3CCC4=CC(=O)CCC4=C3C(c3ccc(N(C)C)cc3)CC21C,1,expert,False,False,False,False,dilirank
CC(C)OC(=O)C(C)(C)Oc1ccc(C(=O)c2ccc(Cl)cc2)cc1,1,expert,False,False,False,False,dilirank
CCCCc1oc2ccc(NS(C)(=O)=O)cc2c1C(=O)c1ccc(OCCCN(CCCC)CCCC)cc1,1,expert,False,False,False,False,dilirank
Cc1ccccc1C(OCCN(C)C)c1ccccc1,0,expert,False,False,False,False,dilirank
COCCCOc1cc(CC(CC(N)C(O)CC(C(=O)NCC(C)(C)C(N)=O)C(C)C)C(C)C)ccc1OC,1,expert,False,False,False,False,dilirank
CCCCCCC(=O)OC1CCC2C3CCC4=CC(=O)CCC4(C)C3CCC12C,1,expert,False,False,False,False,dilirank
CC(=O)OCC1OC([S-])C(OC(C)=O)C(OC(C)=O)C1OC(C)=O,1,expert,False,False,False,False,dilirank
CC(O)C(CO)NC(=O)C1CSSCC(NC(=O)C(Cc2ccccc2)NC(=O)CN2CCN(CC(=O)[O-])CCN(CC(=O)[O-])CCN(CC(=O)[O-])CC2)C(=O)NC(Cc2ccc(O)cc2)C(=O)NC(Cc2c[nH]c3ccccc23)C(=O)NC(CCCCN)C(=O)NC(C(C)O)C(=O)N1,0,expert,False,False,False,False,dilirank
Cc1cc(Br)c(O)c2ncccc12,1,expert,False,False,False,False,dilirank
CNCCC(Oc1ccccc1C)c1ccccc1,1,expert,False,False,False,False,dilirank
CC(C)[N+](C)(CCOC(=O)C1c2ccccc2Oc2ccccc21)C(C)C,0,expert,False,False,False,False,dilirank
CCCCCCCCCCCCCCCC(=O)NC(CCC(=O)NCCCCC(NC(=O)C(C)NC(=O)C(C)NC(=O)C(CCC(N)=O)NC(=O)CNC(=O)C(CCC(=O)O)NC(=O)C(CC(C)C)NC(=O)C(Cc1ccc(O)cc1)NC(=O)C(CO)NC(=O)C(CO)NC(=O)C(NC(=O)C(CC(=O)O)NC(=O)C(CO)NC(=O)C(NC(=O)C(Cc1ccccc1)NC(=O)C(NC(=O)CNC(=O)C(CCC(=O)O)NC(=O)C(C)NC(=O)C(N)Cc1cnc[nH]1)C(C)O)C(C)O)C(C)C)C(=O)NC(CCC(=O)O)C(=O)NC(Cc1ccccc1)C(=O)NC(C(=O)NC(C)C(=O)NC(Cc1c[nH]c2ccccc12)C(=O)NC(CC(C)C)C(=O)NC(C(=O)NC(CCCNC(=N)N)C(=O)NCC(=O)NC(CCCNC(=N)N)C(=O)NCC(=O)O)C(C)C)C(C)CC)C(=O)O,1,expert,False,False,False,False,dilirank
CCN(CC)C(=S)SSC(=S)N(CC)CC,1,expert,False,False,False,False,dilirank
NCC1OC(OC2C(N)CC(N)C(OC3OC(CO)C(O)C(N)C3O)C2O)C(O)C(O)C1O,0,expert,False,False,False,False,dilirank
NC(=O)NS(=O)(=O)c1ccc(N)cc1,1,expert,False,False,False,False,dilirank
O=C(O)CCCc1ccc(N(CCCl)CCCl)cc1,1,expert,False,False,False,False,dilirank
Cc1nc(-c2ccc(OCC(C)C)c(C#N)c2)sc1C(=O)O,1,expert,False,False,False,False,dilirank
NCCCCCC(=O)O,0,expert,False,False,False,False,dilirank
Cc1nc(C)c2c(n1)N(Cc1ccc(-c3ccccc3-c3nn[nH]n3)cc1)C(=O)CC2,1,expert,False,False,False,False,dilirank
Cc1nnc2n1-c1ccc(Cl)cc1C(c1ccccc1)=NC2,1,expert,False,False,False,False,dilirank
CSCCNc1nc(SCCC(F)(F)F)nc2c1ncn2C1OC(COP(=O)(O)OP(=O)(O)C(Cl)(Cl)P(=O)(O)O)C(O)C1O,0,expert,False,False,False,False,dilirank
Cc1nnc(C(=O)NC(C)(C)c2nc(C(=O)NCc3ccc(F)cc3)c([O-])c(=O)n2C)o1,1,expert,False,False,False,False,dilirank
Fc1ccccc1C1=NCC(=S)N(CC(F)(F)F)c2ccc(Cl)cc21,0,expert,False,False,False,False,dilirank
CC(C)OC(=O)OCOP(=O)(COC(C)Cn1cnc2c(N)ncnc21)OCOC(=O)OC(C)C,1,expert,False,False,False,False,dilirank
CCC(C)C(NC(=O)C(Cc1ccccc1)NC(=O)C(CCC(=O)O)NC(=O)C(CCCCNC(=O)COCCOCCNC(=O)COCCOCCNC(=O)CCC(NC(=O)CCCCCCCCCCCCCCCCC(=O)O)C(=O)O)NC(=O)C(C)NC(=O)C(C)NC(=O)C(CCC(N)=O)NC(=O)CNC(=O)C(CCC(=O)O)NC(=O)C(CC(C)C)NC(=O)C(Cc1ccc(O)cc1)NC(=O)C(CO)NC(=O)C(CO)NC(=O)C(NC(=O)C(CC(=O)O)NC(=O)C(CO)NC(=O)C(NC(=O)C(Cc1ccccc1)NC(=O)C(NC(=O)CNC(=O)C(CCC(=O)O)NC(=O)C(C)(C)NC(=O)C(N)Cc1cnc[nH]1)C(C)O)C(C)O)C(C)C)C(=O)NC(C)C(=O)NC(Cc1c[nH]c2ccccc12)C(=O)NC(CC(C)C)C(=O)NC(C(=O)NC(CCCNC(=N)N)C(=O)NCC(=O)NC(CCCNC(=N)N)C(=O)NCC(=O)O)C(C)C,1,expert,False,False,False,False,dilirank
COc1ccc(C(CN(C)C)C2(O)CCCCC2)cc1,1,expert,False,False,False,False,dilirank
CCN(CC)CCCC(C)Nc1ccnc2cc(Cl)ccc12,1,expert,False,False,False,False,dilirank
CC(O)(P(=O)([O-])O)P(=O)([O-])O,0,expert,False,False,False,False,dilirank
CC(C)(Oc1ccc(C(=O)c2ccc(Cl)cc2)cc1)C(=O)O,1,expert,False,False,False,False,dilirank
O=C1Nc2ccc(Cl)cc2C(c2ccccc2Cl)=NC1O,1,expert,False,False,False,False,dilirank
NNc1nncc2ccccc12,1,expert,False,False,False,False,dilirank
O=C(CCCN1CCC(O)(c2ccc(Cl)cc2)CC1)c1ccc(F)cc1,1,expert,False,False,False,False,dilirank
O=C(O)COCCN1CCN(C(c2ccccc2)c2ccc(Cl)cc2)CC1,1,expert,False,False,False,False,dilirank
O=C1OC(C(O)CO)C(O)=C1O,0,expert,False,False,False,False,dilirank
CCCCCCCCC=CCCCCCCCC(=O)O,0,expert,False,False,False,False,dilirank
O=C([O-])Cc1ccccc1Nc1c(Cl)cccc1Cl,1,expert,False,False,False,False,dilirank
CON=C1CN(c2nc3c(cc2F)c(=O)c(C(=O)O)cn3C2CC2)CC1CN,1,expert,False,False,False,False,dilirank
Clc1ccc2c(c1)CCc1cccnc1C2=C1CCNCC1,1,expert,False,False,False,False,dilirank
CC1NC(=O)C2CCCN2C(=O)C(CC(N)=O)NC(=O)C2CSSCC(N)C(=O)NC3CSSCC(NC1=O)C(=O)NC(C(C)O)C(=O)NCC(=O)NC(C(=O)NC(Cc1ccc(O)cc1)C(=O)O)CSSCC(NC(=O)C(Cc1ccc(O)cc1)NC(=O)C(CCC(=O)O)NC3=O)C(=O)N2,0,expert,False,False,False,False,dilirank
CCCc1cc(=O)[nH]c(=S)[nH]1,1,expert,False,False,False,False,dilirank
[NH-]C1CCCCC1[NH-],1,expert,False,False,False,False,dilirank
OCC(O)C(O)C(O)C(O)CO,0,expert,False,False,False,False,dilirank
CC1(C)SC2C(NC(=O)C(N)c3ccc(O)cc3)C(=O)N2C1C(=O)O,1,expert,False,False,False,False,dilirank
OCCOCCN1CCN(C(c2ccccc2)c2ccc(Cl)cc2)CC1,0,expert,False,False,False,False,dilirank
O=P([O-])(O)C(Sc1ccc(Cl)cc1)P(=O)([O-])O,0,expert,False,False,False,False,dilirank
CCCC(C)(COC(N)=O)COC(N)=O,0,expert,False,False,False,False,dilirank
CCc1cc(C(N)=S)ccn1,1,expert,False,False,False,False,dilirank
CC(C)(C)NCC(O)c1cc(O)cc(O)c1,1,expert,False,False,False,False,dilirank
CC[N+](C)(C)c1cccc(O)c1,0,expert,False,False,False,False,dilirank
C#CCN(C)C(C)Cc1ccccc1,0,expert,False,False,False,False,dilirank
O=C(O)c1cc2ccccc2c(Cc2c(O)c(C(=O)O)cc3ccccc23)c1O,0,expert,False,False,False,False,dilirank
CCCCCCCCCCCC(=O)OCN1C(=O)CCc2ccc(OCCCCN3CCN(c4cccc(Cl)c4Cl)CC3)cc21,1,expert,False,False,False,False,dilirank
CCN(C(C)=O)c1cccc(-c2ccnc3c(C#N)cnn23)c1,0,expert,False,False,False,False,dilirank
Cc1nc([N+](=O)[O-])cn1-c1ccc([N+](=O)[O-])cc1,1,expert,False,False,False,False,dilirank
NC(=O)OCC(COC(N)=O)c1ccccc1,1,expert,False,False,False,False,dilirank
Nc1nc(Cl)nc2c1ncn2C1CC(O)C(CO)O1,1,expert,False,False,False,False,dilirank
CC(=O)OCC[N+](C)(C)C,0,expert,False,False,False,False,dilirank
O=[N+]([O-])OCC(CO[N+](=O)[O-])O[N+](=O)[O-],0,expert,False,False,False,False,dilirank
O=C(NCC1CCCCN1)c1cc(OCC(F)(F)F)ccc1OCC(F)(F)F,1,expert,False,False,False,False,dilirank
CC(=O)Nc1ccc(O)cc1,1,expert,False,False,False,False,dilirank
CCOC(=O)c1ncn2c1CN(C)C(=O)c1cc(F)ccc1-2,0,expert,False,False,False,False,dilirank
NC(=O)c1cnccn1,1,expert,False,False,False,False,dilirank
CSCCC(NC(=O)C(CO)NC(=O)C(Cc1ccc(O)cc1)NC(=O)C(N)CO)C(=O)NC(CCC(=O)O)C(=O)NC(Cc1cnc[nH]1)C(=O)NC(Cc1ccccc1)C(=O)NC(CCCNC(=N)N)C(=O)NC(Cc1c[nH]c2ccccc12)C(=O)NCC(=O)NC(CCCCN)C(=O)N1CCCC1C(=O)NC(C(=O)NCC(=O)NC(CCCCN)C(=O)NC(CCCCN)C(=O)NC(CCCNC(=N)N)C(=O)NC(CCCNC(=N)N)C(=O)N1CCCC1C(=O)NC(C(=O)NC(CCCCN)C(=O)NC(C(=O)NC(Cc1ccc(O)cc1)C(=O)N1CCCC1C(=O)NC(CC(N)=O)C(=O)NCC(=O)NC(C)C(=O)NC(CCC(=O)O)C(=O)NC(CC(=O)O)C(=O)NC(CCC(=O)O)C(=O)NC(CO)C(=O)NC(C)C(=O)NC(CCC(=O)O)C(=O)NC(C)C(=O)NC(Cc1ccccc1)C(=O)N1CCCC1C(=O)NC(CC(C)C)C(=O)NC(CCC(=O)O)C(=O)NC(Cc1ccccc1)C(=O)O)C(C)C)C(C)C)C(C)C,0,expert,False,False,False,False,dilirank
CN1CCCC(CN2c3ccccc3Sc3ccccc32)C1,1,expert,False,False,False,False,dilirank
O=C(c1cc(Cc2n[nH]c(=O)c3ccccc23)ccc1F)N1CCN(C(=O)C2CC2)CC1,1,expert,False,False,False,False,dilirank
CN(C)CCC(c1ccc(Cl)cc1)c1ccccn1,0,expert,False,False,False,False,dilirank
CC(C)NCC(O)c1cc(O)cc(O)c1,0,expert,False,False,False,False,dilirank
O=C(NCC(O)CO)c1c(I)c(C(=O)NCC(O)CO)c(I)c(N(CCO)C(=O)CO)c1I,0,expert,False,False,False,False,dilirank
C[N+]1(C)CCC(OC(=O)C(O)(c2ccccc2)C2CCCC2)C1,0,expert,False,False,False,False,dilirank
Cc1c(C)c2c(c(C)c1O)CCC(C)(CCCC(C)CCCC(C)CCCC(C)C)O2,0,expert,False,False,False,False,dilirank
NCC1(CC(=O)O)CCCCC1,1,expert,False,False,False,False,dilirank
COc1ccc2c3c1OC1C(=O)CCC4(O)C(C2)N(C)CCC314,1,expert,False,False,False,False,dilirank
CC(=O)NCCCS(=O)(=O)[O-],1,expert,False,False,False,False,dilirank
NCC(CC(=O)O)c1ccc(Cl)cc1,1,expert,False,False,False,False,dilirank
CC(C)Cc1ccc(CC(=O)O)cc1,1,expert,False,False,False,False,dilirank
NC(Cc1ccc(N(CCCl)CCCl)cc1)C(=O)O,1,expert,False,False,False,False,dilirank
O=C(O)c1ccc2nc(-c3cc(Cl)cc(Cl)c3)oc2c1,0,expert,False,False,False,False,dilirank
CCCC(=O)OCOC(=O)C1=C(C)NC(C)=C(C(=O)OC)C1c1cccc(Cl)c1Cl,0,expert,False,False,False,False,dilirank
COc1c2occc2cc2ccc(=O)oc12,1,expert,False,False,False,False,dilirank
OCCOc1ccc(C(=C(CCCl)c2ccccc2)c2ccccc2)cc1,0,expert,False,False,False,False,dilirank
CCOC1OC(=O)CC1NC(=O)C1CCCN2C(=O)CCC(NC(=O)c3nccc4ccccc34)C(=O)N12,1,expert,False,False,False,False,dilirank
CCC(CO)NCCNC(CC)CO,1,expert,False,False,False,False,dilirank
N#CC1CC2CC2N1C(=O)C(N)C12CC3CC(CC(O)(C3)C1)C2,1,expert,False,False,False,False,dilirank
Nc1nc2c(c(=O)[nH]1)NC1C(N2)OC2COP(=O)(O)OC2C1(O)O,0,expert,False,False,False,False,dilirank
CCOC(=O)C1=CC(OC(CC)CC)C(NC(C)=O)C(N)C1,1,expert,False,False,False,False,dilirank
NC1CC1c1ccccc1,1,expert,False,False,False,False,dilirank
CC(=O)NC(CSSCC(N)C(=O)O)C(=O)NC(C)C(=O)NC(CCCN=C(N)N)C(=O)NC(CCCN=C(N)N)C(=O)NC(CCCN=C(N)N)C(=O)NC(C)C(=O)NC(CCCN=C(N)N)C(N)=O,0,expert,False,False,False,False,dilirank
O=C1C2C3CCC(C3)C2C(=O)N1CC1CCCCC1CN1CCN(c2nsc3ccccc23)CC1,0,expert,False,False,False,False,dilirank
C[N+](C)(C)CCO,0,expert,False,False,False,False,dilirank
CC1COc2c(N3CCN(C)CC3)c(F)cc3c(=O)c(C(=O)O)cn1c23,1,expert,False,False,False,False,dilirank
CN(C)CCC=C1c2ccccc2CCc2ccccc21,1,expert,False,False,False,False,dilirank
CCC(C(C)O)n1ncn(-c2ccc(N3CCN(c4ccc(OCC5COC(Cn6cncn6)(c6ccc(F)cc6F)C5)cc4)CC3)cc2)c1=O,1,expert,False,False,False,False,dilirank
NC1C2CN(c3nc4c(cc3F)c(=O)c(C(=O)O)cn4-c3ccc(F)cc3F)CC12,1,expert,False,False,False,False,dilirank
O=C(O)c1cc(-c2ccc(F)cc2F)ccc1O,1,expert,False,False,False,False,dilirank
CCN(CC)C(=O)C1(c2ccccc2)CC1CN,1,expert,False,False,False,False,dilirank
CCC(C)C1NC(=O)C(Cc2ccc(O)cc2)NC(=O)C(N)CSSCC(C(=O)N2CCCC2C(=O)NC(CC(C)C)C(=O)NCC(N)=O)NC(=O)C(CC(N)=O)NC(=O)C(C(C)O)NC1=O,0,expert,False,False,False,False,dilirank
CCCC(CCC)C(=O)O,1,expert,False,False,False,False,dilirank
CC(=O)OCC(=O)C1(O)CCC2C3CCC4=CC(=O)CCC4(C)C3(F)C(O)CC21C,0,expert,False,False,False,False,dilirank
O=C1C(CCC(O)c2ccc(F)cc2)C(c2ccc(O)cc2)N1c1ccc(F)cc1,1,expert,False,False,False,False,dilirank
C=CCN1CCC23c4c5ccc(O)c4OC2C(=O)CCC3(O)C1C5,0,expert,False,False,False,False,dilirank
CCN(CC)CCOc1ccc(C(=C(Cl)c2ccccc2)c2ccccc2)cc1,1,expert,False,False,False,False,dilirank
CCC1OC(=O)C(C)C(OC2CC(C)(OC)C(O)C(C)O2)C(C)C(OC2OC(C)CC(N(C)C)C2O)C(C)(OC)CC(C)C(=O)C(C)C(O)C1(C)O,1,expert,False,False,False,False,dilirank
O=c1[nH]c2ccccc2n1C1CCN(CCCC(c2ccc(F)cc2)c2ccc(F)cc2)CC1,0,expert,False,False,False,False,dilirank
CCC(C)(C)C(=O)OC1CC(C)C=C2C=CC(C)C(CCC3CC(O)CC(=O)O3)C21,1,expert,False,False,False,False,dilirank
Cc1cc(C)cc(OCC2CNC(=O)O2)c1,1,expert,False,False,False,False,dilirank
Cn1c(=O)c2[nH]c(Br)nc2n(C)c1=O,0,expert,False,False,False,False,dilirank
Nc1c(CC(=O)[O-])cccc1C(=O)c1ccc(Br)cc1,1,expert,False,False,False,False,dilirank
Cc1ccc(Nc2c(F)cccc2Cl)c(CC(=O)O)c1,1,expert,False,False,False,False,dilirank
CNC(C)C(O)c1ccccc1,0,expert,False,False,False,False,dilirank
C=CC1=C(C(=O)O)N2C(=O)C(NC(=O)C(=NO)c3csc(N)n3)C2SC1,1,expert,False,False,False,False,dilirank
O=C(O)COC(=O)Cc1ccccc1Nc1c(Cl)cccc1Cl,1,expert,False,False,False,False,dilirank
NC(=O)NC(CCC(=O)O)C(=O)O,0,expert,False,False,False,False,dilirank
COC(=O)C1CC2=CC(=O)CCC2(C)C23OC2CC2(C)C(CCC24CCC(=O)O4)C13,1,expert,False,False,False,False,dilirank
[Cl][Pt][Cl],1,expert,False,False,False,False,dilirank
Cc1ccc(C(=CCN2CCCC2)c2ccccn2)cc1,0,expert,False,False,False,False,dilirank
CCCCC(F)(F)C1(O)CCC2C(CC(=O)C2CCCCCCC(=O)O)O1,0,expert,False,False,False,False,dilirank
COC12C(COC(N)=O)C3=C(C(=O)C(C)=C(N)C3=O)N1CC1NC12,1,expert,False,False,False,False,dilirank
CC1=NN(c2ccccc2)C(=O)C1,0,expert,False,False,False,False,dilirank
CCOC(Nc1ccc(C(=O)O)cc1)C(=O)c1ccc(-c2ccccc2)cc1,1,expert,False,False,False,False,dilirank
CCCC1CC(C(=O)NC(C(C)Cl)C2OC(SC)C(OP(=O)(O)O)C(O)C2O)N(C)C1,1,expert,False,False,False,False,dilirank
Nc1ccn(C2OC(CO)C(O)C2(F)F)c(=O)n1,1,expert,False,False,False,False,dilirank
CC(CCc1ccccc1)NCC(O)c1ccc(O)c(C(N)=O)c1,1,expert,False,False,False,False,dilirank
CNCCCC1c2ccccc2C=Cc2ccccc21,0,expert,False,False,False,False,dilirank
Cc1ccc(C(=O)c2cc(O)c(O)c([N+](=O)[O-])c2)cc1,1,expert,False,False,False,False,dilirank
c1ccc2[nH]c(-c3cscn3)nc2c1,1,expert,False,False,False,False,dilirank
C=CCN1CC(C(=O)N(CCCN(C)C)C(=O)NCC)CC2c3cccc4[nH]cc(c34)CC21,0,expert,False,False,False,False,dilirank
CNC(=O)c1cc(Oc2ccc(NC(=O)Nc3ccc(Cl)c(C(F)(F)F)c3)cc2)ccn1,1,expert,False,False,False,False,dilirank
CNC(=O)c1cnn(-c2nc(N)c3ncn(C4OC(CO)C(O)C4O)c3n2)c1,0,expert,False,False,False,False,dilirank
CC(O)C(=O)[O-],0,expert,False,False,False,False,dilirank
CC1c2cccc(O)c2C(O)=C2C(=O)C3(O)C(O)=C(C(N)=O)C(=O)C(N(C)C)C3C(O)C21,1,expert,False,False,False,False,dilirank
CC(C)NNC(=O)c1ccncc1,1,expert,False,False,False,False,dilirank
CCOC(=O)c1cncn1C(C)c1ccccc1,0,expert,False,False,False,False,dilirank
Nc1ncnc2c1ncn2C1OC(CO)C(O)C1O,0,expert,False,False,False,False,dilirank
O=C(O)CCC(NC(=O)NC(CCCCNC(=O)c1ccc(F)nc1)C(=O)O)C(=O)O,0,expert,False,False,False,False,dilirank
CCc1oc2ccccc2c1C(=O)c1cc(I)c(O)c(I)c1,1,expert,False,False,False,False,dilirank
CC(NC(C)(C)C)C(=O)c1cccc(Cl)c1,1,expert,False,False,False,False,dilirank
CC(=O)C1CCC2C3CCC4=CC(=O)CCC4(C)C3CCC12C,1,expert,False,False,False,False,dilirank
O=C(O)c1cccnc1,1,expert,False,False,False,False,dilirank
CN=C(NC#N)NCCSCc1nc[nH]c1C,1,expert,False,False,False,False,dilirank
Cn1c(CCCC(=O)O)nc2cc(N(CCCl)CCCl)ccc21,0,expert,False,False,False,False,dilirank
CNC(C)Cc1ccccc1,0,expert,False,False,False,False,dilirank
NC(=O)N1c2ccccc2CC(=O)c2ccccc21,1,expert,False,False,False,False,dilirank
CON(C)Cc1ccc(O)c2c1CC1CC3C(N(C)C)C(=O)C(C(N)=O)=C(O)C3(O)C(=O)C1=C2O,0,expert,False,False,False,False,dilirank
C=CCOc1ccc(CC(=O)O)cc1Cl,1,expert,False,False,False,False,dilirank
Cc1cccc(C)c1NC(=O)C1CCCCN1C,1,expert,False,False,False,False,dilirank
COc1ccccc1OCC(O)CO,0,expert,False,False,False,False,dilirank
CCC(C(N)=O)N1CCCC1=O,1,expert,False,False,False,False,dilirank
NCCNCCNCCNCCN,1,expert,False,False,False,False,dilirank
CON=C(C(=O)NC1C(=O)N2C(C(=O)OCOC(=O)C(C)(C)C)=C(C=Cc3scnc3C)CSC12)c1csc(N)n1,1,expert,False,False,False,False,dilirank
Nc1ccc(O)c(C(=O)O)c1,1,expert,False,False,False,False,dilirank
CC(C[N+](C)(C)C)OC(N)=O,0,expert,False,False,False,False,dilirank
CC(=O)C1CCC2C3CCC4CC(O)CCC4(C)C3CCC12C,0,expert,False,False,False,False,dilirank
CN(C)CCCN1c2ccccc2CCc2ccc(Cl)cc21,1,expert,False,False,False,False,dilirank
COC(=O)c1ccc2c(C(=Nc3ccc(N(C)C(=O)CN4CCN(C)CC4)cc3)c3ccccc3)c(O)[nH]c2c1,1,expert,False,False,False,False,dilirank
CC1C(c2ccccc2)OCCN1C,0,expert,False,False,False,False,dilirank
CN(C)CCOC(c1ccccc1)c1ccccc1,0,expert,False,False,False,False,dilirank
CC(N)C(=O)NC(C)C(=O)NC1C2CN(c3nc4c(cc3F)c(=O)c(C(=O)O)cn4-c3ccc(F)cc3F)CC21,1,expert,False,False,False,False,dilirank
CC(O)C1C(=O)N2C(C(=O)O)=C(SC3CNC(C(=O)N(C)C)C3)C(C)C12,1,expert,False,False,False,False,dilirank
O=C1NC(=O)C(c2ccccc2)(c2ccccc2)N1,1,expert,False,False,False,False,dilirank
O=C(NC(CO)C(O)c1ccc([N+](=O)[O-])cc1)C(Cl)Cl,0,expert,False,False,False,False,dilirank
OCC1OC(O)C(O)C(O)C1O,0,expert,False,False,False,False,dilirank
CC1(C)CCC(CN2CCN(c3ccc(C(=O)NS(=O)(=O)c4ccc(NCC5CCOCC5)c([N+](=O)[O-])c4)c(Oc4cnc5[nH]ccc5c4)c3)CC2)=C(c2ccc(Cl)cc2)C1,1,expert,False,False,False,False,dilirank
CCOC(=O)CNC(C(=O)N1CCC1C(=O)NCc1ccc(C(N)=NO)cc1)C1CCCCC1,1,expert,False,False,False,False,dilirank
O=C1Cc2cc(CCN3CCN(c4nsc5ccccc45)CC3)c(Cl)cc2N1,1,expert,False,False,False,False,dilirank
CCC(=C(c1ccccc1)c1ccc(OCCN(C)C)cc1)c1ccccc1,1,expert,False,False,False,False,dilirank
NCC1OC(OC2C(CO)OC(OC3C(O)C(N)CC(N)C3OC3OC(CO)C(O)C(O)C3N)C2O)C(N)C(O)C1O,0,expert,False,False,False,False,dilirank
Nc1ccc(C(=O)O)c(O)c1,1,expert,False,False,False,False,dilirank
CN(CC=CC#CC(C)(C)C)Cc1cccc2ccccc12,1,expert,False,False,False,False,dilirank
NC(=O)C1CSSCCC(=O)NC(CCCCN=C(N)N)C(=O)NCC(=O)NC(CC(=O)O)C(=O)NC(Cc2c[nH]c3ccccc23)C(=O)N2CCCC2C(=O)N1,0,expert,False,False,False,False,dilirank
CNC(=O)c1c(I)c(NC(C)=O)c(I)c(C(=O)O)c1I,0,expert,False,False,False,False,dilirank
CC(C(=O)[O-])c1ccc(-c2ccccc2)c(F)c1,1,expert,False,False,False,False,dilirank
CCCc1nc(C(C)(C)O)c(C(=O)OCc2oc(=O)oc2C)n1Cc1ccc(-c2ccccc2-c2nn[nH]n2)cc1,1,expert,False,False,False,False,dilirank
CC(C)(C)NCC(O)c1ccc(O)c(CO)c1,0,expert,False,False,False,False,dilirank
CCN(CC)CCNC(=O)c1ccc(N)cc1,1,expert,False,False,False,False,dilirank
NC(Cc1cc(I)c(Oc2cc(I)c(O)c(I)c2)c(I)c1)C(=O)[O-],1,expert,False,False,False,False,dilirank
CCC(C)C1NC(=O)C(CCCNC(=N)N)NC(=O)C(CC(=O)O)NC(=O)C(CC(C)C)NC(=O)C(CCCCN)NC(=O)C(CC(C)C)NC(=O)CNC(=O)C(Cc2ccccc2)NC(=O)C(NC(=O)CNC(=O)C(CCCCN)NC(=O)C(CO)NC(=O)C(CC(C)C)NC(=O)CNC(=O)C(CCCCN)NC(=O)C(CCCCN)NC(=O)C(CC(N)=O)NC(=O)C(C)NC(=O)CNC(=O)C(CCCCN)NC(=O)C(Cc2ccc(O)cc2)NC(=O)C(CCCCN)NC(=O)C(CCCNC(=N)N)NC(=O)C(C)NC(=O)C(CC(N)=O)NC(=O)C2CCCN2C(=O)C(Cc2cnc[nH]2)NC(=O)C(CCC(=O)O)NC(=O)C(CCC(N)=O)NC(=O)CNC(=O)C2CCCN2)CSSCC(C(=O)O)NC(=O)CNC(=O)C(CC(C)C)NC(=O)CNC(=O)C(CO)NC(=O)C(CCSC)NC(=O)C(CO)NC(=O)CNC1=O,0,expert,False,False,False,False,dilirank
NC(N)=NCCCC(N)C(=O)O,0,expert,False,False,False,False,dilirank
CCS(=O)(=O)CCn1c([N+](=O)[O-])cnc1C,1,expert,False,False,False,False,dilirank
CC12C=CC(=O)C=C1CCC1C2C(=O)CC2(C)C1CCC2(O)C(=O)CO,1,expert,False,False,False,False,dilirank
CCCCc1oc2ccccc2c1C(=O)c1cc(I)c(OCCN(CC)CC)c(I)c1,1,expert,False,False,False,False,dilirank
CC(=O)Nc1c(I)c(NC(C)=O)c(I)c(C(=O)[O-])c1I,0,expert,False,False,False,False,dilirank
C=C1CCC(O)CC1=CC=C1CCCC2(C)C1CCC2C(C)C=CC(C)C(C)C,0,expert,False,False,False,False,dilirank
Nc1nc(=S)c2[nH]cnc2[nH]1,1,expert,False,False,False,False,dilirank
CNC(=O)c1ccc(N2C(=S)N(c3cnc(C#N)c(C(F)(F)F)c3)C(=O)C23CCC3)cc1F,0,expert,False,False,False,False,dilirank
NC(Cc1cc(I)c(Oc2ccc(O)c(I)c2)c(I)c1)C(=O)[O-],0,expert,False,False,False,False,dilirank
CN(C)C(=O)C(CCN1CCC(O)(c2ccc(Cl)cc2)CC1)(c1ccccc1)c1ccccc1,0,expert,False,False,False,False,dilirank
CC(=O)Oc1ccccc1C(=O)O,1,expert,False,False,False,False,dilirank
CC(N)C(=O)OC(C)(C)Cc1ccc(Cl)cc1,1,expert,False,False,False,False,dilirank
CC(C)CC(CN)CC(=O)O,1,expert,False,False,False,False,dilirank
Cc1ccc(C(=O)c2ccc(CC(=O)[O-])n2C)cc1,1,expert,False,False,False,False,dilirank
CNC(CC(C)C)C(=O)NC1C(=O)NC(CC(N)=O)C(=O)NC2C(=O)NC3C(=O)NC(C(=O)NC(C(=O)O)c4cc(O)cc(O)c4-c4cc3ccc4O)C(O)c3ccc(c(Cl)c3)Oc3cc2cc(c3OC2OC(CO)C(O)C(O)C2OC2CC(C)(N)C(O)C(C)O2)Oc2ccc(cc2Cl)C1O,1,expert,False,False,False,False,dilirank
Nc1nc2c(c(=O)[nH]1)N(C=O)C(CNc1ccc(C(=O)NC(CCC(=O)[O-])C(=O)[O-])cc1)CN2,0,expert,False,False,False,False,dilirank
Nc1nc(F)nc2c1ncn2C1OC(COP(=O)(O)O)C(O)C1O,0,expert,False,False,False,False,dilirank
CCC(Nc1ncnc2nc[nH]c12)c1nc2cccc(F)c2c(=O)n1-c1ccccc1,1,expert,False,False,False,False,dilirank
O=C1CCC(N2C(=O)c3ccccc3C2=O)C(=O)N1,1,expert,False,False,False,False,dilirank
CCCCCCC(=O)OCC(COC(=O)CCCCCC)OC(=O)CCCCCC,0,expert,False,False,False,False,dilirank
CC(O)C(NC(=O)C1CSSCC(NC(=O)C(Cc2ccccc2)NC(=O)CN2CCN(CC(=O)[O-])CCN(CC(=O)[O-])CCN(CC(=O)[O-])CC2)C(=O)NC(Cc2ccc(O)cc2)C(=O)NC(Cc2c[nH]c3ccccc23)C(=O)NC(CCCCN)C(=O)NC(C(C)O)C(=O)N1)C(=O)O,0,expert,False,False,False,False,dilirank
CC(=O)Oc1ccccc1C(=O)Nc1ncc([N+](=O)[O-])s1,0,expert,False,False,False,False,dilirank
CC(NCc1ccc(OCc2cccc(F)c2)cc1)C(N)=O,0,expert,False,False,False,False,dilirank
CNCCC(Oc1ccc(C(F)(F)F)cc1)c1ccccc1,1,expert,False,False,False,False,dilirank
CCC(C)C(NC(=O)C(Cc1ccc(O)cc1)NC(=O)C(NC(=O)C(CCCN=C(N)N)NC(=O)C(N)CC(=O)O)C(C)C)C(=O)NC(Cc1cnc[nH]1)C(=O)N1CCCC1C(=O)NC(Cc1ccccc1)C(=O)O,0,expert,False,False,False,False,dilirank
COc1ccccc1Oc1c(NS(=O)(=O)c2ccc(C(C)(C)C)cc2)nc(-c2ncccn2)nc1OCCO,1,expert,False,False,False,False,dilirank
CCCC1CC(C(=O)NC(C(C)Cl)C2OC(SC)C(O)C(O)C2O)N(C)C1,1,expert,False,False,False,False,dilirank
CC(N)C12CC3CC(CC(C3)C1)C2,0,expert,False,False,False,False,dilirank
OC(c1cc(C(F)(F)F)nc2c(C(F)(F)F)cccc12)C1CCCCN1,1,expert,False,False,False,False,dilirank
CC(=O)OCC1OC(n2ccc(=O)[nH]c2=O)C(OC(C)=O)C1OC(C)=O,0,expert,False,False,False,False,dilirank
NCCNCCNCCN,0,expert,False,False,False,False,dilirank
Cc1ccc(C)c(OCCCC(C)(C)C(=O)O)c1,1,expert,False,False,False,False,dilirank
CN(C)C(=O)Oc1ccc[n+](C)c1,1,expert,False,False,False,False,dilirank
COc1cccc2c1C(=O)c1c(O)c3c(c(O)c1C2=O)CC(O)(C(C)=O)CC3OC1CC(N)C(O)C(C)O1,0,expert,False,False,False,False,dilirank
CN(C)CCCN1c2ccccc2Sc2ccc(Cl)cc21,1,expert,False,False,False,False,dilirank
CCC(=O)OC1C(OC2C(C)C(OC3CC(C)(OC)C(O)C(C)O3)C(C)C(=O)OC(CC)C(C)(O)C(O)C(C)C(=O)C(C)CC2(C)O)OC(C)CC1N(C)C,1,expert,False,False,False,False,dilirank
CN=C1CN(O)C(c2ccccc2)=c2cc(Cl)ccc2=N1,1,expert,False,False,False,False,dilirank
O=C(COc1ccc(Cl)cc1)N1CCN(Cc2ccc3c(c2)OCO3)CC1,1,expert,False,False,False,False,dilirank
CCC(C)C(NC(=O)C(CCC(=O)O)NC(=O)C(CO)NC(=O)C(NC(=O)C(N)CO)C(C)C)C(=O)NC(CCC(N)=O)C(=O)NC(CC(C)C)C(=O)NC(CCSC)C(=O)NC(Cc1c[nH]cn1)C(=O)NC(CC(N)=O)C(=O)NC(CC(C)C)C(=O)NCC(=O)NC(CCCCN)C(=O)NC(Cc1c[nH]cn1)C(=O)NC(CC(C)C)C(=O)NC(CC(N)=O)C(=O)NC(CO)C(=O)NC(CCSC)C(=O)NC(CCC(=O)O)C(=O)NC(CCCNC(=N)N)C(=O)NC(C(=O)NC(CCC(=O)O)C(=O)NC(Cc1c[nH]c2ccccc12)C(=O)NC(CC(C)C)C(=O)NC(CCCNC(=N)N)C(=O)NC(CCCCN)C(=O)NC(CCCCN)C(=O)NC(CC(C)C)C(=O)NC(CCC(N)=O)C(=O)NC(CC(=O)O)C(=O)NC(C(=O)NC(Cc1c[nH]cn1)C(=O)NC(CC(N)=O)C(=O)NC(Cc1ccccc1)C(=O)O)C(C)C)C(C)C,1,expert,False,False,False,False,dilirank
CNCC(O)c1ccc(O)c(O)c1,0,expert,False,False,False,False,dilirank
CN1CCN(CCCN2c3ccccc3Sc3ccc(C(F)(F)F)cc32)CC1,1,expert,False,False,False,False,dilirank
CC1=C2N=C(C=C3NC(=C(C)C4=NC(C)(C5N=C1C(C)(CCC(=O)NCC(C)OP(=O)(O)OC1C(CO)OC([n+]6c[nH]c7cc(C)c(C)cc76)C1O)C5CC(N)=O)C(C)(CC(N)=O)C4CCC(=N)[O-])C(C)(CC(N)=O)C3CCC(=N)[O-])C(C)(C)C2CCC(=N)[O-],0,expert,False,False,False,False,dilirank
CN1CCC23CCCCC2C1Cc1ccc(O)cc13,0,expert,False,False,False,False,dilirank
O=C(O)COc1nn(Cc2ccccc2)c2ccccc12,1,expert,False,False,False,False,dilirank
CCCCCN(C)CCC(O)(P(=O)([O-])O)P(=O)(O)O,1,expert,False,False,False,False,dilirank
CSCCC(NC(=O)C(Cc1c[nH]c2ccccc12)NC(=O)CCNC(=O)OC(C)(C)C)C(=O)NC(CC(=O)O)C(=O)NC(Cc1ccccc1)C(N)=O,0,expert,False,False,False,False,dilirank
CC(C(=O)[O-])c1cccc(Oc2ccccc2)c1,1,expert,False,False,False,False,dilirank
Cn1c(=O)c2c(ncn2CC(O)CO)n(C)c1=O,0,expert,False,False,False,False,dilirank
CC(O)=C(C#N)C(=O)Nc1ccc(C(F)(F)F)cc1,1,expert,False,False,False,False,dilirank
CC(C)(C)C(=O)OCOP(=O)(COCCn1cnc2c(N)ncnc21)OCOC(=O)C(C)(C)C,1,expert,False,False,False,False,dilirank
CC(C(=O)O)c1cccc(C(=O)c2ccccc2)c1,1,expert,False,False,False,False,dilirank
NCC1OC(OC2C(CO)OC(OC3C(O)C(N)CC(N)C3OC3OC(CN)C(O)C(O)C3N)C2O)C(N)C(O)C1O,0,expert,False,False,False,False,dilirank
O=P1(NCCCl)OCCCN1CCCl,1,expert,False,False,False,False,dilirank
CC=CCC(C)C(O)C1C(=O)NC(CC)C(=O)N(C)CC(=O)N(C)C(CC(C)C)C(=O)NC(C(C)C)C(=O)N(C)C(CC(C)C)C(=O)NC(C)C(=O)NC(C)C(=O)N(C)C(CC(C)C)C(=O)N(C)C(CC(C)C)C(=O)N(C)C(C(C)C)C(=O)N1C,1,expert,False,False,False,False,dilirank
CC(OCC1(c2ccccc2)CCC2(CCC(=O)N2)CN1)c1cc(C(F)(F)F)cc(C(F)(F)F)c1,0,expert,False,False,False,False,dilirank
CCOc1ccccc1OCCNC(C)Cc1ccc(OC)c(S(N)(=O)=O)c1,1,expert,False,False,False,False,dilirank
Cc1ncc(C[n+]2csc(CCO)c2C)c(N)n1,0,expert,False,False,False,False,dilirank
COc1cccc2c1C(=O)c1c(O)c3c(c(O)c1C2=O)CC(O)(C(=O)CO)CC3OC1CC(N)C(O)C(C)O1,1,expert,False,False,False,False,dilirank
NC(Cc1cc(O)c(O)cc1F)C(=O)O,0,expert,False,False,False,False,dilirank
COc1ccnc(CS(=O)c2nc3cc(OC(F)F)ccc3[n-]2)c1OC,1,expert,False,False,False,False,dilirank
C=CC1=C(C(=O)O)N2C(=O)C(NC(=O)C(=NOCC(=O)O)c3csc(N)n3)C2SC1,1,expert,False,False,False,False,dilirank
CCc1oc2ccccc2c1C(=O)c1cc(Br)c(O)c(Br)c1,1,expert,False,False,False,False,dilirank
CCC(C)C(NC(=O)C(Cc1ccccc1)NC(=O)C(CC(C)C)NC(=O)C(CCCNC(=N)N)NC(=O)C(NC(=O)C(C)NC(=O)C(CCC(=O)O)NC(=O)C(CCC(=O)O)NC(=O)C(CCC(=O)O)NC(=O)C(CCSC)NC(=O)C(CCC(N)=O)NC(=O)C(CCCCN)NC(=O)C(CO)NC(=O)C(CC(C)C)NC(=O)C(CC(=O)O)NC(=O)C(CO)NC(=O)C(NC(=O)C(Cc1ccccc1)NC(=O)C(NC(=O)CNC(=O)C(CCC(=O)O)NC(=O)CNC(=O)C(N)Cc1c[nH]cn1)C(C)O)C(C)O)C(C)C)C(=O)NC(CCC(=O)O)C(=O)NC(Cc1c[nH]c2ccccc12)C(=O)NC(CC(C)C)C(=O)NC(CCCCN)C(=O)NC(CC(N)=O)C(=O)NCC(=O)NCC(=O)N1CCCC1C(=O)NC(CO)C(=O)NC(CO)C(=O)NCC(=O)NC(C)C(=O)N1CCCC1C(=O)N1CCCC1C(=O)N1CCCC1C(=O)NC(CO)C(N)=O,0,expert,False,False,False,False,dilirank
CCC(c1cccc(O)c1)C(C)CN(C)C,0,expert,False,False,False,False,dilirank
CCOc1ccc(Nc2ccc(C(=C3C=CC(=[N+](CC)Cc4cccc(S(=O)(=O)[O-])c4)C=C3C)c3ccc(N(CC)Cc4cccc(S(=O)(=O)[O-])c4)cc3C)cc2)cc1,0,expert,False,False,False,False,dilirank
O=NN(CCCl)C(=O)NC1CCCCC1,1,expert,False,False,False,False,dilirank
CCCCCCCCCCCCCCCC(=O)OCC=C(C)C=CC=C(C)C=CC1=C(C)CCCC1(C)C,1,expert,False,False,False,False,dilirank
C=C1C(=CC=C2CCCC3(C)C2CCC3C(C)CCCC(C)(C)O)CC(O)CC1O,0,expert,False,False,False,False,dilirank
CNC(=O)c1ccc(N2C(=S)N(c3ccc(C#N)c(C(F)(F)F)c3)C(=O)C2(C)C)cc1F,0,expert,False,False,False,False,dilirank
NCCCNCCSP(=O)(O)O,0,expert,False,False,False,False,dilirank
CC(C)Cc1ccc(C(C)C(=O)O)cc1,1,expert,False,False,False,False,dilirank
C[N+](C)(C)CC(O)CC(=O)[O-],0,expert,False,False,False,False,dilirank
Cc1nc2n(c(=O)c1CCN1CCC(c3noc4cc(F)ccc34)CC1)CCCC2,1,expert,False,False,False,False,dilirank
NC(=O)NO,1,expert,False,False,False,False,dilirank
Clc1ccccc1C(c1ccccc1)(c1ccccc1)n1ccnc1,1,expert,False,False,False,False,dilirank
CN1CCN(CCCN2c3ccccc3Sc3ccc(Cl)cc32)CC1,1,expert,False,False,False,False,dilirank
CC1OC(OC2C(O)CC(OC3C(O)CC(OC4CCC5(C)C(CCC6C5CC(O)C5(C)C(C7=CC(=O)OC7)CCC65O)C4)OC3C)OC2C)CC(O)C1O,0,expert,False,False,False,False,dilirank
COC(=O)N(C)c1c(N)nc(-c2nn(Cc3ccccc3F)c3ncccc23)nc1N,0,expert,False,False,False,False,dilirank
CN1Cc2c(Cl)cc(Cl)cc2C(c2cccc(S(=O)(=O)NCCOCCOCCNC(=O)NCCCCNC(=O)NCCOCCOCCNS(=O)(=O)c3cccc(C4CN(C)Cc5c(Cl)cc(Cl)cc54)c3)c2)C1,0,expert,False,False,False,False,dilirank
O=C(c1ccc(OCCN2CCCCC2)cc1)c1c(-c2ccc(O)cc2)sc2cc(O)ccc12,1,expert,False,False,False,False,dilirank
CCCS(=O)(=O)Nc1ccc(F)c(C(=O)c2c[nH]c3ncc(-c4ccc(Cl)cc4)cc23)c1F,1,expert,False,False,False,False,dilirank
CCC1(O)CC2CN(CCc3c([nH]c4ccccc34)C(C(=O)OC)(c3cc4c(cc3OC)N(C)C3C(O)(C(=O)OC)C(OC(C)=O)C5(CC)C=CCN6CCC43C65)C2)C1,1,expert,False,False,False,False,dilirank
NCCCC(O)(P(=O)([O-])O)P(=O)(O)O,1,expert,False,False,False,False,dilirank
CC(=O)[O-],0,expert,False,False,False,False,dilirank
CC1(C)SC2C(NC(=O)C(N)c3ccccc3)C(=O)N2C1C(=O)[O-],1,expert,False,False,False,False,dilirank
CCN(C)C(=O)Oc1cccc(C(C)N(C)C)c1,1,expert,False,False,False,False,dilirank
CCOc1ccc(CC(CN(CCN(CC(=O)[O-])CC(=O)[O-])CC(=O)[O-])N(CC(=O)[O-])CC(=O)[O-])cc1,0,expert,False,False,False,False,dilirank
CCCCCCC(C)(C)c1cc(O)c2c(c1)OC(C)(C)C1CCC(=O)CC21,0,expert,False,False,False,False,dilirank
CCCCc1nc(Cl)c(CO)n1Cc1ccc(-c2ccccc2-c2nnn[n-]2)cc1,1,expert,False,False,False,False,dilirank
COCCCOc1ccnc(CS(=O)c2nc3ccccc3[n-]2)c1C,1,expert,False,False,False,False,dilirank
CN1CCN(c2ccc3c(c2)N/C(=C2\C(=O)N=c4cccc(F)c4=C2N)N3)CC1,1,medium,True,False,False,False,external
O=C(C1CCCCC1)N1CC(=O)N2CCc3ccccc3C2C1,0,high,False,True,False,True,external
CCC[C@@]1(CCc2ccccc2)CC(=O)C([C@H](CC)c2cccc([N-]S(=O)(=O)c3ccc(C(F)(F)F)cn3)c2)=C([O-])O1,1,medium,False,False,True,False,external
COc1ccnc(CS(=O)c2nc3ccc(OC(F)F)cc3[nH]2)c1OC,1,medium,False,True,True,False,external
O=c1nc[nH]c2c1ncn2C1CCC(CO)O1,1,medium,False,False,True,False,external
CC(C)(C)NC(=O)N[C@H](C(=O)N1C[C@H]2[C@@H]([C@H]1C(=O)NC(CC1CCC1)C(=O)C(N)=O)C2(C)C)C(C)(C)C,1,medium,False,True,True,False,external
CCC(C)C1(CC)C(=O)NC(=O)NC1=O,1,medium,False,True,True,False,external
O=C1CCC2(O)C3Cc4ccc(O)c5c4C2(CCN3CC2CC2)C1O5,1,medium,False,False,True,False,external
COCCCOc1ccnc(CS(=O)c2nc3ccccc3[nH]2)c1C,1,medium,False,True,True,False,external
Nc1nc(=O)c2ncn(COC(CO)CO)c2[nH]1,1,medium,False,False,True,False,external
CN1CCN(C2=c3ccccc3=Nc3ccc(Cl)cc3N2)CC1,1,medium,False,False,True,False,external
COc1cc2c(Nc3ccc(Br)cc3F)ncnc2cc1OCC1CCN(C)CC1,1,medium,False,False,True,False,external
Cc1cn(C2CC(O)C(CO)O2)c(=O)[nH]c1=O,1,medium,False,False,True,False,external
CC(=O)NO,0,high,False,True,False,True,external
CCCCCCCCCCNCCN[C@@]1(C)C[C@H](O[C@H]2[C@H](Oc3c4cc5cc3Oc3ccc(cc3Cl)[C@@H](O)[C@@H](NC(=O)[C@@H](CC(C)C)NC)C(=O)N[C@@H](CC(N)=O)C(=O)N[C@H]5C(=O)N[C@H]3C(=O)N[C@H](C(=O)N[C@H](C(=O)O)c5cc(O)c(CNCP(=O)(O)O)c(O)c5-c5cc3ccc5O)[C@H](O)c3ccc(c(Cl)c3)O4)O[C@H](CO)[C@@H](O)[C@@H]2O)O[C@@H](C)[C@H]1O,1,medium,False,False,True,False,external
CC(=O)OC(C)C[N+](C)(C)C,0,high,False,True,False,True,external
CC(C)C(N)C(=O)OCCOCn1cnc2c(=O)nc(N)[nH]c21,1,medium,False,False,True,False,external
[N]=O,0,high,False,True,False,True,external
FC(F)OC(F)C(F)(F)F,1,medium,False,True,True,False,external
Nc1nc(C(=CCC(=O)O)C(=O)NC2C(=O)N3C(C(=O)O)=CCSC23)cs1,1,medium,False,False,True,False,external
OCCN(CCO)c1nc(N2CCCCC2)c2nc(N(CCO)CCO)nc(N3CCCCC3)c2n1,1,medium,False,False,True,False,external
CCC1(C)CC(=O)NC1=O,0,high,False,True,False,True,external
[Cl][Zn][Cl],0,high,False,True,False,True,external
O=C(/C=C/c1cccc(S(=O)(=O)Nc2ccccc2)c1)NO,1,high,True,False,True,False,external
O=C(Nc1cnccc1Cl)N1CCN(Cc2ccc3c(c2)OC(F)(F)O3)CC1,1,medium,True,False,False,False,external
C[C@@H]1C[C@H]2[C@@H]3CCC4=CC(=O)C=C[C@]4(C)[C@@]3(F)[C@@H](O)C[C@]2(C)[C@@]1(O)C(=O)CO,1,medium,True,False,False,False,external
COc1cccc2c1C(=O)c1c(O)c3c(c(O)c1C2=O)C[C@@](O)(C(C)=O)C[C@@H]3O[C@H]1C[C@H](N)[C@H](O)[C@H](C)O1,1,medium,True,False,False,False,external
Nc1ncnc2c1ncn2CCOC[P@@]1(=O)OCC[C@@H](c2cccc(Cl)c2)O1,1,medium,True,False,False,False,external
CO[C@@]1(NC(=O)C2SC(=C(C(N)=O)C(=O)O)S2)C(=O)N2C(C(=O)O)=C(CSc3nnnn3C)CSC21,1,medium,False,False,True,False,external
CC(C(=O)O)c1ccc(-c2ccccc2)c(F)c1,1,medium,False,False,True,False,external
O=C1CCCC(=O)C1C(=O)c1ccc(C(F)(F)F)cc1[N+](=O)[O-],1,medium,False,False,True,False,external
COc1nc(N)nc2c1ncn2[C@@H]1O[C@H](CO)[C@@H](O)[C@H]1O,1,medium,False,False,True,False,external
Oc1ccc(O)cc1,0,high,False,True,False,True,external
Cc1nnc2n1-c1ccc(Cl)cc1C(c1ccccc1Cl)=NC2,1,medium,False,True,True,False,external
CC(CCC(=O)O)C1CCC2C3C(O)CC4CC(O)CCC4(C)C3CC(O)C12C,1,medium,False,False,True,False,external
CCNC(=O)[C@@H]1CCCN1C(=O)[C@H](CCCN=C(N)N)NC(=O)[C@H](CC(C)C)NC(=O)[C@@H](CC(C)C)NC(=O)[C@H](Cc1ccc(O)cc1)NC(=O)[C@H](CO)NC(=O)[C@H](Cc1c[nH]c2ccccc12)NC(=O)[C@H](CC1C=NC=N1)NC(=O)[C@@H]1CCC(=O)N1,1,medium,False,False,True,False,external
O=S(=O)(O)CCS,1,medium,False,False,True,False,external
CNC(=O)c1ccccc1Sc1ccc2c(C=Cc3ccccn3)n[nH]c2c1,1,medium,False,False,True,False,external
CNC(C)C1CCC(N)C(OC2C(N)CC(N)C(OC3OCC(C)(O)C(NC)C3O)C2O)O1,1,medium,False,False,True,False,external
O=C(O)c1ccccc1O,1,medium,False,False,True,False,external
O=C(O)CCCO,1,medium,False,False,True,False,external
CC(C)C[C@@H](CN)CC(=O)O,1,medium,False,False,True,False,external
COCC1=C(C(=O)O)N2C(=O)C(NC(=O)C(=NOC)c3csc(N)n3)C2SC1,1,medium,False,False,True,False,external
O=C1[C@H](CC[C@H](O)c2ccc(F)cc2)[C@@H](c2ccc(O)cc2)N1c1ccc(F)cc1,1,medium,False,True,True,False,external
CCOP(=O)(OCC)SCC[N+](C)(C)C,0,high,False,True,False,True,external
CCCCCC(O)C=CC1C(O)CC2OC(=CCCCC(=O)O)CC21,1,medium,False,False,True,False,external
CCOC(=O)Nc1ccc(NCc2ccc(F)cc2)cc1N,1,medium,False,True,True,False,external
CCC1=CC2CN(C1)Cc1c([nH]c3ccccc13)C(C(=O)OC)(c1cc3c(cc1OC)N(C)C1C(O)(C(=O)OC)C(OC(C)=O)C4(CC)C=CCN5CCC31C54)C2,1,medium,False,False,True,False,external
Oc1ccc2c(c1)CC[C@H](c1ccccc1)[C@@H]2c1ccc(OCCN2CCCC2)cc1,1,medium,False,False,True,False,external
CN(C)N/N=C1/N=CN=C1C(N)=O,1,medium,True,False,False,False,external
CN1CCN2c3ccccc3Cc3ccccc3C2C1,1,medium,False,False,True,False,external
CC(C)[C@@]1(C(=O)N[C@H]2CC(=O)O[C@]2(O)CF)CC(c2nccc3ccccc23)=NO1,1,medium,True,False,False,False,external
CC12CCC3c4ccc(O)cc4CCC3C1CC(O)C2O,1,medium,False,False,True,False,external
CCC(C)CC(C)CCCCCCCCC(=O)N[C@H]1C[C@H](O)[C@@H](NCCN)NC(=O)C2[C@@H](O)CCN2C(=O)[C@H]([C@H](O)CCN)NC(=O)[C@H]([C@H](O)[C@@H](O)c2ccc(O)cc2)NC(=O)[C@@H]2C[C@@H](O)CN2C(=O)[C@H]([C@@H](C)O)NC1=O,1,medium,False,False,True,False,external
Clc1ccc(Nc2nnc(Cc3ccncc3)c3ccccc23)cc1,1,medium,True,False,False,False,external
CC(=O)N[C@H](Cc1ccc2ccccc2c1)C(=O)N[C@H](Cc1ccc(Cl)cc1)C(=O)N[C@H](Cc1cccnc1)C(=O)N[C@@H](CO)C(=O)N[C@@H](Cc1ccc(NC(=O)[C@@H]2CC(=O)NC(=O)N2)cc1)C(=O)N[C@H](Cc1ccc(NC(N)=O)cc1)C(=O)N[C@@H](CC(C)C)C(=O)N[C@@H](CCCCNC(C)C)C(=O)N1CCC[C@H]1C(=O)N[C@H](C)C(N)=O,1,medium,False,False,True,False,external
O=S(=O)([O-])[O-],0,high,False,True,False,True,external
CCC[C@H](N[C@H](C)C(=O)N1[C@H](C(=O)O)C[C@@H]2CCCC[C@@H]21)C(=O)OCC,1,medium,False,False,True,False,external
FC(F)OC(Cl)C(F)(F)F,1,medium,False,True,True,False,external
CC(C)C[C@@H](NC(=O)[C@@H](Cc1ccccc1)NC(=O)c1cnccn1)B(O)O,1,medium,False,False,True,False,external
Cc1cn[nH]c1,0,high,False,True,False,True,external
CCCCNc1cc(C(=O)O)cc(S(N)(=O)=O)c1Oc1ccccc1,1,medium,False,False,True,False,external
CC(=O)[C@@]1(O)CC[C@H]2[C@@H]3C=C(C)C4=CC(=O)CC[C@]4(C)[C@H]3CC[C@@]21C,1,medium,False,False,True,False,external
CC(=O)OC1CC2(C)C(CC(O)C3C4(C)CCC(O)C(C)C4CCC32C)C1=C(CCC=C(C)C)C(=O)O,1,medium,False,False,True,False,external
CC(N)C(O)c1ccccc1,1,medium,False,False,True,False,external
C[C@]12CC[C@H]3[C@@H](CCC4=CC(=O)CC[C@@H]43)[C@@H]1CC[C@@H]2O,1,medium,False,False,True,False,external
COc1c(C)c2c(c(O)c1CC=C(C)CCC(=O)O)C(=O)OC2,1,medium,False,False,True,False,external
CC(C)OC(=O)OCOP(=O)(CO[C@@H](C)Cn1cnc2c(N)ncnc21)OCOC(=O)OC(C)C,1,medium,False,False,True,False,external
CC(=O)CC(c1ccccc1)c1c([O-])oc2ccccc2c1=O,1,medium,False,False,True,False,external
C=C1[C@H](CO)[C@@H](O)C[C@@H]1n1cnc2c(=O)nc(N)[nH]c21,1,medium,False,False,True,False,external
O=C1[C@@H]2[C@H]3CC[C@H](C3)[C@@H]2C(=O)N1C[C@@H]1CCCC[C@H]1CN1CCN(c2nsc3ccccc23)CC1,1,medium,False,False,True,False,external
CC(CN(C)C)CN1c2ccccc2CCc2ccccc21,1,medium,False,False,True,False,external
Cn1cnc([N+](=O)[O-])c1C[N+](C)(C)C/C=C/C(=O)Nc1cc2c(Nc3ccc(Cl)c(Br)c3)ncnc2cn1,1,medium,True,False,False,False,external
CC(CN(C)C)CN1c2ccccc2Sc2ccccc21,1,medium,False,False,True,False,external
Nc1nc(N)c2nc(CNc3ccc(C(=O)N[C@@H](CCCNC(=O)c4ccccc4C(=O)O)C(=O)O)cc3)cnc2n1,1,medium,True,False,False,False,external
CC(=O)Nc1sc(S(N)(=O)=O)n[n+]1C,1,medium,False,False,True,False,external
C=C1CCC2(O)C3Cc4ccc(O)c5c4C2(CCN3CC2CC2)C1O5,1,medium,False,False,True,False,external
CC1OC(C)OC(C)O1,1,medium,False,False,True,False,external
COc1ccc2c3c1OC1C(O)CCC4C(C2)N(C)CCC341,1,medium,False,False,True,False,external
CO[C@@]12[C@H](COC(N)=O)C3=C(C(=O)C(C)=C(N)C3=O)N1C[C@@H]1N[C@@H]12,1,medium,True,False,False,True,external
O=C(O)C1(C(=O)O)CCC1,1,high,True,False,True,False,external
Cc1ccc(S(=O)(=O)NC(=O)NN2CC3CCCC3C2)cc1,1,medium,False,False,True,False,external
CCc1ccc(C(C)CCc2ccc([N+](C)(C)C)cc2)cc1,1,medium,False,False,True,False,external
CCC1OC(=O)C(C)C(OC2CC(C)(OC)C(O)C(C)O2)C(C)C(OC2OC(C)CC(N(C)C)C2O)C(C)(O)CC(C)C(=O)C(C)C(O)C1(C)O,1,medium,False,False,True,False,external
O=C(c1ccc2nonc2c1)N1CCCCC1,1,medium,True,False,False,False,external
COC(c1ccccc1)(c1ccccc1)C(Oc1nc(C)cc(C)n1)C(=O)O,1,medium,False,False,True,False,external
Nc1ncn(C2CC(O)C(CO)O2)c(=O)n1,1,medium,False,False,True,False,external
CN(C)[C@@H]1C(=O)C(C(=O)NCNCCCC[C@H](N)C(=O)O)=C(O)[C@@]2(O)C(=O)C3=C(O)c4c(O)cccc4[C@@](C)(O)C3C[C@@H]12,1,medium,False,False,True,False,external
CC(C)CN(CC(O)C(Cc1ccccc1)NC(=O)OC1CCOC1)S(=O)(=O)c1ccc(N)cc1,1,medium,False,False,True,False,external
CCNC1CC(C)S(=O)(=O)c2sc(S(N)(=O)=O)cc21,1,medium,False,False,True,False,external
COC(=O)C1=C(C)NC(C)=C(C(=O)OCC[NH+](C)Cc2ccccc2)C1c1cccc([N+](=O)[O-])c1,0,high,False,True,False,True,external
CCC1=C[C@@H]2CN(C1)Cc1c([nH]c3ccccc13)[C@@](C(=O)OC)(c1cc3c(cc1OC)N(C)[C@H]1[C@@](O)(C(=O)OC)[C@H](OC(C)=O)[C@]4(CC)C=CCN5CC[C@]31[C@@H]54)C2,1,medium,True,False,False,False,external
CC(=O)OCC1OC([SH2+])C(OC(C)=O)C(OC(C)=O)C1OC(C)=O,1,medium,False,False,True,False,external
Nc1nc(=O)c2ncn(COCCO)c2[nH]1,1,medium,False,True,True,False,external
CCCCCC(O)C=CC1C(O)CC(=O)C1CCCCCCC(=O)O,1,medium,False,False,True,False,external
NCCCC(N)CC(=O)NCC1NC(=O)C(CO)NC(=O)C(N)CNC(=O)C(C2CCN=C(N)N2)NC(=O)C(=CNC(N)=O)NC1=O,1,medium,False,False,True,False,external
CC12CCC3c4ccc(O)cc4CCC3C1CCC2O,1,medium,False,False,True,False,external
COc1cc(NCc2ccc3nc(N)nc(N)c3c2C)cc(OC)c1OC,1,medium,False,True,True,False,external
CC[C@]12C=CCN3CC[C@@]4(c5cc([C@@]6(C(=O)OC)C[C@@H]7C[C@H](C(C)(F)F)CN(Cc8c6[nH]c6ccccc86)C7)c(OC)cc5N(C)[C@H]4[C@@](O)(C(=O)OC)[C@@H]1OC(C)=O)[C@@H]32,1,medium,False,False,True,False,external
CN1C(=O)OC(C)(C)C1=O,1,medium,False,True,True,False,external
CCCCC(=O)O[C@]1(C(=O)CO)[C@@H](C)C[C@H]2[C@@H]3CCC4=CC(=O)C=C[C@]4(C)[C@@]3(F)[C@@H](O)C[C@@]21C,0,high,False,True,False,True,external
O=N[O-],0,high,False,True,False,True,external
COc1ccc2c3c1O[C@H]1[C@@H](O)C=C[C@H]4[C@@H](C2)N(C)CC[C@@]341,1,medium,False,False,True,False,external
COC(=O)[C@@H]1CC2=CC(=O)CC[C@]2(C)[C@@]23OC2C[C@@]2(C)[C@@H](CC[C@@]24CCC(=O)O4)C13,1,medium,False,False,True,False,external
C[C@]12CC[C@@H]3c4ccc(O)cc4CC[C@H]3[C@@H]1C[C@@H](O)[C@@H]2O,1,medium,False,False,True,False,external
CCOc1ccc(-c2cc(C)cn2-c2ccc(S(N)(=O)=O)cc2)cc1,1,medium,True,False,False,False,external
C[C@@H](c1ncncc1F)[C@](O)(Cn1cncn1)c1ccc(F)cc1F,1,medium,False,True,True,False,external
C[N+](C)(C)CCOC(N)=O,0,high,False,True,False,True,external
COc1ccc2c(c1)N(CC(C)CN(C)C)c1ccccc1S2,1,medium,False,False,True,False,external
N#Cc1c(N(CC(=O)[O-])CC(=O)[O-])sc(C(=O)[O-])c1CC(=O)[O-],1,medium,False,False,True,False,external
CCC(=O)[C@@]1(C)[C@H](C)CC2C3CCC4=CC(=O)C=C[C@]4(C)C3[C@@H](O)C[C@@]21C,0,high,False,True,False,True,external
CN[C@H]1C(=O)N[C@@H]2Cc3ccc(cc3)Oc3cc4cc(c3O[C@@H]3O[C@H](C(=O)O)[C@@H](O)[C@H](O)[C@H]3NC(=O)CCCCCCCCC(C)C)Oc3ccc(cc3Cl)[C@@H](O)[C@@H]3NC(=O)[C@H](NC(=O)[C@@H]4NC(=O)[C@@H](NC2=O)c2cc(cc(O)c2Cl)Oc2ccc1cc2O)c1ccc(O)c(c1)-c1c(O[C@H]2O[C@H](CO)[C@@H](O)[C@H](O)[C@@H]2O)cc(O)cc1[C@@H](C(=O)NCCCN(C)C)NC3=O,1,medium,False,False,True,False,external
CN1CCC[C@@H]1Cc1c[nH]c2ccc(CCS(=O)(=O)c3ccccc3)cc12,1,medium,False,False,True,False,external
CCCCc1nc(Cl)c(CO)n1Cc1ccc(-c2ccccc2-c2nn[nH]n2)cc1,1,medium,False,False,True,False,external
Oc1ccc(OCc2ccccc2)cc1,0,high,False,True,False,True,external
COc1ccc2cccc(CCNC(C)=O)c2c1,1,medium,False,False,True,False,external
Cc1ccc(Cl)c(Nc2ccccc2C(=O)[O-])c1Cl,1,medium,False,True,True,False,external
CN(C(=O)CC(=O)N(C)c1c(I)c(C(=O)NC(CO)C(O)CO)c(I)c(C(=O)NC(CO)C(O)CO)c1I)c1c(I)c(C(=O)NC(CO)C(O)CO)c(I)c(C(=O)NC(CO)C(O)CO)c1I,1,medium,False,True,True,False,external
CCCCCOC(=O)Nc1nc(=O)n([C@@H]2O[C@H](C)[C@@H](O)[C@H]2O)cc1F,1,medium,False,True,True,False,external
O=C([O-])c1cccnc1,1,medium,False,True,True,False,external
CCOC(=O)CCC(=O)OC1C(OC2C(C)C(OC3CC(C)(OC)C(O)C(C)O3)C(C)C(=O)OC(CC)C(C)(O)C(O)C(C)C(=O)C(C)CC2(C)O)OC(C)CC1N(C)C,1,medium,False,False,True,False,external
Cc1nnc(C(C)C)n1C1CC2CCC(C1)N2CC[C@H](NC(=O)C1CCC(F)(F)CC1)c1ccccc1,1,medium,False,False,True,False,external
CCCOc1ccc(C(=O)OCCN(CC)CC)cc1N,1,medium,False,False,True,False,external
O=C(OOC(=O)c1ccccc1)c1ccccc1,0,high,False,True,False,True,external
Nc1nc(F)nc2c1ncn2[C@@H]1O[C@H](COP(=O)(O)O)[C@@H](O)[C@@H]1O,1,medium,True,False,False,False,external
O=C([O-])CN(CCN(CC(=O)[O-])CC(=O)[O-])CCN(CC(=O)[O-])C(COCc1ccccc1)C(=O)[O-],1,medium,False,False,True,False,external
CC[C@]1(O)C[C@H]2CN(CCc3c([nH]c4ccccc34)[C@@](C(=O)OC)(c3cc4c(cc3OC)N(C=O)[C@H]3[C@@](O)(C(=O)OC)[C@H](OC(C)=O)[C@]5(CC)C=CCN6CC[C@]43[C@@H]65)C2)C1,1,high,True,False,True,False,external
CC(C)NCC(O)COc1cccc2ccccc12,1,medium,True,False,False,True,external
C=C1C[C@@H]2CC[C@@]34C[C@H]5O[C@H]6[C@@H](O3)[C@H]3O[C@H](CC[C@@H]3O[C@H]6[C@H]5O4)CC(=O)C[C@@H]3[C@@H](OC)[C@@H](C[C@H](O)CN)O[C@H]3C[C@H]3O[C@@H](CC[C@@H]1O2)C[C@@H](C)C3=C,1,medium,True,False,False,False,external
CC(=O)OCC(=O)C1(O)CCC2C3CCC4=CC(=O)C=CC4(C)C3C(O)CC21C,1,medium,False,False,True,False,external
Clc1ccc(COC(Cn2ccnc2)c2ccc(Cl)cc2Cl)c(Cl)c1,1,medium,False,True,True,False,external
OCC(O)CO,0,high,False,True,False,True,external
CC1CC2C3CCC4=CC(=O)C=CC4(C)C3(F)C(O)CC2(C)C1(O)C(=O)CO,1,medium,False,False,True,False,external
C#C[C@]1(O)CCC2C3CCC4=CC(=O)CCC4C3C(=C)CC21CC,1,medium,False,False,True,False,external
COCCCOc1cc(C[C@H](C[C@H](N)[C@@H](O)C[C@H](C(=O)NCC(C)(C)C(N)=O)C(C)C)C(C)C)ccc1OC,1,medium,False,False,True,False,external
C[C@]12CCC(=O)C=C1[C@@H]1C[C@@H]1[C@H]1[C@@H]3[C@@H]4C[C@@H]4[C@@]4(CCC(=O)O4)[C@@]3(C)CC[C@@H]12,0,high,False,True,False,True,external
CC(=O)CCCCn1c(=O)c2c(ncn2C)n(C)c1=O,1,medium,False,True,True,False,external
O=C1OC2(c3ccc(O)cc3Oc3cc(O)ccc32)c2ccccc21,0,high,False,True,False,True,external
CCC(=O)OC1CCC2C3CCC4=CC(=O)CCC4(C)C3CCC12C,1,medium,False,False,True,False,external
CCCCCCCCCCCCCCCC(=O)OC[C@H](COP(=O)(O)OCCNC(=O)[C@H](C)NC(=O)CC[C@@H](NC(=O)[C@H](C)NC(=O)[C@@H](C)OC1[C@@H](NC(C)=O)[C@H](O)O[C@H](CO)[C@H]1O)C(N)=O)OC(=O)CCCCCCCCCCCCCCC,1,medium,False,False,True,False,external
C=CC(N)CCC(=O)O,1,medium,False,False,True,False,external
COC(=O)C1=C(C)NC(C)=C(C(=O)OC(C)(C)CN(C)CCC(c2ccccc2)c2ccccc2)C1c1cccc([N+](=O)[O-])c1,1,medium,False,False,True,False,external
CC(=O)N1CCN(c2ccc(OC[C@H]3CO[C@](Cn4ccnc4)(c4ccc(Cl)cc4Cl)O3)cc2)CC1,1,medium,True,False,False,False,external
CNCC[C@@H](Oc1ccccc1C)c1ccccc1,1,medium,False,False,True,False,external
C=CC1=C(C(=O)O)N2C(=O)[C@@H](NC(=O)C(=NO)c3csc(N)n3)[C@H]2SC1,1,medium,False,False,True,False,external
CC(=O)OC1(C(C)=O)CCC2C3C=C(Cl)C4=CC(=O)C5CC5C4(C)C3CCC21C,1,medium,False,False,True,False,external
CC1(O)CCC2C3CCC4=CC(=O)CCC4(C)C3(F)C(O)CC21C,1,medium,False,False,True,False,external
CC(C)CN(C[C@@H](OP(=O)([O-])[O-])[C@H](Cc1ccccc1)NC(=O)O[C@H]1CCOC1)S(=O)(=O)c1ccc(N)cc1,0,high,False,True,False,True,external
CC(C)N=c1cc2n(-c3ccc(Cl)cc3)c3ccccc3nc-2cc1Nc1ccc(Cl)cc1,1,medium,False,False,True,False,external
CC12CCC3C(=CCc4cc(OS(=O)(=O)O)ccc43)C1CCC2=O,1,medium,False,False,True,False,external
CC(C)C[C@H](NC(=O)CNC(=O)c1cc(Cl)ccc1Cl)B(O)O,1,medium,True,False,False,False,external
O=C([O-])CC([S-])C(=O)[O-],1,medium,False,False,True,False,external
CC12CCC(=O)C=C1CCC1C2CCC2(C)C(O)CCC12,1,medium,False,False,True,False,external
C=C1/C(=C\C=C2/CCC[C@]3(C)[C@@H]([C@H](C)CCCC(C)(C)O)CC[C@@H]23)C[C@@H](O)C[C@@H]1O,1,medium,True,False,False,False,external
CCCc1nc(C)c2c(=O)nc(-c3cc(S(=O)(=O)N4CCN(CC)CC4)ccc3OCC)[nH]n12,1,medium,False,False,True,False,external
C[C@H](O)C1C(=O)N2C(C(=O)O)=C(S[C@@H]3CN[C@H](C(=O)N(C)C)C3)[C@H](C)C12,1,medium,False,False,True,False,external
COc1ccc2cc(CCC(C)=O)ccc2c1,1,medium,False,True,True,False,external
CN1CCC(=C2c3ccccc3CC(=O)c3sccc32)CC1,1,medium,False,False,True,False,external
CCCNC1CCc2nc(N)sc2C1,1,medium,False,False,True,False,external
O=C(c1ccc(F)c(F)c1Nc1ccc(I)cc1F)N1CC(O)([C@@H]2CCCCN2)C1,1,medium,True,False,False,False,external
O=c1[nH]c(=O)n(C2CC(O)C(CO)O2)cc1F,1,medium,False,False,True,False,external
CN1CC(=O)N2[C@H](c3ccc4c(c3)OCO4)c3[nH]c4ccccc4c3C[C@@H]2C1=O,0,high,False,True,False,True,external
CN(N=O)C(=O)NC1C(O)OC(CO)C(O)C1O,1,medium,False,False,True,False,external
C[C@]12CCC(=O)C=C1CC[C@@H]1[C@@H]2[C@@H](O)C[C@@]2(C)[C@H]1CC[C@]2(O)C(=O)CO,1,medium,True,False,False,False,external
CC(=O)O[C@H]1Cc2ccccc2N(C(N)=O)c2ccccc21,1,high,True,False,True,False,external
CC[N+](C)(C)Cc1ccccc1Br,0,high,False,True,False,True,external
COC[C@@H](NC(C)=O)C(=O)NCc1ccccc1,1,medium,False,True,True,False,external
CCCCNC(=O)NS(=O)(=O)c1ccc(C)cc1,1,medium,False,False,True,False,external
NCCS,1,medium,False,False,True,False,external
C[C@]12C=CC(=O)C=C1CC[C@@H]1[C@@H]2C(=O)C[C@@]2(C)[C@H]1CC[C@]2(O)C(=O)CO,1,medium,True,False,False,False,external
CC(=O)[C@@]1(O)CC[C@H]2[C@@H]3C[C@H](C)C4=CC(=O)CC[C@]4(C)[C@H]3CC[C@@]21C,1,medium,False,False,True,False,external
C=C(CC)C(=O)c1ccc(OCC(=O)O)c(Cl)c1Cl,1,medium,False,False,True,False,external
COc1cc2c(cc1O)CCNC21CSC2c3c(OC(C)=O)c(C)c4c(c3C(COC1=O)N1C(O)C3Cc5cc(C)c(OC)c(O)c5C(C21)N3C)OCO4,1,medium,False,False,True,False,external
CC(C)(C)NC(=O)C1CN(Cc2cccnc2)CCN1CC(O)CC(Cc1ccccc1)C(=O)NC1c2ccccc2CC1O,1,medium,False,False,True,False,external
CCOc1nc2cccc(C(=O)O)c2n1Cc1ccc(-c2ccccc2-c2nn[nH]n2)cc1,1,medium,False,False,True,False,external
Cc1cccc(C)c1N(CC(=O)Nc1ccc(-c2ncon2)cc1)C(=O)C1CCS(=O)(=O)CC1,1,medium,True,False,False,False,external
CCOCCP(CCOCC)CCP(CCOCC)CCOCC,0,high,False,True,False,True,external
CC1OC2(CS1)CN1CCC2CC1,1,medium,False,False,True,False,external
COc1cc(NS(C)(=O)=O)ccc1Nc1c2ccccc2nc2ccccc12,1,medium,False,False,True,False,external
C#C[C@]1(OC(C)=O)CC[C@H]2[C@@H]3CCC4=CC(=O)CC[C@@H]4[C@H]3CC[C@@]21C,1,medium,False,True,True,False,external
COc1ccc(-c2ccc3cc(C(=O)O)ccc3c2)cc1C12CC3CC(CC(C3)C1)C2,1,medium,False,False,True,False,external
CO[C@H]1/C=C/O[C@@]2(C)Oc3c(C)c(O)c4c(c3C2=O)C(=O)/C(=C/NN2CCN(C3CCCC3)CC2)C(=C4O)NC(=O)/C(C)=C\C=C\[C@H](C)[C@H](O)[C@@H](C)[C@@H](O)[C@@H](C)[C@H](OC(C)=O)[C@@H]1C,1,medium,False,False,True,False,external
Cc1nc(=O)c2cc(CN(C)c3ccc(C(=O)N[C@@H](CCC(=O)O)C(=O)O)s3)ccc2[nH]1,1,medium,False,False,True,False,external
CCC1OC(=O)C(C)C(OC2CC(C)(OC)C(O)C(C)O2)C(C)C(OC2OC(C)CC(N(C)C)C2O)C(C)(O)CC(C)C(=NOCOCCOC)C(C)C(O)C1(C)O,1,medium,False,False,True,False,external
CC(C)c1nc(N(C)S(C)(=O)=O)nc(-c2ccc(F)cc2)c1C=C[C@H](O)C[C@@H](O)CC(=O)O,1,medium,False,False,True,False,external
CC(=O)N(CC(O)CN(C(C)=O)c1c(I)c(C(=O)NCC(O)CO)c(I)c(C(=O)NCC(O)CO)c1I)c1c(I)c(C(=O)NCC(O)CO)c(I)c(C(=O)NCC(O)CO)c1I,0,high,False,True,False,True,external
Oc1c(Cl)cc(Cl)c(Cl)c1Cc1c(O)c(Cl)cc(Cl)c1Cl,0,high,False,True,False,True,external
Nc1nc(=O)c2c(CCc3ccc(C(=O)N[C@H](CCC(=O)O)C(=O)O)cc3)c[nH]c2[nH]1,1,medium,False,False,True,False,external
CC(CCC(=O)O)C1CCC2C3C(O)CC4CC(O)CCC4(C)C3CCC12C,1,medium,False,False,True,False,external
C[C@@H](Cc1ccccc1)NC(=O)[C@@H](N)CCCCN,1,medium,False,False,True,False,external
NCCNc1ccc(NCCN)c2c1C(=O)c1ccncc1C2=O,1,medium,False,False,True,False,external
CC(=O)N(CC(O)CO)c1c(I)c(C(=O)NCCO)c(I)c(C(=O)NCC(O)CO)c1I,1,medium,False,True,True,False,external
O=C(O)C[CH2][Ge](=[O])[O][Ge](=[O])[CH2]CC(=O)O,1,medium,False,False,True,False,external
COc1cc(C(C)=O)ccc1OCCCN1CCC(c2noc3cc(F)ccc23)CC1,1,medium,False,False,True,False,external
O=C1CN(N=Cc2ccc(-c3ccc([N+](=O)[O-])cc3)o2)C([O-])=N1,1,medium,False,False,True,False,external
Nc1nc(=O)c2c([nH]1)NCC(CNc1ccc(C(=O)N[C@@H](CCC(=O)O)C(=O)O)cc1)N2C=O,1,medium,True,False,False,False,external
NC1[C@H]2CN(c3nc4c(cc3F)c(=O)c(C(=O)O)cn4-c3ccc(F)cc3F)C[C@@H]12,1,medium,False,False,True,False,external
CC(C)(C)NCC(O)COc1nsnc1N1CCOCC1,1,medium,False,False,True,False,external
O=c1ncnc2[nH][nH]cc1-2,1,medium,False,False,True,False,external
CC(C)NCC(O)COc1ccc(COCCOC(C)C)cc1,1,medium,False,False,True,False,external
CCC(C)[C@H]1O[C@]2(CC[C@@H]1C)CC1C[C@@H](C/C=C(\C)[C@@H](O[C@H]3C[C@H](OC)[C@@H](OC4C[C@H](OC)[C@@H](O)[C@H](C)O4)[C@H](C)O3)[C@@H](C)/C=C/C=C3\CO[C@@H]4[C@H](O)C(C)=C[C@@H](C(=O)O1)[C@]34O)O2,1,medium,False,False,True,False,external
CNCCCN1c2ccccc2CCc2ccccc21,1,medium,False,False,True,False,external
C[NH+](C)[C@H]1C(=O)C(=C(N)[O-])C(=O)[C@@]2(O)C(=O)C3=C([O-])c4c(O)cccc4[C@@](C)(O)[C@@H]3C[C@H]12,1,medium,False,False,True,False,external
CC1CCN(C(=O)CC#N)CC1N(C)c1ncnc2[nH]ccc12,1,medium,False,False,True,False,external
CC(C)C(=O)Oc1ccc(CO)cc1[C@H](CCN(C(C)C)C(C)C)c1ccccc1,1,medium,False,False,True,False,external
N[C@@H](Cc1ccc(O)cc1)C(=O)O,1,medium,False,False,True,False,external
Cc1ccsc1C(=CCCN1CCCC(C(=O)O)C1)c1sccc1C,1,medium,False,False,True,False,external
CN(C)CCc1c[nH]c2ccc(CC3COC(=O)N3)cc12,1,medium,False,False,True,False,external
CON=C(C(=O)NC1C(=O)N2C(C(=O)[O-])=C(CSc3nc(=O)c([O-])nn3C)CSC12)c1csc(N)n1,1,medium,False,False,True,False,external
Nc1ncn([C@H]2C[C@H](O)[C@@H](CO)O2)c(=O)n1,1,medium,True,False,False,False,external
C[C@@H](Cc1cc2c(c(C(N)=O)c1)N(CCCO)CC2)NCCOc1ccccc1OCC(F)(F)F,1,medium,False,False,True,False,external
CCC(=O)C(CC(C)N(C)C)(c1ccccc1)c1ccccc1,1,medium,False,False,True,False,external
CCC(=O)N(c1ccccc1)C1CCN(CCc2ccccc2)CC1,1,medium,False,False,True,False,external
COc1ccc2c3c1OC1CC(O)C=CC31CCN(C)C2,1,medium,False,False,True,False,external
Nc1ncn(C2OC(CO)C(O)C2O)c(=O)n1,1,medium,False,False,True,False,external
CN(C)CCC=C1c2ccccc2CSc2ccccc21,1,medium,False,False,True,False,external
C[NH+](C)[C@@H]1C(=O)C(=C(N)[O-])C(=O)[C@@]2(O)C(=O)C3=C(O)c4c(O)ccc(Cl)c4[C@@H](O)[C@H]3C[C@@H]12,1,medium,False,False,True,False,external
Nc1ccc(S(=O)(=[OH+])[NH2+]c2ncccn2)cc1,1,medium,False,False,True,False,external
COc1cc(NCc2ccc3nc(N)[nH+]c(N)c3c2C)cc(OC)c1OC,1,medium,False,False,True,False,external
COC(=O)C1=C(C)NC(C)=C(C(=O)OCC(C)C)C1c1ccccc1[N+](=O)[O-],1,medium,False,True,True,False,external
COc1cccc2c1C(=O)c1c(O)c3c(c(O)c1C2=O)CC(O)(C(=O)CO)CC3OC1CC([NH3+])C(O)C(C)O1,1,medium,False,False,True,False,external
CCC1(c2ccc(N)cc2)CCC(=O)NC1=O,1,medium,False,True,True,False,external
CCN(Cc1ccncc1)C(=O)C(CO)c1ccccc1,0,high,False,True,False,True,external
Cc1ncc[nH]1,1,medium,False,False,True,False,external
O=C(NS(=O)(=O)c1ccc(Br)s1)c1ccc(Cl)cc1Cl,1,medium,True,False,False,False,external
CC(C)(C)c1nc(-c2cccc(NS(=O)(=O)c3c(F)cccc3F)c2F)c(-c2ccnc(N)n2)s1,1,medium,False,False,True,False,external
CCOC(=O)CC(SP(=S)(OC)OC)C(=O)OCC,0,high,False,True,False,True,external
Nc1nc(F)nc2c1ncn2C1OC(CO)C(O)C1O,1,medium,False,False,True,False,external
C=CCC1(C(C)CCC)C(=O)NC(=O)NC1=O,1,medium,False,True,True,False,external
C[C@H]1O[C@H](O[C@H]2[C@H](O)[C@@H](O)[C@@H](O[C@H]3[C@H](O)[C@@H](O)C(O)O[C@@H]3CO)O[C@@H]2CO)[C@H](O)[C@@H](O)[C@@H]1N[C@H]1C=C(CO)[C@@H](O)[C@H](O)[C@H]1O,1,medium,False,False,True,False,external
CCCCCCCCCCC(=O)O[C@H]1CC[C@H]2[C@@H]3CCC4=CC(=O)CC[C@]4(C)[C@H]3CC[C@]12C,1,medium,False,False,True,False,external
CC1C(NC(=O)C(=NOC(C)(C)C(=O)O)c2csc(N)n2)C(=O)N1S(=O)(=O)O,1,medium,False,False,True,False,external
Cc1[nH]c(=O)c(C#N)cc1-c1ccncc1,0,high,False,True,False,True,external
Clc1ccc(CSC(Cn2ccnc2)c2ccc(Cl)cc2Cl)cc1,0,high,False,True,False,True,external
CN(C)c1nc(N(C)C)nc(N(C)C)n1,0,high,False,True,False,True,external
Cc1cc(NS(=O)(=O)c2ccc(N)cc2)no1,1,medium,False,False,True,False,external
COC1=CC(=O)OC(/C=C/C2=CCCC=C2)C1,1,medium,True,False,False,False,external
Cn1cncc1[C@@](N)(c1ccc(Cl)cc1)c1ccc2c(c1)c(-c1cccc(Cl)c1)cc(=O)n2C,1,medium,True,False,False,False,external
O=c1ccn([C@@H]2O[C@H](COP(=O)(O)O[C@H]3[C@@H](O)[C@H](n4ccc(=O)[nH]c4=O)O[C@@H]3CO)[C@@H](O)[C@H]2O)c(=O)[nH]1,1,medium,False,False,True,False,external
C[C@]12CC[C@@H]3c4ccc(O)cc4C[C@@H](CCCCCCCCCS(=O)CCCC(F)(F)C(F)(F)F)[C@H]3[C@@H]1CC[C@@H]2O,1,medium,False,True,True,False,external
O=C(O)C[C@H](O)C[C@H](O)C=Cc1c(C2CC2)nc2ccccc2c1-c1ccc(F)cc1,1,medium,False,False,True,False,external
O=C1Nc2ccc(Cl)cc2C(c2ccccc2)=NC1O,1,medium,False,True,True,False,external
COCCO[C@@H]1[C@H](SP(=O)([O-])OC[C@H]2O[C@@H](n3cc(C)c(=O)[nH]c3=O)[C@H](OCCOC)[C@@H]2SP(=O)([O-])OC[C@H]2O[C@@H](n3cc(C)c(N)nc3=O)[C@H](OCCOC)[C@@H]2SP(=O)([O-])OC[C@H]2O[C@@H](n3cnc4c(N)ncnc43)C[C@@H]2SP(=O)([O-])OC[C@H]2O[C@@H](n3cnc4c(=O)[nH]c(N)nc43)C[C@@H]2SP(=O)([O-])OC[C@H]2O[C@@H](n3cc(C)c(=O)[nH]c3=O)C[C@@H]2SP(=O)([O-])OC[C@H]2O[C@@H](n3cc(C)c(N)nc3=O)C[C@@H]2SP(=O)([O-])OC[C@H]2O[C@@H](n3cc(C)c(=O)[nH]c3=O)C[C@@H]2SP(=O)([O-])OC[C@H]2O[C@@H](n3cnc4c(=O)[nH]c(N)nc43)C[C@@H]2SP(=O)([O-])OC[C@H]2O[C@@H](n3cc(C)c(N)nc3=O)C[C@@H]2SP(=O)([O-])OC[C@H]2O[C@@H](n3cc(C)c(=O)[nH]c3=O)C[C@@H]2SP(=O)([O-])OC[C@H]2O[C@@H](n3cc(C)c(=O)[nH]c3=O)C[C@@H]2SP(=O)([O-])OC[C@H]2O[C@@H](n3cc(C)c(N)nc3=O)C[C@@H]2SP(=O)([O-])OC[C@H]2O[C@@H](n3cnc4c(=O)[nH]c(N)nc43)[C@H](OCCOC)[C@@H]2SP(=O)([O-])OC[C@@H]2O[C@H](n3cc(C)c(N)nc3=O)[C@@H](OCCOC)[C@H]2SP(=O)([O-])OC[C@@H]2O[C@H](n3cnc4c(N)ncnc43)[C@@H](OCCOC)[C@H]2SP(=O)([O-])OC[C@@H]2O[C@H](n3cc(C)c(N)nc3=O)[C@@H](OCCOC)[C@H]2SP(=O)([O-])OC[C@@H]2O[C@H](n3cc(C)c(N)nc3=O)[C@@H](OCCOC)[C@H]2O)[C@@H](COP(=O)([O-])S[C@H]2[C@@H](OCCOC)[C@H](n3cc(C)c(N)nc3=O)O[C@@H]2COP(=O)([O-])S[C@H]2[C@@H](OCCOC)[C@H](n3cnc4c(=O)[nH]c(N)nc43)O[C@@H]2CO)O[C@H]1n1cc(C)c(N)nc1=O,1,medium,False,False,True,False,external
COCC(=O)Nc1c(I)c(C(=O)NCC(O)CO)c(I)c(C(=O)N(C)CC(O)CO)c1I,0,high,False,True,False,True,external
C[C@@H](O)[C@H]1C(=O)N2C(C(=O)O)=C(S[C@@H]3CN[C@H](C(=O)Nc4cccc(C(=O)O)c4)C3)[C@H](C)[C@H]12,1,medium,False,False,True,False,external
CCCCCN(C)CCC(O)(P(=O)(O)O)P(=O)(O)O,1,medium,False,False,True,False,external
CC12CCC3c4ccc(OS(=O)(=O)O)cc4CCC3C1CCC2=O,1,medium,False,False,True,False,external
COCc1c(C(C)C)nc(C(C)C)c(C=CC(O)CC(O)CC(=O)O)c1-c1ccc(F)cc1,1,medium,False,False,True,False,external
CN1CCC23c4c5ccc(O)c4OC2C(=O)CCC3C1C5,1,medium,False,False,True,False,external
CC1(O)CC(c2nc(-c3ccc4ccc(-c5ccccc5)nc4c3)c3c(N)nccn23)C1,1,medium,True,False,False,False,external
NCCCC[C@@H]1NC(=O)[C@@H](Cc2c[nH]c3ccccc23)NC(=O)C(c2ccccc2)NC(=O)[C@@H]2C[C@@H](OC(=O)NCCN)CN2C(=O)[C@H](Cc2ccccc2)NC(=O)[C@H](Cc2ccc(OCc3ccccc3)cc2)NC1=O,1,medium,False,False,True,False,external
COc1cccc2c1C(=O)c1c(O)c3c(c(O)c1C2=O)C[C@@](O)(C(=O)CO)C[C@@H]3O[C@H]1C[C@H](N)[C@H](O)[C@H](C)O1,1,medium,True,False,False,False,external
CCc1c(Cl)c(O)c(Cl)c(O)c1C(=O)OC1C(C)OC(OC/C2=C/C=C/CC(O)/C(C)=C/C(CC)C(OC3OC(C)(C)C(OC(=O)C(C)C)C(O)C3O)/C(C)=C/C(C)=C/CC(C(C)O)OC2=O)C(OC)C1O,1,medium,False,False,True,False,external
COC1(NC(=O)Cc2cccs2)C(=O)N2C(C(=O)[O-])=C(COC(N)=O)CSC21,1,medium,False,False,True,False,external
O=C1CN2Cc3c(ccc(Cl)c3Cl)NC2=N1,1,medium,False,False,True,False,external
CCC1C(=O)OCC1Cc1cncn1C,1,medium,False,False,True,False,external
CNC(=O)c1cnn(-c2nc(N)c3ncn([C@@H]4O[C@H](CO)[C@@H](O)[C@H]4O)c3n2)c1,0,high,False,True,False,True,external
N#CCC(C1CCCC1)n1cc(-c2ncnc3[nH]ccc23)cn1,1,medium,False,False,True,False,external
Cc1cc2c(s1)=Nc1ccccc1NC=2N1CCN(C)CC1,1,medium,False,False,True,False,external
COc1ccc2cc(C(C)C(=O)[O-])ccc2c1,1,medium,False,False,True,False,external
CC[C@H]1OC(=O)[C@H](C)[C@@H](O[C@H]2C[C@@](C)(OC)[C@@H](O)[C@H](C)O2)[C@H](C)[C@@H](O[C@@H]2O[C@H](C)C[C@H](N(C)C)[C@H]2O)[C@](C)(O)C[C@@H](C)C(=O)[C@H](C)[C@@H](O)[C@]1(C)O,1,medium,False,False,True,False,external
CC(C)N=C(N)N=C(N)Nc1ccc(Cl)cc1,1,medium,False,False,True,False,external
CC(C)c1nc(CN(C)C(=O)NC(CCN2CCOCC2)C(=O)NC(CCC(Cc2ccccc2)NC(=O)OCc2cncs2)Cc2ccccc2)cs1,1,medium,False,False,True,False,external
CN1CC2c3ccccc3Oc3ccc(Cl)cc3[C@@H]2C1,1,medium,False,False,True,False,external
CC1Cc2ccccc2N1NC(=O)c1ccc(Cl)c(S(N)(=O)=O)c1,1,medium,False,True,True,False,external
Nc1ncnc2c1ncn2CCOCP(=O)(O)O,1,medium,False,False,True,False,external
O=S(=O)(O)O[C@@H]1[C@@H](OS(=O)(=O)O)[C@H](O[C@@H]2CO[C@@H](O)[C@H](OS(=O)(=O)O)[C@H]2OS(=O)(=O)O)OC[C@H]1O,1,medium,False,False,True,False,external
NC(=O)c1cn(Cc2c(F)cccc2F)nn1,1,medium,False,True,True,False,external
Cn1c(=O)cc(N2CCCC(N)C2)n(Cc2ccccc2C#N)c1=O,1,medium,False,False,True,False,external
C#C[C@]1(O)CC[C@H]2[C@@H]3CCC4=CC(=O)CC[C@@H]4[C@H]3CC[C@@]21CC,0,high,False,True,False,True,external
CC12CCC3c4ccc(O)cc4CCC3C1CCC2=O,1,medium,False,False,True,False,external
CCC1(CCC(C)C)C(=O)N=C([O-])NC1=O,1,medium,False,False,True,False,external
CC(C)C[C@H](NC(=O)[C@@H](Cc1ccc2ccccc2c1)NC(=O)[C@H](Cc1ccc(O)cc1)NC(=O)[C@H](CO)NC(=O)[C@H](Cc1c[nH]c2ccccc12)NC(=O)[C@H](Cc1cnc[nH]1)NC(=O)[C@@H]1CCC(=O)N1)C(=O)N[C@@H](CCCN=C(N)N)C(=O)N1CCC[C@H]1C(=O)NCC(N)=O,1,medium,False,False,True,False,external
CC(S)C(=O)NCC(=O)O,1,medium,False,False,True,False,external
Clc1ccc(COC(Cn2ccnc2)c2ccc(Cl)cc2Cl)cc1,0,high,False,True,False,True,external
COc1ccc2cc([C@H](C)C(=O)OCCCCO[N+](=O)[O-])ccc2c1,1,medium,True,False,False,False,external
CON=C(C(=O)N[C@@H]1C(=O)N2C(C(=O)OCOC(=O)C(C)(C)C)=C(C=Cc3scnc3C)CS[C@H]12)c1csc(N)n1,1,medium,False,False,True,False,external
Nc1ccc(S(N)(=O)=O)cc1,0,high,False,True,False,True,external
O=C1CN=C(c2ccccc2)c2cc([N+](=O)[O-])ccc2N1,1,medium,False,False,True,False,external
CN(C)c1ccc(O)c2c1C[C@H]1C[C@H]3[C@H]([NH+](C)C)C(=O)C(=C(N)[O-])C(=O)[C@@]3(O)C(=O)C1=C2[O-],1,medium,False,False,True,False,external
O=C(O)C1=C/C(=N/Nc2ccc(O)c(C(=O)O)c2)C=CC1=O,1,medium,False,False,True,False,external
O=C([O-])P(=O)([O-])[O-],0,high,False,True,False,True,external
Cc1cc(C(=O)NNCc2ccccc2)no1,0,high,False,True,False,True,external
COc1cc(C(=O)NCc2ccc(OCCN(C)C)cc2)cc(OC)c1OC,1,medium,False,False,True,False,external
CCCc1nc(C(C)(C)O)c(C(=O)O)n1Cc1ccc(-c2ccccc2-c2nn[nH]n2)cc1,1,medium,False,False,True,False,external
COc1nc2ccc(Br)cc2cc1[C@H](c1ccccc1)[C@@](O)(CCN(C)C)c1cccc2ccccc12,1,medium,False,False,True,False,external
CC(=O)OC1(C(C)=O)CCC2C3CC(C)C4=CC(=O)CCC4(C)C3CCC21C,1,medium,False,False,True,False,external
Nc1ccn([C@@H]2O[C@H](CO)[C@@H](O)C2(F)F)c(=O)n1,1,medium,True,False,False,False,external
O=C(OC1CC2CC3CC(C1)N2CC3=O)c1c[nH]c2ccccc12,1,medium,False,False,True,False,external
NCC(=O)CCC(=O)O,1,medium,False,False,True,False,external
CCOC(=O)n1ccn(C)c1=S,1,medium,False,False,True,False,external
CNCCCC12CCC(c3ccccc31)c1ccccc12,1,medium,False,False,True,False,external
NCCCC[C@@H]1NC(=O)[C@@H](Cc2c[nH]c3ccccc23)NC(=O)[C@H](c2ccccc2)NC(=O)[C@@H]2C[C@@H](OC(=O)NCCN)CN2C(=O)[C@H](Cc2ccccc2)NC(=O)[C@H](Cc2ccc(OCc3ccccc3)cc2)NC1=O,1,medium,False,False,True,False,external
Nc1nc(=O)c2c([nH]1)NCC(CNc1ccc(C(=O)N[C@@H](CCC(=O)[O-])C(=O)[O-])cc1)N2C=O,1,medium,True,False,False,False,external
CC[C@H](C)[C@@H]1NC(=O)[C@H](CCCNC(=N)N)NC(=O)[C@H](C)NC(=O)[C@H](CCCCN)NC(=O)[C@@H]2CSSC[C@@H]3NC(=O)CNC(=O)CNC(=O)[C@H](Cc4ccc(O)cc4)NC(=O)[C@H](C(C)C)NC(=O)[C@H](Cc4ccccc4)NC(=O)[C@H]([C@@H](C)O)NC(=O)[C@H](CCC(N)=O)NC(=O)[C@H](CSSC[C@H](NC(=O)[C@H](CC(=O)O)NC(=O)[C@H](CCC(=O)O)NC(=O)[C@H](C)NC(=O)[C@H](CO)NC(=O)[C@H](CCCCN)NC(=O)[C@H](Cc4ccccc4)NC(=O)[C@H](CC(N)=O)NC(=O)[C@H](CC(N)=O)NC(=O)[C@H](CCCNC(=N)N)NC(=O)[C@H](CCCCN)NC(=O)[C@H](C)NC(=O)[C@H](CCCNC(=N)N)NC3=O)C(=O)N[C@@H](CCSC)C(=O)N[C@@H](CCCNC(=N)N)C(=O)N[C@@H]([C@@H](C)O)C(=O)N[C@H](C(=O)NCC(=O)NCC(=O)N[C@@H](C)C(=O)O)CSSC[C@H](NC(=O)[C@H](Cc3ccccc3)NC(=O)[C@H](CC(=O)O)NC(=O)[C@@H]3CCCN3C(=O)[C@@H](N)CCCNC(=N)N)C(=O)N[C@@H](CC(C)C)C(=O)N[C@@H](CCC(=O)O)C(=O)N3CCC[C@H]3C(=O)N3CCC[C@H]3C(=O)N[C@@H](Cc3ccc(O)cc3)C(=O)N[C@@H]([C@@H](C)O)C(=O)NCC(=O)N3CCC[C@H]3C(=O)N2)NC(=O)[C@H](CC(C)C)NC(=O)CNC(=O)[C@H](C)NC(=O)[C@H](CCCCN)NC(=O)[C@H](C)NC(=O)[C@H](CC(N)=O)NC(=O)[C@H](Cc2ccc(O)cc2)NC(=O)[C@H](Cc2ccccc2)NC(=O)[C@H](Cc2ccc(O)cc2)NC(=O)[C@H](CCCNC(=N)N)NC(=O)[C@H]([C@@H](C)CC)NC1=O,1,medium,False,False,True,False,external
Nc1nc(=O)c2ncn(CCC(CO)CO)c2[nH]1,1,medium,False,True,True,False,external
C[C@@H](O)[C@H]1C(=O)N2C(C(=O)O)=C(S[C@H]3CC[C@@H](C(=O)N(C)C)N3)[C@H](C)[C@H]12,1,medium,False,False,True,False,external
CC12CCC(=O)C=C1CCC1C2C(O)CC2(C)C1CCC2(O)C(=O)CO,1,medium,False,False,True,False,external
CO[C@H]1/C=C/O[C@@]2(C)Oc3c(C)c(O)c4c(c3C2=O)C(=O)/C(=C/NN2CCN(C)CC2)C(=C4O)NC(=O)/C(C)=C\C=C\[C@H](C)[C@H](O)[C@@H](C)[C@@H](O)[C@@H](C)[C@H](OC(C)=O)[C@@H]1C,1,medium,False,False,True,False,external
COc1ccc2c(OC3C[C@H]4C(=O)NC5(C(=O)NS(=O)(=O)C6CC6)C[C@H]5/C=C\CCCCN(C)C(=O)[C@@H]4C3)cc(-c3nc(C(C)C)cs3)nc2c1C,1,medium,False,False,True,False,external
Cc1cn([C@H]2C[C@H](N=[N+]=[N-])[C@@H](CO)O2)c(=O)[nH]c1=O,1,medium,False,True,True,False,external
O=P(O)(O)C(Cl)(Cl)P(=O)(O)O,1,medium,False,False,True,False,external
CS(=O)(=O)c1ccc(C2=C(c3ccccc3)C(=O)OC2)cc1,1,medium,False,True,True,False,external
C/C(=C\c1csc(C)n1)[C@@H]1C[C@@H]2O[C@]2(C)CCC[C@H](C)[C@H](O)[C@@H](C)C(=O)C(C)(C)[C@@H](O)CC(=O)N1,1,medium,False,True,True,False,external
CO[C@H]1C=CO[C@@]2(C)Oc3c(C)c(O)c4c(c3C2=O)C2=NC3(CCN(CC(C)C)CC3)NC2=C(NC(=O)C(C)=CC=C[C@H](C)[C@H](O)[C@@H](C)[C@@H](O)[C@@H](C)[C@H](OC(C)=O)[C@@H]1C)C4=O,1,medium,False,False,True,False,external
NS(=O)(=O)c1cc(C(=O)O)c(NCc2ccco2)cc1Cl,1,medium,False,False,True,False,external
C[C@H](N[C@@H](CCc1ccccc1)C(=O)O)C(=O)N1Cc2ccccc2C[C@H]1C(=O)O,1,medium,False,False,True,False,external
CC12CCC3c4ccc(O)cc4CCC3C1CCC2OC(=O)CCC1CCCC1,1,medium,False,False,True,False,external
CCCCc1oc2ccccc2c1C(=O)c1cc(I)c(OCC[NH+](CC)CC)c(I)c1,1,medium,False,True,True,False,external
Clc1cccc(Cl)c1NC1=NCCN1,1,medium,False,False,True,False,external
CCCCCN=C(N)NN/C=C1\C=Nc2ccc(CO)cc21,1,medium,False,False,True,False,external
CCCCCCCCCCCCCCCCCCCCCCO,0,high,False,True,False,True,external
CC(C)[C@@H](CN1CC[C@@](C)(c2cccc(O)c2)[C@@H](C)C1)NC(=O)[C@H]1Cc2ccc(O)cc2CN1,1,medium,True,False,False,False,external
Nc1[nH]c(=O)ncc1F,1,medium,False,True,True,False,external
Cn1c(=O)n(-c2ccc(C(C)(C)C#N)cc2)c2c3cc(-c4cnc5ccccc5c4)ccc3ncc21,1,medium,True,False,False,False,external
CCC[C@H](NC(=O)[C@@H]1[C@H]2CCC[C@H]2CN1C(=O)[C@@H](NC(=O)[C@@H](NC(=O)c1cnccn1)C1CCCCC1)C(C)(C)C)C(=O)C(=O)NC1CC1,1,medium,False,True,True,False,external
CC[C@H]1OC(=O)[C@H](C)[C@@H](OC2CC(C)(OC)C(O)C(C)O2)[C@H](C)[C@@H](OC2OC(C)CC(N(C)C)C2O)[C@](C)(OC)C[C@@H](C)C(=O)[C@H](C)[C@@H](O)[C@]1(C)O,1,medium,False,False,True,False,external
CN1CCN(CCC=C2c3ccccc3Sc3ccc(S(=O)(=O)N(C)C)cc32)CC1,1,medium,False,False,True,False,external
C/C=C/C[C@@H](C)[C@@H](O)[C@H]1C(=O)N[C@@H](CC)C(=O)N(C)CC(=O)N(C)[C@@H](CC(C)C)C(=O)N[C@@H](C(C)C)C(=O)N(C)[C@@H](CC(C)C)C(=O)N[C@@H](C)C(=O)N[C@H](C)C(=O)N(C)[C@@H](CC(C)C)C(=O)N(C)[C@@H](CC(C)C)C(=O)N(C)[C@@H](C(C)C)C(=O)N1C,1,medium,True,False,False,False,external
CCC(C)(C)C(=O)O[C@H]1C[C@@H](C)C=C2C=C[C@H](C)[C@H](CC[C@@H]3C[C@@H](O)CC(=O)O3)[C@H]21,1,medium,False,True,True,False,external
N#CC1CCCN1C(=O)CNC12CC3CC(CC(O)(C3)C1)C2,1,medium,False,False,True,False,external
Oc1ccc(C2C[NH2+]CCc3c2cc(O)c(O)c3Cl)cc1,0,high,False,True,False,True,external
Cc1c(O)c(=O)ccn1C,1,medium,False,False,True,False,external
CC[C@@H]([C@H](C)O)n1ncn(-c2ccc(N3CCN(c4ccc(OCC5CO[C@@](Cn6cncn6)(c6ccc(F)cc6F)C5)cc4)CC3)cc2)c1=O,1,medium,False,False,True,False,external
CN1CCN(C(c2ccccc2)c2ccccc2)CC1,1,medium,False,False,True,False,external
[Cl][Pt+2][Cl],1,medium,False,False,True,False,external
CC(C)[C@H](N)C(=O)OCCOCn1cnc2c(=O)nc(N)[nH]c21,1,medium,True,False,False,False,external
CC(C)C1CCC(C(=O)NC(Cc2ccccc2)C(=O)O)CC1,1,medium,False,False,True,False,external
CC(=O)N(CC(O)CO)c1c(I)c(C(=O)NCC(O)CO)c(I)c(C(=O)NCC(O)CO)c1I,0,high,False,True,False,True,external
CCCN1CCCCC1C(=O)Nc1c(C)cccc1C,1,medium,False,False,True,False,external
Nc1ccc(N=Nc2ccccc2)c(N)n1,1,medium,False,False,True,False,external
CC(=O)C1(O)CCC2C3C=C(Cl)C4=CC(=O)C5CC5C4(C)C3CCC21C,1,medium,False,False,True,False,external
CCCCCCCCCCCCCC(=O)NCCCC[C@H](NC(=O)[C@@H]1CCCN1C(=O)[C@@H](NC(=O)[C@H](Cc1ccc(O)cc1)NC(=O)[C@H](Cc1ccccc1)NC(=O)[C@H](Cc1ccccc1)NC(=O)CNC(=O)[C@H](CCCNC(=N)N)NC(=O)[C@H](CCC(=O)O)NC(=O)CNC(=O)[C@@H]1CSSC[C@@H](C(=O)N[C@@H](CC(N)=O)C(=O)O)NC(=O)[C@H](Cc2ccc(O)cc2)NC(=O)[C@H](CC(N)=O)NC(=O)[C@H](CCC(=O)O)NC(=O)[C@H](CC(C)C)NC(=O)[C@H](CCC(N)=O)NC(=O)[C@H](Cc2ccc(O)cc2)NC(=O)[C@H](CC(C)C)NC(=O)[C@H](CO)NC(=O)[C@@H]2CSSC[C@H](NC(=O)[C@H](CCC(N)=O)NC(=O)[C@H](CCC(=O)O)NC(=O)[C@@H](NC(=O)[C@@H](NC(=O)CN)[C@@H](C)CC)C(C)C)C(=O)N[C@@H](CSSC[C@H](NC(=O)[C@H](CC(C)C)NC(=O)[C@H](Cc3c[nH]cn3)NC(=O)[C@H](CCC(N)=O)NC(=O)[C@H](CC(N)=O)NC(=O)[C@@H](NC(=O)[C@@H](N)Cc3ccccc3)C(C)C)C(=O)NCC(=O)N[C@@H](CO)C(=O)N[C@@H](Cc3c[nH]cn3)C(=O)N[C@@H](CC(C)C)C(=O)N[C@@H](C(C)C)C(=O)N[C@@H](CCC(=O)O)C(=O)N[C@@H](C)C(=O)N[C@@H](CC(C)C)C(=O)N[C@@H](Cc3ccc(O)cc3)C(=O)N[C@@H](CC(C)C)C(=O)N[C@@H](C(C)C)C(=O)N1)C(=O)N[C@@H]([C@@H](C)O)C(=O)N[C@@H](CO)C(=O)N[C@@H]([C@@H](C)CC)C(=O)N2)[C@@H](C)O)C(=O)O,1,medium,False,False,True,False,external
CC[C@H](C)[C@H](NC(=O)[C@H](CS)NC(=O)[C@H](CCCCN)NC(=O)[C@H](CC(N)=O)NC(=O)CNC(=O)[C@H](CCC(N)=O)NC(=O)CNC(=O)[C@H](CS)NC(=O)[C@@H](NC(=O)[C@H](CC(N)=O)NC(=O)[C@H](CO)NC(=O)CNC(=O)[C@H](CCC(=O)O)NC(=O)[C@H](CS)NC(=O)[C@H](CC(C)C)NC(=O)[C@H](CS)NC(=O)[C@H](CC(C)C)NC(=O)[C@H](CC(N)=O)NC(=O)[C@H](CCC(N)=O)NC(=O)CNC(=O)[C@H](CO)NC(=O)[C@H](CCC(=O)O)NC(=O)[C@@H](NC(=O)[C@H](CS)NC(=O)[C@H](CC(=O)O)NC(=O)[C@@H](NC(=O)[C@H](Cc1ccc(O)cc1)NC(=O)[C@@H](NC(=O)[C@@H](N)CC(C)C)[C@@H](C)O)[C@@H](C)O)[C@@H](C)O)C(C)C)C(=O)N[C@@H](CC(C)C)C(=O)NCC(=O)N[C@@H](CO)C(=O)N[C@@H](CC(=O)O)C(=O)NCC(=O)N[C@@H](CCC(=O)O)C(=O)N[C@@H](CCCCN)C(=O)N[C@@H](CC(N)=O)C(=O)N[C@@H](CCC(N)=O)C(=O)N[C@@H](CS)C(=O)N[C@H](C(=O)N[C@H](C(=O)NCC(=O)N[C@@H](CCC(=O)O)C(=O)NCC(=O)N[C@H](C(=O)N1CCC[C@H]1C(=O)N[C@@H](CCCCN)C(=O)N1CCC[C@H]1C(=O)N[C@@H](CCC(N)=O)C(=O)N[C@@H](CO)C(=O)N[C@@H](Cc1cnc[nH]1)C(=O)N[C@@H](CC(N)=O)C(=O)N[C@@H](CC(=O)O)C(=O)NCC(=O)N[C@@H](CC(=O)O)C(=O)N[C@@H](Cc1ccccc1)C(=O)N[C@@H](CCC(=O)O)C(=O)N[C@@H](CCC(=O)O)C(=O)N[C@H](C(=O)N1CCC[C@H]1C(=O)N[C@@H](CCC(=O)O)C(=O)N[C@@H](CCC(=O)O)C(=O)N[C@@H](Cc1ccc(O)cc1)C(=O)N[C@@H](CC(C)C)C(=O)N[C@@H](CCC(N)=O)C(=O)O)[C@@H](C)CC)[C@@H](C)O)[C@@H](C)O)C(C)C,1,medium,False,False,True,False,external
CCC(C(=O)O)c1ccccc1,1,medium,False,False,True,False,external
CCN1C(=O)NC(c2ccccc2)C1=O,0,high,False,True,False,True,external
CC(NC(CCc1ccccc1)C(=O)O)C(=O)N1C(C(=O)O)CC2CCCCC21,1,medium,False,False,True,False,external
CC(=O)C[C@@H](c1ccc([N+](=O)[O-])cc1)c1c([O-])oc2ccccc2c1=O,1,medium,False,False,True,False,external
O=C(O)[C@@H]1O[C@@H](O[C@H]2[C@H](O)[C@@H](NS(=O)(=O)O)[C@@H](O)O[C@@H]2COS(=O)(=O)O)[C@H](OS(=O)(=O)O)[C@@H](O)[C@@H]1O,1,medium,False,False,True,False,external
CC(C)(Oc1ccc(CCNC(=O)c2ccc(Cl)cc2)cc1)C(=O)O,1,medium,False,False,True,False,external
O=C(NCCO[N+](=O)[O-])c1cccnc1,1,medium,False,False,True,False,external
CN(C)C/C=C/C(=O)Nc1cc2c(Nc3ccc(F)c(Cl)c3)ncnc2cc1O[C@@H]1CCOC1,1,medium,False,False,True,False,external
COc1cc2c(cc1OC)CN(C(=O)[C@H](C)N[C@@H](CCc1ccccc1)C(=O)O)[C@H](C(=O)O)C2,1,medium,False,False,True,False,external
Clc1ccc(CCC(Cn2ccnc2)Sc2c(Cl)cccc2Cl)cc1,0,high,False,True,False,True,external
CC[C@H](C)[C@H](NC(=O)[C@H](CC(C)C)NC(=O)[C@H](CO)NC(=O)[C@H](Cc1cnc[nH]1)NC(=O)[C@@H](NC(=O)[C@H](CC(C)C)NC(=O)[C@H](CO)NC(=O)[C@@H](NC(=O)[C@H](Cc1ccc(O)cc1)NC(C)=O)[C@@H](C)O)[C@@H](C)CC)C(=O)N[C@@H](CCC(=O)O)C(=O)N[C@@H](CCC(=O)O)C(=O)N[C@@H](CO)C(=O)N[C@@H](CCC(N)=O)C(=O)N[C@@H](CC(N)=O)C(=O)N[C@@H](CCC(N)=O)C(=O)N[C@@H](CCC(N)=O)C(=O)N[C@@H](CCC(=O)O)C(=O)N[C@@H](CCCCN)C(=O)N[C@@H](CC(N)=O)C(=O)N[C@@H](CCC(=O)O)C(=O)N[C@@H](CCC(N)=O)C(=O)N[C@@H](CCC(=O)O)C(=O)N[C@@H](CC(C)C)C(=O)N[C@@H](CC(C)C)C(=O)N[C@@H](CCC(=O)O)C(=O)N[C@@H](CC(C)C)C(=O)N[C@@H](CC(=O)O)C(=O)N[C@@H](CCCCN)C(=O)N[C@@H](Cc1c[nH]c2ccccc12)C(=O)N[C@@H](C)C(=O)N[C@@H](CO)C(=O)N[C@@H](CC(C)C)C(=O)N[C@@H](Cc1c[nH]c2ccccc12)C(=O)N[C@@H](CC(N)=O)C(=O)N[C@@H](Cc1c[nH]c2ccccc12)C(=O)N[C@@H](Cc1ccccc1)C(N)=O,1,medium,False,False,True,False,external
CN(C)CCOc1ccc(C(=C(CCCl)c2ccccc2)c2ccccc2)cc1,1,medium,False,False,True,False,external
CCN(CC)C(=O)[C@]1(c2ccccc2)C[C@@H]1C[NH3+],1,medium,False,True,True,False,external
O=C(O)C1=C/C(=N/Nc2ccc(S(=O)(=O)Nc3ccccn3)cc2)C=CC1=O,1,medium,False,False,True,False,external
NS(=O)(=O)c1cc(C2(O)NC(=O)c3ccccc32)ccc1Cl,1,medium,False,True,True,False,external
C#CC1(O)CCC2C3C(C)CC4=C(CCC(=O)C4)C3CCC21C,1,medium,False,False,True,False,external
COc1ccc2c3c1O[C@H]1C[C@@H](O)C=C[C@@]31CCN(C)C2,1,medium,True,False,False,False,external
Cc1ccc(-c2nc3ccc(C)cn3c2CC(=O)N(C)C)cc1,1,medium,False,True,True,False,external
O=C(O)CCNC(=O)c1ccc(N/N=C2\C=CC(=O)C(C(=O)O)=C2)cc1,1,medium,False,False,True,False,external
OCCN1CCN(CCC=C2c3ccccc3Sc3ccc(Cl)cc32)CC1,1,medium,False,False,True,False,external
CCC[C@H](N[C@@H](C)C(=O)N1[C@H](C(=O)O)C[C@@H]2CCCC[C@@H]21)C(=O)O,1,medium,False,False,True,False,external
[O]=[99Tc](=[O])(=[O])[O-],0,high,False,True,False,True,external
[O]=[Fe][OH],1,medium,False,False,True,False,external
O=c1[nH]c(=O)n([C@H]2C[C@H](O)[C@@H](CO)O2)cc1C(F)(F)F,0,high,False,True,False,True,external
NC(=O)Cc1cccc(C(=O)c2ccccc2)c1N,0,high,False,True,False,True,external
CN1CCC(CNc2ccc3ncc(-c4cccc(OC(F)(F)F)c4)n3n2)CC1,1,medium,True,False,False,False,external
CO[C@H]1C[C@@H]2CC[C@@H](C)[C@@](O)(O2)C(=O)C(=O)N2CCCC[C@H]2C(=O)O[C@H]([C@H](C)C[C@@H]2CC[C@@H](OCCO)[C@H](OC)C2)CC(=O)[C@H](C)/C=C(\C)[C@@H](O)[C@@H](OC)C(=O)[C@H](C)C[C@H](C)/C=C/C=C/C=C/1C,1,high,True,False,True,False,external
C#CC1(O)CCC2C3CCC4=CC(=O)CCC4C3CCC21C,1,medium,False,False,True,False,external
CN(C)NN=C1N=CN=C1C(N)=O,1,medium,False,False,True,False,external
C[C@H]1c2cccc([O-])c2C([O-])=C2C(=O)[C@]3(O)C(=O)C(=C(N)[O-])C(=O)[C@@H](N(C)C)[C@@H]3[C@@H]([O-])[C@@H]21,1,medium,False,False,True,False,external
C[C@@]1(COc2ccc(N3CCC(Oc4ccc(OC(F)(F)F)cc4)CC3)cc2)Cn2cc([N+](=O)[O-])nc2O1,1,medium,False,False,True,False,external
NCCC(O)(P(=O)([O-])O)P(=O)([O-])O,1,medium,False,False,True,False,external
CC(C)Cn1cnc2c(N)nc3ccccc3c21,1,medium,False,True,True,False,external
Clc1ccc2c(c1)C(N1CCNCC1)=Nc1ccccc1O2,1,medium,False,False,True,False,external
CN1/C(=C(\[O-])Nc2ccccn2)C(=O)c2ccccc2S1(=O)=O,1,medium,False,False,True,False,external
COCCOC(=O)C1=C(C)NC(C)=C(C(=O)OC(C)C)C1c1cccc([N+](=O)[O-])c1,1,medium,False,True,True,False,external
C[C@@H](O)[C@H]1C(=O)N2C(C(=O)O)=C(S[C@@H]3CN[C@H](CNS(N)(=O)=O)C3)[C@H](C)[C@H]12,1,medium,False,False,True,False,external
CC(C(=O)O)c1cccc(Oc2ccccc2)c1,1,medium,False,False,True,False,external
CCOP(=O)(OCC)C(C)NC(=O)N(CCCl)N=O,1,medium,False,False,True,False,external
CCN[C@H]1CN(CCCOC)S(=O)(=O)c2sc(S(N)(=O)=O)cc21,1,medium,False,False,True,False,external
CC(=O)NCCCS(=O)(=O)O,1,medium,False,False,True,False,external
CCCCCCCCCC(=O)OC1CCC2C3CCC4=CC(=O)CCC4C3CCC12C,1,medium,False,False,True,False,external
Cc1c(C2(c3cc(Br)c(O)c(Br)c3C)OS(=O)(=O)c3ccccc32)cc(Br)c(O)c1Br,1,medium,False,False,True,False,external
O=C1C=CC=C/C1=C1\N/C(=C2/C=CC=CC2=O)N(c2ccc(C(=O)O)cc2)N1,1,medium,False,False,True,False,external
CCn1cc(C(=O)O)c(=O)c2ccc(C)nc21,1,medium,False,False,True,False,external
Cc1cccc([C@@H](C)c2cnc[nH]2)c1C,1,medium,False,False,True,False,external
Cc1cnc(NC(=O)C2=C([O-])c3ccccc3S(=O)(=O)N2C)s1,1,medium,False,False,True,False,external
COc1cc2nccc(Oc3ccc(NC(=O)C4(C(=O)Nc5ccc(F)cc5)CC4)cc3)c2cc1OC,1,medium,False,False,True,False,external
CC(=O)NS(=O)(=O)c1ccc(N)cc1,1,medium,False,False,True,False,external
Cc1ccc(-n2[nH]c(C)c(N/N=C3\C=CC=C(c4cccc(C(=O)O)c4)C3=O)c2=O)cc1C,1,medium,False,False,True,False,external
CC1(C)N=C(N)N=C(N)N1OCCCOc1cc(Cl)c(Cl)cc1Cl,1,medium,False,False,True,False,external
C=C1CC2CCC34CC5OC6C(OC7CCC(CC(=O)CC8C(CC9OC(CCC1O2)CC(C)C9=C)OC(CC(O)CN)C8OC)OC7C6O3)C5O4,1,medium,False,False,True,False,external
Oc1cc(Cl)ccc1Oc1ccc(Cl)cc1Cl,0,high,False,True,False,True,external
CCN1CCN(C(=O)NC(C(=O)NC2C(=O)N3C2SC(C)(C)C3C(=O)[O-])c2ccccc2)C(=O)C1=O,1,medium,False,False,True,False,external
O=C1c2cccc3c2[C@@H](CCC3)CN1[C@@H]1CN2CCC1CC2,1,medium,False,False,True,False,external
Clc1ccc(C(Cn2ccnc2)OCc2csc3c(Cl)cccc23)c(Cl)c1,0,high,False,True,False,True,external
CN(C)C(=O)C(CC[NH+]1CCC(O)(c2ccc(Cl)cc2)CC1)(c1ccccc1)c1ccccc1,0,high,False,True,False,True,external
O=C([NH2+]CC1CCCCN1)c1cc(OCC(F)(F)F)ccc1OCC(F)(F)F,1,medium,False,False,True,False,external
O=NN(CCCl)C(=O)NCCCl,1,medium,False,False,True,False,external
Cc1[nH]c2ccccc2c1CCNCc1ccc(/C=C/C(=O)NO)cc1,1,medium,True,False,False,False,external
CC12C=CC(=O)C=C1CCC1C3CC(O)C(O)(C(=O)CO)C3(C)CC(O)C12F,1,medium,False,False,True,False,external
CN1CCN(c2ccc3c(c2)N/C(=C2/C(=O)N=c4cccc(F)c4=C2N)N3)CC1,1,medium,True,False,False,False,external
OCCN1CCN(CCCN2c3ccccc3Sc3ccc(C(F)(F)F)cc32)CC1,1,medium,False,False,True,False,external
Nc1nc(=O)c2c(CCc3ccc(C(=O)N[C@@H](CCC(=O)O)C(=O)O)cc3)c[nH]c2[nH]1,1,medium,True,False,False,False,external
Cc1onc(-c2c(F)cccc2Cl)c1C(=O)NC1C(=O)N2C1SC(C)(C)C2C(=O)O,1,medium,False,False,True,False,external
CCCCCCCCCC(=O)OCCN1CCN(CCCN2c3ccccc3Sc3ccc(C(F)(F)F)cc32)CC1,1,medium,False,False,True,False,external
O=C(OCc1ccccc1)c1ccccc1,0,high,False,True,False,True,external
NC(=O)CCC(N)C(=O)O,1,medium,False,False,True,False,external
CS(C)=O,0,high,False,True,False,True,external
O=C1CCc2cc(OCCCCc3nnnn3C3CCCCC3)ccc2N1,1,medium,False,True,True,False,external
COCCCCC(=NOCCN)c1ccc(C(F)(F)F)cc1,1,medium,False,False,True,False,external
C[C@@H]1C[C@H]2[C@@H]3C[C@H](F)C4=CC(=O)C=C[C@]4(C)[C@@]3(F)[C@@H](O)C[C@]2(C)[C@@]1(OC(=O)c1ccco1)C(=O)SCF,0,high,False,True,False,True,external
COC12CCC3(CC1C(C)(O)C(C)(C)C)C1Cc4ccc(O)c5c4C3(CCN1CC1CC1)C2O5,1,medium,False,False,True,False,external
Nc1nc(F)nc2c1ncn2[C@@H]1O[C@H](CO)[C@@H](O)[C@@H]1O,1,medium,True,False,False,False,external
CC[C@H](C)[C@H](NC(=O)[C@H](Cc1ccccc1)NC(=O)[C@H](CC(=O)O)NC(=O)[C@H](CCCNC(=N)N)NC(=O)[C@H](C)NC(=O)[C@H](C)NC(=O)[C@H](CC(C)C)NC(=O)[C@H](CC(N)=O)NC(=O)[C@H](CC(=O)O)NC(=O)[C@H](CC(C)C)NC(=O)[C@@H](NC(=O)[C@@H](NC(=O)[C@H](CC(N)=O)NC(=O)[C@H](CCSC)NC(=O)[C@H](CCC(=O)O)NC(=O)[C@H](CC(=O)O)NC(=O)[C@H](CO)NC(=O)[C@H](Cc1ccccc1)NC(=O)[C@H](CO)NC(=O)CNC(=O)[C@H](CC(=O)O)NC(=O)CNC(=O)[C@@H](N)Cc1cnc[nH]1)[C@@H](C)O)[C@@H](C)CC)C(=O)N[C@@H](CC(N)=O)C(=O)N[C@@H](Cc1c[nH]c2ccccc12)C(=O)N[C@@H](CC(C)C)C(=O)N[C@H](C(=O)N[C@@H](CCC(N)=O)C(=O)N[C@H](C(=O)N[C@@H](CCCCN)C(=O)N[C@H](C(=O)N[C@H](C(=O)N[C@@H](CC(=O)O)C(=O)O)[C@@H](C)O)[C@@H](C)CC)[C@@H](C)O)[C@@H](C)CC,1,medium,False,False,True,False,external
COc1ccccc1OCC(O)COC(N)=O,1,medium,False,True,True,False,external
CCCN1CC(CSC)CC2c3cccc4[nH]cc(c34)CC21,1,medium,False,False,True,False,external
FCOC(C(F)(F)F)C(F)(F)F,1,medium,False,True,True,False,external
CC(C)Nc1cccnc1N1CCN(C(=O)c2cc3cc(NS(C)(=O)=O)ccc3[nH]2)CC1,1,medium,False,True,True,False,external
C[C@]12C=CC(=O)C=C1CC[C@@H]1[C@@H]2[C@@H](O)C[C@@]2(C)[C@H]1CC[C@]2(O)C(=O)CO,1,medium,True,False,False,False,external
NC(=O)N1c2ccccc2CC(O)c2ccccc21,1,medium,False,False,True,False,external
Cc1ccc(C(=O)Nc2ccc(CN3CCN(C)CC3)c(C(F)(F)F)c2)cc1C#Cc1cnc2cccnn12,1,high,True,False,True,False,external
Nc1ccn(C[C@@H](CO)OCP(=O)(O)O)c(=O)n1,1,medium,False,False,True,False,external
Cc1ccc(-c2ncc(Cl)cc2-c2ccc(S(C)(=O)=O)cc2)cn1,1,medium,False,False,True,False,external
Nc1nc(Cl)nc2c1ncn2[C@@H]1O[C@H](CO)[C@@H](O)[C@@H]1F,1,high,True,False,True,False,external
COc1cc2c(c(OC)c1OC)-c1ccc(OC)c(=O)cc1C(NC(C)=O)CC2,1,medium,False,False,True,False,external
OC[C@H]1O[C@@](CO)(O[C@H]2O[C@H](CO)[C@@H](O)[C@H](O)[C@H]2O)[C@@H](O)[C@@H]1O,0,high,False,True,False,True,external
CC(Cn1cnc2c(N)ncnc21)OCP(=O)(O)O,1,medium,False,False,True,False,external
O=C1C(=O)c2ccccc2C(O)=C1C1CCC(c2ccc(Cl)cc2)CC1,1,medium,False,False,True,False,external
O=C(O)[C@@H]1C[C@@H](C2CCCCC2)CN1C(=O)CP(=O)(O)CCCCc1ccccc1,1,medium,False,False,True,False,external
CN1CCN(C2=Nc3ccccc3Oc3ccc(Cl)cc32)CC1,1,medium,False,False,True,False,external
Nc1ccn([C@@H]2O[C@H](CO)[C@@H](O)[C@@H]2O)c(=O)n1,1,medium,True,False,False,False,external
CC[C@H](C)C(=O)O[C@H]1C[C@@H](C)C=C2C=C[C@H](C)[C@H](CC[C@@H]3C[C@@H](O)CC(=O)O3)[C@H]21,1,medium,True,False,False,False,external
O=C(O)CC(O)(CC(=O)O)C(=O)O,1,medium,False,False,True,False,external
CCCN(CCC)S(=O)(=O)c1ccc(C(=O)O)cc1,1,medium,False,False,True,False,external
CCNC(=O)[C@@H]1CCCN1C(=O)[C@H](CCCN=C(N)N)NC(=O)[C@H](CC(C)C)NC(=O)[C@@H](Cc1cn(Cc2ccccc2)cn1)NC(=O)[C@H](Cc1ccc(O)cc1)NC(=O)[C@H](CO)NC(=O)[C@H](Cc1c[nH]c2ccccc12)NC(=O)[C@H](Cc1cnc[nH]1)NC(=O)[C@@H]1CCC(=O)N1,1,medium,False,False,True,False,external
CCOC(=O)C(CCc1ccccc1)NC1CCCN2CCCC(C(=O)O)N2C1=O,1,medium,False,False,True,False,external
C[C@H]1c2cccc(O)c2C(O)=C2C(=O)[C@]3(O)C(O)=C(C(N)=O)C(=O)[C@@H](N(C)C)C3C(O)C21,1,medium,False,False,True,False,external
C#CCNC1CCc2ccccc21,1,medium,False,False,True,False,external
CC1(C)S[C@@H]2[C@H](NC(=O)[C@H](C(=O)O)c3ccsc3)C(=O)N2[C@H]1C(=O)O,1,medium,False,False,True,False,external
S=[Se]=S,0,high,False,True,False,True,external
FC(F)OC(F)(F)C(F)Cl,1,medium,False,True,True,False,external
C=CCC1(C(C)C#CCC)C(=O)NC(=O)N(C)C1=O,0,high,False,True,False,True,external
C[C@@H]1C[C@H]2C3C[C@H](F)C4=CC(=O)C=C[C@]4(C)[C@@]3(F)[C@@H](O)C[C@]2(C)[C@@]1(O)C(=O)SCF,1,medium,False,False,True,False,external
CN(CCCl)CCCl,1,medium,False,False,True,False,external
Cc1ccccc1N1C(=O)c2cc(S(N)(=O)=O)c(Cl)cc2NC1C,1,medium,False,True,True,False,external
CCCC(C)C1(CC)C(=O)NC(=O)NC1=O,1,medium,False,True,True,False,external
CCOc1nc2cccc(C(=O)OCc3oc(=O)oc3C)c2n1Cc1ccc(-c2ccccc2-c2nc(=O)o[nH]2)cc1,0,high,False,True,False,True,external
CC(C)[C@H](N)C(=O)OCC(CO)OCn1cnc2c(=O)nc(N)[nH]c21,1,medium,False,False,True,False,external
CN1C(=O)C(O)N=C(c2ccccc2)c2cc(Cl)ccc21,1,medium,False,True,True,False,external
CCCC1CC(C(=O)NC(C(C)O)C2OC(SC)C(O)C(O)C2O)N(C)C1,1,medium,False,False,True,False,external
CC(C)OC(=O)CCCC=CCC1C(O)CC(O)C1CCC(O)CCc1ccccc1,1,medium,False,False,True,False,external
CC1=C(CCC(=O)O)c2cc3nc(cc4[nH]c(cc5[nH]c(cc1n2)c(C)c5C(C)O)c(C)c4C(C)OC(C)c1c(C)c2cc4nc(cc5nc(cc6[nH]c(cc1[nH]2)c(C)c6C(C)O)C(C)=C5CCC(=O)O)C(CCC(=O)O)=C4C)C(C)=C3CCC(=O)O,1,medium,False,False,True,False,external
CN(C)c1ccc2nc3ccc(=[N+](C)C)cc-3sc2c1,1,medium,False,False,True,False,external
CC(=O)C1(O)Cc2c(O)c3c(c(O)c2C(OC2CC(N)C(O)C(C)O2)C1)C(=O)c1ccccc1C3=O,1,medium,False,False,True,False,external
CN1C2CCCC1CC(NC(=O)c1nn(C)c3ccccc13)C2,1,medium,False,False,True,False,external
CC(C)CNCc1ccc(-c2ccccc2S(=O)(=O)N2CCCC2)cc1,1,medium,True,False,False,False,external
C=C1N(CCCCCC(=O)O)c2ccccc2C1(C)C,1,medium,True,False,False,False,external
C[C@@H](N[C@@H](CCc1ccccc1)C(=O)O)C(=O)N1CCC[C@H]1C(=O)O,1,medium,False,False,True,False,external
O=P(O)(O)C(O)(Cc1cccnc1)P(=O)(O)O,1,medium,False,False,True,False,external
CC(C)C1NC(=O)C(CCCCN)NC(=O)C(Cc2c[nH]c3ccccc23)NC(=O)C(Cc2ccc(O)cc2)NC(=O)C(NC(=O)C(N)Cc2ccc3ccccc3c2)CSSCC(C(=O)NC(C(N)=O)C(C)O)NC1=O,1,medium,False,False,True,False,external
Nc1ccn(C2CCC(CO)O2)c(=O)n1,1,medium,False,False,True,False,external
CCOC(=O)c1ccc(C#Cc2ccc3c(c2)C(C)(C)CCS3)nc1,0,high,False,True,False,True,external
CCC1(c2ccccc2)NC(=O)N(C)C1=O,1,medium,False,True,True,False,external
CC(=O)OCC(CCn1cnc2cnc(N)nc21)COC(C)=O,1,medium,False,True,True,False,external
NC(CO)(CO)CO,1,medium,False,False,True,False,external
CC12CC[C@@H]3c4ccc(OS(=O)(=O)O)cc4CCC3[C@@H]1CCC2=O,1,medium,False,False,True,False,external
