smiles,label,novel_scaffold,prob,pred
C1CC1NC2=C3C(=NC(=N2)N)N(C=N3)C4CC(C=C4)CO.C1CC1NC2=C3C(=NC(=N2)N)N(C=N3)C4CC(C=C4)CO.OS(=O)(=O)O,1,True,0.8970126628875732,1
CCC(C)C(C(=O)NC(CCC(=O)N)C(=O)NC(CC(=O)O)C(=O)NC(CC(C)C)C(=O)NC(CCCNC(=N)N)C(=O)NC(CCCNC(=N)N)C(=O)NC(CCCNC(=N)N)C(=O)NC(CCC(=O)O)C(=O)NC(CC(C)C)C(=O)NC(CC(C)C)C(=O)NC(CCC(=O)O)C(=O)NC(CCCCN)C(=O)NC(CC(C)C)C(=O)NC(CC(C)C)C(=O)NC(C)(C)C(=O)NC(CCCCN)C(=O)NC(CC(C)C)C(=O)NC(CC1=CN=CN1)C(=O)NC(C(C)O)C(=O)NC(C)C(=O)N)NC(=O)C(CO)NC(=O)C(CCCCN)NC(=O)CNC(=O)C(CCCCN)NC(=O)C(CC(=O)O)NC(=O)C(CC2=CN=CN2)NC(=O)C(CC(C)C)NC(=O)C(CC(C)C)NC(=O)C(CCC(=O)N)NC(=O)C(CC3=CN=CN3)NC(=O)C(CCC(=O)O)NC(=O)C(CO)NC(=O)C(C(C)C)NC(=O)C(C)N,0,True,0.451715362071991,1
CCN1CCN(CC1)CC2=CN=C(C=C2)NC3=NC=C(C(=N3)C4=CC5=C(C(=C4)F)N=C(N5C(C)C)C)F,1,True,0.9479835510253907,1
CC(=O)OC1CCC2(C3CCC4(C(C3CC=C2C1)CC=C4C5=CN=CC=C5)C)C,1,True,0.08144205138087272,0
CC(=O)NCCCS(=O)(=O)[O-].CC(=O)NCCCS(=O)(=O)[O-].[Ca+2],1,True,0.1498735249042511,1
CC1C(C(C(C(O1)OC2C(OC(C(C2O)O)OC(C(CO)O)C(C(C=O)O)O)CO)O)O)NC3C=C(C(C(C3O)O)O)CO,1,True,0.7109700798988342,1
CCCC(=O)NC1=CC(=C(C=C1)OCC(CNC(C)C)O)C(=O)C.Cl,1,False,0.19107807874679567,1
C1=CC=C(C(=C1)CC(=O)OCC(=O)O)NC2=C(C=CC=C2Cl)Cl,1,True,0.9526157021522522,1
CC(=O)NC1=CC=C(C=C1)O,1,False,0.06877118200063706,0
CC(=O)OCC[N+](C)(C)C.[Cl-],0,True,0.007082144916057587,0
CC(=O)NC(CS)C(=O)O,0,True,0.051924470067024234,0
CC1=CC(=C(C(=C1C=CC(=CC=CC(=CC(=O)O)C)C)C)C)OC,1,False,0.859360134601593,1
C1=NC2=C(N1COCCO)N=C(NC2=O)N,1,True,0.9595194339752198,1
CC(C)(C)C(=O)OCOP(=O)(COCCN1C=NC2=C(N=CN=C21)N)OCOC(=O)C(C)(C)C,1,False,0.8621957063674927,1
C1=NC(=C2C(=N1)N(C=N2)C3C(C(C(O3)CO)O)O)N,0,True,0.9868910193443299,1
CC(C(=O)OC(C)(C)CC1=CC=C(C=C1)Cl)N,1,False,0.045152997225522996,0
CC(C(=O)NC(C)C(=O)NC1C2C1CN(C2)C3=C(C=C4C(=O)C(=CN(C4=N3)C5=C(C=C(C=C5)F)F)C(=O)O)F)N.CS(=O)(=O)O,1,False,0.9866577029228211,1
C(CC(O)(P(=O)(O)O)P(=O)(O)[O-])CN.O.O.O.[Na+],1,True,0.04967073798179626,0
CCC(=O)N(C1=CC=CC=C1)C2(CCN(CC2)CCN3C(=O)N(N=N3)CC)COC.Cl,0,True,0.42955549955368044,1
CN(CCCNC(=O)C1CCCO1)C2=NC3=CC(=C(C=C3C(=N2)N)OC)OC.Cl,1,True,0.8630279779434205,1
CC(C)C(CC1=CC(=C(C=C1)OC)OCCCOC)CC(C(CC(C(C)C)C(=O)NCC(C)(C)C(=O)N)O)N.CC(C)C(CC1=CC(=C(C=C1)OC)OCCCOC)CC(C(CC(C(C)C)C(=O)NCC(C)(C)C(=O)N)O)N.C(=CC(=O)O)C(=O)O,1,True,0.3867483794689178,1
CN(C)CCC1=CNC2=C1C=C(C=C2)CS(=O)(=O)N3CCCC3.C(C(C(=O)O)O)C(=O)O,0,True,0.8169278860092163,1
CC1=C(N=CN1)CN2CCC3=C(C2=O)C4=CC=CC=C4N3C.Cl,1,True,0.4245279312133789,1
CC1=C(SC(=N1)NC(=O)N2CCCC2C(=O)N)C3=CC(=NC=C3)C(C)(C)C(F)(F)F,1,True,0.9634974241256714,1
CCCN(CCC)C(=O)CC1=C(N=C2N1C=C(C=C2)Cl)C3=CC=C(C=C3)Cl,1,True,0.39777061343193054,1
CC1=NN=C2N1C3=C(C=C(C=C3)Cl)C(=NC2)C4=CC=CC=C4,1,True,0.9661850929260254,1
CC[N+](CC)(CCNC(=O)C(=O)NCC[N+](CC)(CC)CC1=CC=CC=C1Cl)CC2=CC=CC=C2Cl.[Cl-].[Cl-],0,True,0.12521896958351136,1
C1=CN=CC(=C1N)N,0,False,0.2496017798781395,1
C1C(C(C(C(C1NC(=O)C(CCN)O)OC2C(C(C(C(O2)CO)O)N)O)O)OC3C(C(C(C(O3)CN)O)O)O)N.OS(=O)(=O)O.OS(=O)(=O)O,0,False,0.1699497938156128,1
C1(=C(N=C(C(=N1)Cl)N)N)C(=O)N=C(N)N.O.O.Cl,1,False,0.9037668466567993,1
C1CC2=CC=CC=C2C(C3=CC=CC=C31)NCCCCCCC(=O)O,1,True,0.11995748952031135,1
C1=CC(=CC=C1C(=O)NCC(=O)[O-])N.[Na+],0,False,0.2861856043338776,1
CN1C2=C(C(=O)N(C1=O)C)NC=N2.CN1C2=C(C(=O)N(C1=O)C)NC=N2.C(CN)N,0,True,0.8047484278678894,1
C1=CC(=C(C=C1N)O)C(=O)O,1,False,0.030798621848225592,0
CCCCC1=C(C2=CC=CC=C2O1)C(=O)C3=CC(=C(C(=C3)I)OCCN(CC)CC)I.Cl,1,False,0.36879127025604247,1
CCN1CCCC1CNC(=O)C2=CC(=C(C=C2OC)N)S(=O)(=O)CC,1,True,0.49563010931015017,1
CN(C)CCC=C1C2=CC=CC=C2CCC3=CC=CC=C31.Cl,1,True,0.38412265181541444,1
CCOC(=O)C1=C(NC(=C(C1C2=CC=CC=C2Cl)C(=O)OC)C)COCCN.C1=CC=C(C=C1)S(=O)(=O)O,1,True,0.9111672639846802,1
CC1(C(N2C(S1)C(C2=O)NC(=O)C(C3=CC=C(C=C3)O)N)C(=O)O)C,1,False,0.8353915810585022,1
CC(CC1=CC=CC=C1)N.CC(CC1=CC=CC=C1)N.OS(=O)(=O)O,1,True,0.21712087988853454,1
CC1C=CC=CC=CC=CC=CC=CC=CC(CC2C(C(CC(O2)(CC(CC(C(CCC(CC(CC(=O)OC(C(C1O)C)C)O)O)O)O)O)O)O)C(=O)O)OC3C(C(C(C(O3)C)O)N)O,1,True,0.16864239871501924,1
CC1(C(N2C(S1)C(C2=O)NC(=O)C(C3=CC=CC=C3)N)C(=O)[O-])C.[Na+],1,False,0.18705663532018663,1
CC(C)(C#N)C1=CC(=CC(=C1)CN2C=NC=N2)C(C)(C)C#N,1,True,0.6035958051681518,1
CCC(C)C(C(=O)NC(CC1=CN=CN1)C(=O)N2CCCC2C(=O)NC(CC3=CC=CC=C3)C(=O)O)NC(=O)C(CC4=CC=C(C=C4)O)NC(=O)C(C(C)C)NC(=O)C(CCCN=C(N)N)NC(=O)C(CC(=O)O)N.CC(=O)O,0,True,0.7726697325706482,1
CCCCCOC1=CC=C(C=C1)C2=CC=C(C=C2)C3=CC=C(C=C3)C(=O)NC4CC(C(NC(=O)C5C(C(CN5C(=O)C(NC(=O)C(NC(=O)C6CC(CN6C(=O)C(NC4=O)C(C)O)O)C(C(C7=CC=C(C=C7)O)O)O)C(C)O)C)O)O)O,1,True,0.8593456029891968,1
CNC(=O)C1=C(C=C(C=C1)N2C(=S)N(C(=O)C23CCC3)C4=CC(=C(N=C4)C#N)C(F)(F)F)F,0,True,0.9889955878257751,1
COC1=CC=C(C=C1)N2C3=C(CCN(C3=O)C4=CC=C(C=C4)N5CCCCC5=O)C(=N2)C(=O)N,1,True,0.9618555903434753,1
CN1CCC2=C3C1CC4=C(C3=CC=C2)C(=C(C=C4)O)O.CN1CCC2=C3C1CC4=C(C3=CC=C2)C(=C(C=C4)O)O.O.Cl.Cl,0,True,0.4251867771148682,1
CCOC1=C(C=CC(=C1)C(CS(=O)(=O)C)N2C(=O)C3=C(C2=O)C(=CC=C3)NC(=O)C)OC,0,True,0.9975548386573792,1
CC1CCN(C(C1)C(=O)O)C(=O)C(CCCN=C(N)N)NS(=O)(=O)C2=CC=CC3=C2NCC(C3)C,0,True,0.6810340046882629,1
C(CC(C(=O)O)N)CN=C(N)N.Cl,0,True,0.008873457740992307,0
C1CC(N(C1)C(=O)C2CSSCC(C(=O)NC(C(=O)NC(C(=O)NC(C(=O)NC(C(=O)N2)CC(=O)N)CCC(=O)N)CC3=CC=CC=C3)CC4=CC=C(C=C4)O)N)C(=O)NC(CCCN=C(N)N)C(=O)NCC(=O)N,0,True,0.2842770516872406,1
C1CC(=O)NC2=C1C=CC(=C2)OCCCCN3CCN(CC3)C4=C(C(=CC=C4)Cl)Cl,1,True,0.38562495112419126,1
CCCCCCCCCCCC(=O)OCN1C(=O)CCC2=C1C=C(C=C2)OCCCCN3CCN(CC3)C4=C(C(=CC=C4)Cl)Cl,1,True,0.7622106909751892,1
CC(C)(C)C(C(=O)NC(CC1=CC=CC=C1)C(CN(CC2=CC=C(C=C2)C3=CC=CC=N3)NC(=O)C(C(C)(C)C)NC(=O)OC)O)NC(=O)OC.OS(=O)(=O)O,1,True,0.9384467840194702,1
CC1=CC=CC=C1OC(CCNC)C2=CC=CC=C2.Cl,1,True,0.1332668513059616,1
CC(C)C1=C(C(=C(N1CCC(CC(CC(=O)[O-])O)O)C2=CC=C(C=C2)F)C3=CC=CC=C3)C(=O)NC4=CC=CC=C4.CC(C)C1=C(C(=C(N1CCC(CC(CC(=O)[O-])O)O)C2=CC=C(C=C2)F)C3=CC=CC=C3)C(=O)NC4=CC=CC=C4.[Ca+2],1,True,0.748443067073822,1
C[N+]1(CCC2=CC(=C(C=C2C1CC3=CC(=C(C=C3)OC)OC)OC)OC)CCC(=O)OCCCCCOC(=O)CC[N+]4(CCC5=CC(=C(C=C5C4CC6=CC(=C(C=C6)OC)OC)OC)OC)C,0,True,0.5270547509193421,1
CCP(CC)CC.CC(=O)OCC1C(C(C(C(O1)[S-])OC(=O)C)OC(=O)C)OC(=O)C.[Au+],1,False,0.2917021244764328,1
COC1=C(C=C(C=C1)CNC2=NC(=NC=C2C(=O)NCC3=NC=CC=N3)N4CCCC4CO)Cl,0,True,0.9560853481292725,1
C1CCC(CC1)N2CCN(CC2)C3=C(N=C(S3)NC(=O)C4=CC(=C(N=C4)N5CCC(CC5)C(=O)O)Cl)C6=CC(=CS6)Cl.C(=CC(=O)O)C(=O)O,0,True,0.9866878271102906,1
CCOC1=NC2=CC=CC(=C2N1CC3=CC=C(C=C3)C4=CC=CC=C4C5=NOC(=O)[N-]5)C(=O)OCC6=C(OC(=O)O6)C.[K+],0,True,0.8714422702789306,1
CCC(C)C1C(=O)NC(C(=O)NC(C(=O)NC(C(=O)NC(C(=O)NCCCCC(C(=O)NC(C(=O)N1)CCCN)NC(=O)C(C(C)CC)NC(=O)C(CCC(=O)O)NC(=O)C(CC(C)C)NC(=O)C2CSC(=N2)C(C(C)CC)N)CC(=O)N)CC(=O)O)CC3=CN=CN3)CC4=CC=CC=C4,0,True,0.34185317158699036,1
C1=CC(=CC=C1C(CC(=O)O)CN)Cl,1,False,0.1266299933195114,1
COC(=O)OCOC1=C2C(=O)N3CCOCC3N(N2C=CC1=O)C4C5=C(CSC6=CC=CC=C46)C(=C(C=C5)F)F,0,True,0.9968032836914062,1
CCOC(=O)C(CCC1=CC=CC=C1)NC2CCC3=CC=CC=C3N(C2=O)CC(=O)O.Cl,1,False,0.9696312069892883,1
CN1C2=C(C=C(C=C2)N(CCCl)CCCl)N=C1CCCC(=O)O.Cl,0,False,0.26933603882789614,1
C1=CC=C(C=C1)CC2NC3=C(C=C(C(=C3)C(F)(F)F)S(=O)(=O)N)S(=O)(=O)N2,1,True,0.9619147300720214,1
CCC1=C(C2=CC=CC=C2O1)C(=O)C3=CC(=C(C(=C3)I)O)I,1,False,0.9514006018638611,1
CC(CC1=CC=CC=C1)N(C)CC2=CC=CC=C2.Cl,0,True,0.2565886914730072,1
CN1C2CCC1CC(C2)OC(C3=CC=CC=C3)C4=CC=CC=C4.CS(=O)(=O)O,0,False,0.18776010870933532,1
CC(C[N+](C)(C)C)OC(=O)N.[Cl-],0,True,0.0021600182401016353,0
CN(C)C(=N)C1=CC=C(C=C1)C(=O)NC2=C(C=C(C=C2)OC)C(=O)NC3=NC=C(C=C3)Cl,0,True,0.9811318397521973,1
C1CCN(CC1)CCC(C2CC3CC2C=C3)(C4=CC=CC=C4)O.Cl,0,True,0.012364016938954591,0
CC(=O)OC1=CC=C(C=C1)C(C2=CC=C(C=C2)OC(=O)C)C3=CC=CC=N3,0,True,0.9419474005699158,1
CCC(C)C(C(=O)N1CCCC1C(=O)NC(CCC(=O)O)C(=O)NC(CCC(=O)O)C(=O)NC(CC2=CC=C(C=C2)O)C(=O)NC(CC(C)C)C(=O)O)NC(=O)C(CCC(=O)O)NC(=O)C(CCC(=O)O)NC(=O)C(CC3=CC=CC=C3)NC(=O)C(CC(=O)O)NC(=O)CNC(=O)C(CC(=O)N)NC(=O)CNC(=O)CNC(=O)CNC(=O)CNC(=O)C4CCCN4C(=O)C(CCCNC(=N)N)NC(=O)C5CCCN5C(=O)C(CC6=CC=CC=C6)N,0,True,0.468391078710556,1
CN1CCN(CC1)CCCOC2=C(C=C3C(=C2)N=CC(=C3NC4=CC(=C(C=C4Cl)Cl)OC)C#N)OC.O,1,True,0.9585678100585937,1
CC(=O)C1CCC2C1(CCC3C2CCC4C3(CCC(C4)O)C)C,0,False,0.7170741558074951,1
C1CN(CCN1CCCCOC2=CC3=C(C=C2)C=CC(=O)N3)C4=C5C=CSC5=CC=C4,0,True,0.7599516153335572,1
CCN(CC1=CC(=CC=C1)S(=O)(=O)[O-])C2=CC(=C(C=C2)C(=C3C=CC(=[N+](CC)CC4=CC(=CC=C4)S(=O)(=O)[O-])C=C3C)C5=CC=C(C=C5)NC6=CC=C(C=C6)OCC)C.[Na+],0,True,0.49812126755714414,1
CCCC1CC(=O)N(C1)C(CC)C(=O)N,0,True,0.008205039240419865,0
C1=CC(=C(C(=C1)C(=O)C2=CC=C(C=C2)Br)N)CC(=O)[O-].C1=CC(=C(C(=C1)C(=O)C2=CC=C(C=C2)Br)N)CC(=O)[O-].O.O.O.[Na+].[Na+],1,True,0.29587758481502535,1
CC(C)CC1C(=O)N2CCCC2C3(N1C(=O)C(O3)(C(C)C)NC(=O)C4CN(C5CC6=C(NC7=CC=CC(=C67)C5=C4)Br)C)O.CS(=O)(=O)O,1,True,0.9520539879798889,1
CN(C)CCC(C1=CC=C(C=C1)Br)C2=CC=CC=N2.C(=CC(=O)O)C(=O)O,0,False,0.7295866966247558,1
CCCC1OC2CC3C4CCC5=CC(=O)C=CC5(C4C(CC3(C2(O1)C(=O)CO)C)O)C,0,True,0.1508372589945793,1
CC(C(=O)C1=CC(=CC=C1)Cl)NC(C)(C)C.Cl,1,False,0.04832545593380928,0
C1CCC2(C3CC4=C(C2(C1)CCN3CC5CCC5)C=C(C=C4)O)O.C(C(C(=O)O)O)(C(=O)O)O,0,True,0.16849178671836854,1
CCNC(=O)N(CCCN(C)C)C(=O)C1CC2C(CC3=CNC4=CC=CC2=C34)N(C1)CC=C,0,True,0.780816626548767,1
CN1C=NC2=C1C(=O)N(C(=O)N2C)C.C(C(=O)O)C(CC(=O)O)(C(=O)O)O,0,True,0.9014437913894653,1
CC(C)CC1C(=O)NC(C(=O)NC(C(=O)NC(CSSCC(C(=O)NC(C(=O)NC(C(=O)N1)CC(=O)N)CO)N)C(=O)NC(C(C)C)C(=O)NC(CC(C)C)C(=O)NCC(=O)NC(CCCCN)C(=O)NC(CC(C)C)C(=O)NC(CO)C(=O)NC(CCC(=O)N)C(=O)NC(CCC(=O)O)C(=O)NC(CC(C)C)C(=O)NC(CC2=CN=CN2)C(=O)NC(CCCCN)C(=O)NC(CC(C)C)C(=O)NC(CCC(=O)N)C(=O)NC(C(C)O)C(=O)NC(CC3=CC=C(C=C3)O)C(=O)N4CCCC4C(=O)NC(CCCNC(=N)N)C(=O)NC(C(C)O)C(=O)NC(CC(=O)N)C(=O)NC(C(C)O)C(=O)NCC(=O)NC(CO)C(=O)NCC(=O)NC(C(C)O)C(=O)N5CCCC5C(=O)N)C(C)O)CO,0,True,0.4078689754009247,1
CC(CCCC(C)(C)O)C1CCC2C1(CCCC2=CC=C3CC(CC(C3=C)O)O)C,0,False,0.0017632822040468455,0
CC(=O)[O-].CC(=O)[O-].[Ca+2],0,True,0.04983035326004028,0
CC1=C(C=C(C=C1)C2C(C(C(C(O2)CO)O)O)O)CC3=CC=C(S3)C4=CC=C(C=C4)F,1,True,0.2518210828304291,1
CCOC1=NC2=CC=CC(=C2N1CC3=CC=C(C=C3)C4=CC=CC=C4C5=NNN=N5)C(=O)OC(C)OC(=O)OC6CCCCC6,1,True,0.9619189739227295,1
CSCCNC1=C2C(=NC(=N1)SCCC(F)(F)F)N(C=N2)C3C(C(C(O3)COP(=O)(O)OP(=O)(C(P(=O)(O)O)(Cl)Cl)O)O)O,0,True,0.5938510537147522,1
CNC(=O)C1=C(C=C(C=C1)C2=NN3C(=CN=C3N=C2)CC4=CC5=C(C=C4)N=CC=C5)F.O.Cl.Cl,1,True,0.9788319587707519,1
CC(CS)C(=O)N1CCCC1C(=O)O,1,True,0.059355535358190534,0
CC1(C(N2C(S1)C(C2=O)NC(=O)C(C3=CC=CC=C3)C(=O)[O-])C(=O)[O-])C.[Na+].[Na+],1,False,0.2184827893972397,1
CN(C)CCOC(C1=CC=C(C=C1)Cl)C2=CC=CC=N2.C(=CC(=O)O)C(=O)O,0,False,0.7510691523551941,1
C1CC(C1)(C(=O)[O-])C(=O)[O-].N.N.[Pt+2],1,True,0.6576136112213135,1
CCCCCC(C)(C=CC1C(CC(C1CC=CCCCC(=O)O)O)O)O.C(C(CO)(CO)N)O,0,True,0.007169922301545739,0
CC(C)CC(C(=O)C1(CO1)C)NC(=O)C(CC2=CC=CC=C2)NC(=O)C(CC(C)C)NC(=O)C(CCC3=CC=CC=C3)NC(=O)CN4CCOCC4,1,True,0.9406351089477539,1
C(CC(=O)O)C(C(=O)O)NC(=O)N,0,True,0.012868084944784641,0
COC1=CC=CC=C1OCCNCC(COC2=CC=CC3=C2C4=CC=CC=C4N3)O,1,True,0.9240126013755798,1
C1C(=C(N2C(S1)C(C2=O)NC(=O)C(C3=CC=CC=C3)N)C(=O)O)Cl,1,False,0.8353121995925903,1
CC1=C(N2C(C(C2=O)NC(=O)C(C3=CC=C(C=C3)O)N)SC1)C(=O)O.CC1=C(N2C(C(C2=O)NC(=O)C(C3=CC=C(C=C3)O)N)SC1)C(=O)O.O,1,True,0.9593677043914794,1
CC1=NN=C(S1)SCC2=C(N3C(C(C3=O)NC(=O)CN4C=NN=N4)SC2)C(=O)[O-].[Na+],1,True,0.8451818108558655,1
C=CC1=C(N2C(C(C2=O)NC(=O)C(=NO)C3=CSC(=N3)N)SC1)C(=O)O,1,True,0.9874379158020019,1
CC1=C(SC=N1)C=CC2=C(N3C(C(C3=O)NC(=O)C(=NOC)C4=CSC(=N4)N)SC2)C(=O)OCOC(=O)C(C)(C)C,1,True,0.9904073715209961,1
C[N+]1(CCCC1)CC2=C(N3C(C(C3=O)NC(=O)C(=NOC)C4=CSC(=N4)N)SC2)C(=O)O.O.Cl.[Cl-],1,True,0.7651742100715637,1
C=CC1=C(N2C(C(C2=O)NC(=O)C(=NOCC(=O)O)C3=CSC(=N3)N)SC1)C(=O)O,1,True,0.9862981319427491,1
CCN1CCN(C(=O)C1=O)C(=O)NC(C2=CC=C(C=C2)O)C(=O)NC3C4N(C3=O)C(=C(CS4)CSC5=NN=NN5C)C(=O)[O-].[Na+],1,True,0.9327266454696655,1
CC(=O)OCC1=C(N2C(C(C2=O)NC(=O)C(=NOC)C3=CSC(=N3)N)SC1)C(=O)[O-].[Na+],1,True,0.5223497569561004,1
CC=CC1=C(N2C(C(C2=O)NC(=O)C(C3=CC=C(C=C3)O)N)SC1)C(=O)O,1,False,0.9899357080459594,1
CCON=C(C1=NSC(=N1)NP(=O)(O)O)C(=O)NC2C3N(C2=O)C(=C(CS3)SC4=NC(=CS4)C5=CC=[N+](C=C5)C)C(=O)[O-],1,True,0.9863243937492371,1
CC(C)(C(=O)O)ON=C(C1=CSC(=N1)N)C(=O)NC2C3N(C2=O)C(=C(CS3)C[N+]4=CC=CC=C4)C(=O)[O-],1,True,0.9848580598831177,1
CN1C(=NC(=O)C(=O)[N-]1)SCC2=C(N3C(C(C3=O)NC(=O)C(=NOC)C4=CSC(=N4)N)SC2)C(=O)[O-].[Na+].[Na+],1,True,0.7863569498062134,1
CON=C(C1=CC=CO1)C(=O)NC2C3N(C2=O)C(=C(CS3)COC(=O)N)C(=O)[O-].[Na+],1,True,0.6028650403022766,1
CC1=C(N2C(C(C2=O)NC(=O)C(C3=CC=CC=C3)N)SC1)C(=O)O,1,False,0.9270789146423339,1
CC1=CC(=C(C=C1C2CCNCC2)OC(C)C)NC3=NC=C(C(=N3)NC4=CC=CC=C4S(=O)(=O)C(C)C)Cl,1,True,0.9407920837402344,1
C1CN(CCN1CCOCC(=O)O)C(C2=CC=CC=C2)C3=CC=C(C=C3)Cl.Cl.Cl,1,False,0.05700123533606529,0
C1=CC(=CC=C1CCCC(=O)O)N(CCCl)CCCl,1,False,0.05067129135131836,0
CN1CCN(CC1)C(C2=CC=CC=C2)C3=CC=C(C=C3)Cl.Cl,1,False,0.01876981873065233,0
CN=C1CN(C(=C2C=C(C=CC2=N1)Cl)C3=CC=CC=C3)O.Cl,1,True,0.4375321865081787,1
CCN(CC)CCCC(C)NC1=C2C=CC(=CC2=NC=C1)Cl.OP(=O)(O)O.OP(=O)(O)O,1,False,0.5744948267936707,1
C1=C2C(=CC(=C1Cl)S(=O)(=O)N)S(=O)(=O)N=CN2,1,True,0.9745734930038452,1
CN(C)CCC(C1=CC=C(C=C1)Cl)C2=CC=CC=N2.C(=CC(=O)O)C(=O)O,0,False,0.7559728384017944,1
CN(C)CCCN1C2=CC=CC=C2SC3=C1C=C(C=C3)Cl.Cl,1,True,0.27069656252861024,1
C[N+](C)(C)CCO,0,True,0.004213421931490302,0
CC1=C(N=CN1)CSCCNC(=NC)NC#N,1,False,0.8815061092376709,1
CC(C1=CC=CC2=CC=CC=C21)NCCCC3=CC(=CC=C3)C(F)(F)F.Cl,0,True,0.5181769549846649,1
C1CC1N2C=C(C(=O)C3=CC(=C(C=C32)N4CCNCC4)F)C(=O)O.O.Cl,1,False,0.9912524104118348,1
C[N+]1(CCC2=CC(=C(C=C2C1CC3=CC(=C(C=C3)OC)OC)OC)OC)CCC(=O)OCCCCCOC(=O)CC[N+]4(CCC5=CC(=C(C=C5C4CC6=CC(=C(C=C6)OC)OC)OC)OC)C.C1=CC=C(C=C1)S(=O)(=O)[O-].C1=CC=C(C=C1)S(=O)(=O)[O-],0,True,0.7342096328735351,1
N.N.Cl[Pt]Cl,1,True,0.19876021146774292,1
CN(C)CCCC1(C2=C(CO1)C=C(C=C2)C#N)C3=CC=C(C=C3)F.Br,1,False,0.056605282425880435,0
C1C(C(OC1N2C=NC3=C(N=C(N=C32)Cl)N)CO)O,1,True,0.9912820219993591,1
CC(C1=CC=CC=C1)(C2=CC=C(C=C2)Cl)OCCC3CCCN3C.C(=CC(=O)O)C(=O)O,0,False,0.6942521810531617,1
CCCC(=O)OCOC(=O)C1=C(NC(=C(C1C2=C(C(=CC=C2)Cl)Cl)C(=O)OC)C)C,0,True,0.8068877100944519,1
CCCC1CC(N(C1)C)C(=O)NC(C2C(C(C(C(O2)SC)O)O)O)C(C)Cl.Cl,1,True,0.2707724153995514,1
CCCC1CC(N(C1)C)C(=O)NC(C2C(C(C(C(O2)SC)OP(=O)(O)O)O)O)C(C)Cl,1,True,0.36094115376472474,1
CCOC(=O)C(C)(C)OC1=CC=C(C=C1)Cl,1,False,0.1653844803571701,1
CCN(CC)CCOC1=CC=C(C=C1)C(=C(C2=CC=CC=C2)Cl)C3=CC=CC=C3.C(C(=O)O)C(CC(=O)O)(C(=O)O)O,1,False,0.8872378826141357,1
CN(C)CCCN1C2=CC=CC=C2CCC3=C1C=C(C=C3)Cl.Cl,1,False,0.1166328251361847,1
C1C(=O)NC2=C(C=C(C=C2)[N+](=O)[O-])C(=N1)C3=CC=CC=C3Cl,1,True,0.9966270685195923,1
COC(=O)C(C1=CC=CC=C1Cl)N2CCC3=C(C2)C=CS3.OS(=O)(=O)O,1,False,0.8440507531166077,1
C1=CC=C(C=C1)C(C2=CC=CC=C2)(C3=CC=CC=C3Cl)N4C=CN=C4,1,True,0.7631129503250123,1
CC1=C(C(=NO1)C2=CC=CC=C2Cl)C(=O)NC3C4N(C3=O)C(C(S4)(C)C)C(=O)[O-].[Na+],1,False,0.9371739506721497,1
CN1CCN(CC1)C2=NC3=C(C=CC(=C3)Cl)NC4=CC=CC=C42,1,True,0.4487371563911438,1
CN1CCC23C4C1CC5=C2C(=C(C=C5)OC)OC3C(C=C4)O.CN1CCC23C4C1CC5=C2C(=C(C=C5)OC)OC3C(C=C4)O.O.O.O.OS(=O)(=O)O,0,True,0.6799399495124817,1
C(CNCCNCCNCCN)N.Cl,1,True,0.02337776031345129,0
CCC(C)CCCCC(=O)NCCC1C(=O)NC(C(=O)NC(C(=O)NC(C(=O)NC(C(=O)NC(C(=O)NC(C(=O)NC(C(=O)N1)CC(C)C)CCN)CC(C)C)CCN)CCN)CCN)C(C)O,0,True,0.05114754885435104,0
CC1=NC2=C(N1)CCN(C3=CC=CC=C32)C(=O)C4=CC=C(C=C4)NC(=O)C5=CC=CC=C5C6=CC=CC=C6.Cl,0,True,0.9074268221855164,1
COC1=C(C=CC2=C3NCCN3C(=NC(=O)C4=CN=C(N=C4)N)N=C21)OCCCN5CCOCC5.Cl.Cl,0,True,0.9557628393173218,1
CC(C1C(=O)NC(CSSCC(C(=O)NC(C(=O)NC(C(=O)NC(C(=O)N1)CCCCN)CC2=CNC3=CC=CC=C32)CC4=CC=C(C=C4)O)NC(=O)C(CC5=CC=CC=C5)NC(=O)CN6CCN(CCN(CCN(CC6)CC(=O)[O-])CC(=O)[O-])CC(=O)O)C(=O)NC(C(C)O)C(=O)O)O.[Cu+2],0,True,0.4749204933643341,1
CCC(C)C(C(=O)NC(CO)C(=O)NC(CC(C)C)C(=O)NC(CC(=O)O)C(=O)NC(CC(C)C)C(=O)NC(C(C)O)C(=O)NC(CC1=CC=CC=C1)C(=O)NC(CC2=CN=CN2)C(=O)NC(CC(C)C)C(=O)NC(CC(C)C)C(=O)NC(CCCNC(=N)N)C(=O)NC(CCC(=O)O)C(=O)NC(C(C)C)C(=O)NC(CC(C)C)C(=O)NC(CCC(=O)O)C(=O)NC(CCSC)C(=O)NC(C(C)O)C(=O)NC(CCCCN)C(=O)NC(C)C(=O)NC(CC(=O)O)C(=O)NC(CCC(=O)N)C(=O)NC(CC(C)C)C(=O)NC(C)C(=O)NC(CCC(=O)N)C(=O)NC(CCC(=O)N)C(=O)NC(C)C(=O)NC(CC3=CN=CN3)C(=O)NC(CO)C(=O)NC(CC(=O)N)C(=O)NC(CCCNC(=N)N)C(=O)NC(CCCCN)C(=O)NC(CC(C)C)C(=O)NC(CC(C)C)C(=O)NC(CC(=O)O)C(=O)NC(C(C)CC)C(=O)NC(C)C(=O)N)NC(=O)C4CCCN4C(=O)C5CCCN5C(=O)C(CCC(=O)O)NC(=O)C(CCC(=O)N)NC(=O)C(CO)N,0,True,0.5173562109470368,1
CC(C)CC(C(=O)NC(CCC(=O)O)C(=O)NC(CC1=CC=CC=C1)C(=O)O)NC(=O)C2CCCN2C(=O)C(CC3=CC=CC=C3)NC(=O)C(C)NC(=O)C(CCC(=O)O)NC(=O)C(C)NC(=O)C(CO)NC(=O)C(CCC(=O)O)NC(=O)C(CC(=O)O)NC(=O)C(CCC(=O)O)NC(=O)C(C)NC(=O)CNC(=O)C(CC(=O)N)NC(=O)C4CCCN4C(=O)C(CC5=CC=C(C=C5)O)NC(=O)C(C(C)C)NC(=O)C(CCCCN)NC(=O)C(C(C)C)NC(=O)C6CCCN6C(=O)C(CCCNC(=N)N)NC(=O)C(CCCNC(=N)N)NC(=O)C(CCCCN)NC(=O)C(CCCCN)NC(=O)CNC(=O)C(C(C)C)NC(=O)C7CCCN7C(=O)C(CCCCN)NC(=O)CNC(=O)C(CC8=CNC9=CC=CC=C98)NC(=O)C(CCCNC(=N)N)NC(=O)C(CC1=CC=CC=C1)NC(=O)C(CC1=CN=CN1)NC(=O)C(CCC(=O)O)NC(=O)C(CCSC)NC(=O)C(CO)NC(=O)C(CC1=CC=C(C=C1)O)NC(=O)C(CO)N,0,True,0.6266732454299927,1
CC(=O)OCC(=O)C1(CCC2C1(CC(=O)C3C2CCC4=CC(=O)CCC34C)C)O,0,True,0.32643179297447206,1
CC(C)C(C(=O)NCC(=O)NC(CCCCN)C(=O)NC(CCCCN)C(=O)NC(CCCNC(=N)N)C(=O)NC(CCCNC(=N)N)C(=O)N1CCCC1C(=O)NC(C(C)C)C(=O)NC(CCCCN)C(=O)NC(C(C)C)C(=O)NC(CC2=CC=C(C=C2)O)C(=O)N3CCCC3C(=O)O)NC(=O)C4CCCN4C(=O)C(CCCCN)NC(=O)CNC(=O)C(CC5=CNC6=CC=CC=C65)NC(=O)C(CCCNC(=N)N)NC(=O)C(CC7=CC=CC=C7)NC(=O)C(CC8=CNC=N8)NC(=O)C(CCC(=O)O)NC(=O)C(CCSC)NC(=O)C(CO)NC(=O)C(CC9=CC=C(C=C9)O)NC(=O)C(CO)N,0,True,0.5332799434661866,1
CC(C1=C(C=CC(=C1Cl)F)Cl)OC2=C(N=CC(=C2)C3=CN(N=C3)C4CCNCC4)N,1,True,0.9074160099029541,1
C1=CC2=C(C(=C1)OCC(COC3=CC=CC4=C3C(=O)C=C(O4)C(=O)O)O)C(=O)C=C(O2)C(=O)O,1,True,0.9825890183448791,1
Cl[Cu]Cl,0,True,0.17761470675468444,1
CC1=CC2=C(C=C1C)[N+](=CN2)C3C(C(C(O3)CO)OP(=O)(O)OC(C)CNC(=O)CCC4(C(C5C6(C(C(C(=N6)C(=C7C(C(C(=CC8=NC(=C(C4=N5)C)C(C8(C)C)CCC(=N)[O-])N7)CCC(=N)[O-])(C)CC(=O)N)C)CCC(=N)[O-])(C)CC(=O)N)C)CC(=O)N)C)O.[C]#N.[Co+2],0,True,0.702826464176178,1
CN(C)CCC=C1C2=CC=CC=C2C=CC3=CC=CC=C31.Cl,1,True,0.9319933772087097,1
C1CNP(=O)(OC1)N(CCCl)CCCl,1,True,0.3091151207685471,1
CCC1C(=O)N(CC(=O)N(C(C(=O)NC(C(=O)N(C(C(=O)NC(C(=O)NC(C(=O)N(C(C(=O)N(C(C(=O)N(C(C(=O)N(C(C(=O)N1)C(C(C)CC=CC)O)C)C(C)C)C)CC(C)C)C)CC(C)C)C)C)C)CC(C)C)C)C(C)C)CC(C)C)C)C,1,True,0.6582647442817688,1
CN1CCC(=C2C3=CC=CC=C3C=CC4=CC=CC=C42)CC1.Cl,1,True,0.8555282473564148,1
CCCCCCOC(=O)NC(=N)C1=CC=C(C=C1)NCC2=NC3=C(N2C)C=CC(=C3)C(=O)N(CCC(=O)OCC)C4=CC=CC=N4.CS(=O)(=O)O,1,True,0.9228243470191956,1
CN(C)N=NC1=C(NC=N1)C(=O)N,1,False,0.5986664950847626,1
COC1=C(C=C2C(=C1)N=CN=C2NC3=CC(=C(C=C3)F)Cl)NC(=O)C=CCN4CCCCC4,1,True,0.993845772743225,1
C1=CN=CC=C1N,0,False,0.32163311541080475,1
CC12CCC3C(C1CCC2(C#C)O)CCC4=CC5=C(CC34C)C=NO5,1,True,0.22372524440288544,1
C1C(=NC(=O)N1N=CC2=CC=C(O2)C3=CC=C(C=C3)[N+](=O)[O-])[O-].[Na+],1,True,0.8552004337310791,1
CCOC1=CC=C(C=C1)CC2=C(C=CC(=C2)C3C(C(C(C(O3)CO)O)O)O)Cl,0,True,0.2122800260782242,1
CCCCCCCCCC(=O)NC(CC1=CNC2=CC=CC=C21)C(=O)NC(CC(=O)N)C(=O)NC(CC(=O)O)C(=O)NC3C(OC(=O)C(NC(=O)C(NC(=O)C(NC(=O)CNC(=O)C(NC(=O)C(NC(=O)C(NC(=O)C(NC(=O)CNC3=O)CCCN)CC(=O)O)C)CC(=O)O)CO)C(C)CC(=O)O)CC(=O)C4=CC=CC=C4N)C,1,True,0.5183708906173706,1
C1CN(CC1C(C2=CC=CC=C2)(C3=CC=CC=C3)C(=O)N)CCC4=CC5=C(C=C4)OCC5.Br,0,True,0.1919085919857025,1
CC1=C(C(=CC=C1)Cl)NC(=O)C2=CN=C(S2)NC3=CC(=NC(=N3)C)N4CCN(CC4)CCO,1,True,0.9611316084861755,1
CC1C(C(CC(O1)OC2CC(CC3=C2C(=C4C(=C3O)C(=O)C5=C(C4=O)C(=CC=C5)OC)O)(C(=O)C)O)N)O.Cl,0,False,0.9895967721939087,1
C1=CC=C(C(=C1)C2=NN(C(=N2)C3=CC=CC=C3O)C4=CC=C(C=C4)C(=O)O)O,1,True,0.9100402951240539,1
CC(=O)N(CCCCCNC(=O)CCC(=O)N(CCCCCNC(=O)CCC(=O)N(CCCCCN)O)O)O.CS(=O)(=O)O,1,True,0.15727389454841614,1
CC1=NC2(C(O1)CC3C2(CC(C4C3CCC5=CC(=O)C=CC45C)O)C)C(=O)COC(=O)C,0,True,0.7900484085083008,1
CC(CCC(=O)O)C1CCC2C1(C(CC3C2CCC4C3(CCC(C4)O)C)O)C,0,False,0.014869645982980729,0
C1CC2=C(C=CC(=C2)Cl)C(=C3CCNCC3)C4=C1C=CC=N4,1,False,0.28349014520645144,1
CN(C)CC(C1=CC=C(C=C1)O)C2(CCCCC2)O.C(CC(=O)O)C(=O)O.O,1,False,0.016935170255601407,0
CC(C)CC1CN2CCC3=CC(=C(C=C3C2CC1=O)OC)OC,0,True,0.03285312466323376,0
CC1=C(C=CN=C1CS(=O)C2=NC3=CC=CC=C3N2)OCC(F)(F)F,1,True,0.9507579326629638,1
COC(=O)C(C1CCCCN1)C2=CC=CC=C2.Cl,1,True,0.07510254979133606,0
CN1CCC23CCCCC2C1CC4=C3C=C(C=C4)OC.Br,0,False,0.11784112155437469,1
C(C1C(C(C(C(O1)O)O)O)O)O,0,False,0.01583365276455879,0
CC(=O)NC1=C(C(=C(C(=C1I)C(=O)[O-])I)NC(=O)C)I.[Na+],0,False,0.17559166699647905,1
CN1C(=O)CN=C(C2=C1C=CC(=C2)Cl)C3=CC=CC=C3,1,True,0.9387979865074157,1
C1=C(C=C(C(=C1S(=O)(=O)N)Cl)Cl)S(=O)(=O)N,0,False,0.9304111480712891,1
C1=CC=C(C(=C1)CC(=O)[O-])NC2=C(C=CC=C2Cl)Cl.[Na+],1,True,0.5392041325569152,1
CC1=C(C(=NO1)C2=C(C=CC=C2Cl)Cl)C(=O)NC3C4N(C3=O)C(C(S4)(C)C)C(=O)[O-].[Na+],1,False,0.8730249762535095,1
CCN(CC)CCOC(=O)C1(CCCCC1)C2CCCCC2.Cl,0,False,0.11195710003376007,1
CCN(CC)C(C)C(=O)C1=CC=CC=C1.Cl,0,False,0.028744465857744216,0
CC(C)CC(C(=O)NC(CCCCN)C(=O)N1CCC(CC1)(C(=O)O)N)NC(=O)C(CC2=CC=CC=C2)NC(=O)C(CC3=CC=CC=C3)N.CC(=O)O,0,True,0.6523796200752259,1
CC1(C(=O)N2C(C(=O)N3CCCC3C2(O1)O)CC4=CC=CC=C4)NC(=O)C5CC6C(CC7=CNC8=CC=CC6=C78)N(C5)C.CS(=O)(=O)O,0,True,0.9841321468353271,1
CC(=O)OC1C(SC2=CC=CC=C2N(C1=O)CCN(C)C)C3=CC=C(C=C3)OC.Cl,1,False,0.9227421760559082,1
CN1C2=C(C(=O)N(C1=O)C)NC(=N2)Cl.CN(C)CCOC(C1=CC=CC=C1)C2=CC=CC=C2,0,True,0.5273621559143067,1
COC(=O)C=CC(=O)OC,1,True,0.5547187209129334,1
CN(C)CCOC(C1=CC=CC=C1)C2=CC=CC=C2.Cl,0,False,0.013968975096940995,0
CC(C)N(CCC(C1=CC=CC=C1)(C2=CC=CC=N2)C(=O)N)C(C)C.OP(=O)(O)O,1,False,0.5788017511367798,1
CC(CCC1=CC=C(C=C1)O)NCCC2=CC(=C(C=C2)O)O.Cl,0,False,0.00597349014133215,0
CN(CCC1=CC=C(C=C1)NS(=O)(=O)C)CCOC2=CC=C(C=C2)NS(=O)(=O)C,1,False,0.9425248265266418,1
CC1CCOC2N1C(=O)C3=C(C(=O)C(=CN3C2)C(=O)NCC4=C(C=C(C=C4)F)F)[O-].[Na+],1,True,0.8797274589538574,1
COC1=C(C=C2C(=C1)CC(C2=O)CC3CCN(CC3)CC4=CC=CC=C4)OC.Cl,1,True,0.07709500789642335,0
C1=CC(=C(C=C1CCN)O)O.Cl,0,False,0.029688768088817596,0
CCN1CC(C(C1=O)(C2=CC=CC=C2)C3=CC=CC=C3)CCN4CCOCC4.O.Cl,0,True,0.06446993872523307,0
COC1=C(C=C2C(=C1)C(=NC(=N2)N3CCN(CC3)C(=O)C4COC5=CC=CC=C5O4)N)OC.CS(=O)(=O)O,1,True,0.9901204347610474,1
CN(C)CCC=C1C2=CC=CC=C2COC3=CC=CC=C31.Cl,1,True,0.7476912260055542,1
CC1C(C(CC(O1)OC2CC(CC3=C2C(=C4C(=C3O)C(=O)C5=C(C4=O)C(=CC=C5)OC)O)(C(=O)CO)O)N)O.Cl,1,False,0.9882140040397644,1
CC1C2C(C3C(C(=O)C(=C(C3(C(=O)C2=C(C4=C1C=CC=C4O)O)O)O)C(=O)N)N(C)C)O,1,False,0.990344226360321,1
CC(C1=CC=CC=C1)(C2=CC=CC=N2)OCCN(C)C.C(CC(=O)O)C(=O)O,0,False,0.3293203145265579,1
CCCCC1=C(C2=C(O1)C=CC(=C2)NS(=O)(=O)C)C(=O)C3=CC=C(C=C3)OCCCN(CCCC)CCCC.Cl,1,False,0.985992157459259,1
C1=CC(=C(C=C1C(C(C(=O)O)N)O)O)O,0,False,0.006522134691476822,0
CNCCC(C1=CC=CS1)OC2=CC=CC3=CC=CC=C32.Cl,1,False,0.9856371641159057,1
CC12CCC3C(C1CCC2C(=O)NC4=C(C=CC(=C4)C(F)(F)F)C(F)(F)F)CCC5C3(C=CC(=O)N5)C,0,True,0.6575744867324829,1
CN1C2=C(C(=O)N(C1=O)C)N(C=N2)CC(CO)O,0,True,0.7251839399337768,1
CCC(C)C1C(=O)NC(C(=O)NCC(=O)NCC(=O)NC2CSSCC3C(=O)NC(C(=O)NC(C(=O)NC(C(=O)NC(C(=O)N4CCCC4C(=O)NC(C(=O)NC(C(=O)NC(C(=O)NC(C(=O)NC(C(=O)NC(C(=O)NC(C(=O)NC(C(=O)NC(C(=O)NC(C(=O)NC(CSSCC(C(=O)NC(C(=O)NC(C(=O)NC(C(=O)NC(CSSCC(C(=O)NC(C(=O)NC(C(=O)NC(C(=O)NC(C(=O)NC(C(=O)NC(C(=O)NCC(=O)N5CCCC5C(=O)N3)CC(=O)O)CC(=O)O)C)CCCCN)CC6=CC=CC=C6)C)NC(=O)C(CC7=CC=CC=C7)NC(=O)C(CO)NC(=O)C(CC8=CN=CN8)NC(=O)C(CCSC)NC(=O)C(C)NC(=O)C(CCC(=O)O)N)C(=O)NC(C(C)O)C(=O)NC(CCCNC(=N)N)C(=O)NC(CC(=O)O)C(=O)O)CCSC)CCCCN)CCCCN)NC(=O)C(NC(=O)C(NC(=O)C(NC(=O)C(NC(=O)C(NC(=O)C(NC(=O)C(NC(=O)C(NC(=O)C(NC(=O)C(NC(=O)CNC(=O)C(NC2=O)CCC(=O)O)CC(=O)N)CCC(=O)N)CC(=O)N)CCCNC(=N)N)CC9=CC=CC=C9)CCC(=O)O)CO)CC(C)C)CCC(=O)O)CCC(=O)O)C(=O)NC(C(=O)NC(C(=O)NC(C(=O)N1)CC1=CC=CC=C1)CCC(=O)O)CCC(=O)O)CCC(=O)N)CCCNC(=N)N)C(C)O)CC1=CC=CC=C1)C(C)CC)CC(=O)N)CC1=CC=CC=C1)CC1=CC=CC=C1)CC1=CNC2=CC=CC=C21)CCCNC(=N)N)CC1=CN=CN1)C)C)CCCNC(=N)N)CC1=CC=C(C=C1)O,0,True,0.4726756513118744,1
CC1=NN(C(=O)C1)C2=CC=CC=C2,0,True,0.7008151412010193,1
CC[N+](C)(C)C1=CC(=CC=C1)O.[Cl-],0,False,0.003717652475461364,0
C1CC1C#CC2(C3=C(C=CC(=C3)Cl)NC(=O)O2)C(F)(F)F,1,True,0.9114998340606689,1
CCCCCCCC(=O)NC(CN1CCCC1)C(C2=CC3=C(C=C2)OCCO3)O.CCCCCCCC(=O)NC(CN1CCCC1)C(C2=CC3=C(C=C2)OCCO3)O.C(C(C(=O)O)O)(C(=O)O)O,0,True,0.7981750130653381,1
CC1=C(C=C(C=C1)N2C(=O)C(=C(N2)C)N=NC3=CC=CC(=C3O)C4=CC(=CC=C4)C(=O)O)C.C(CO)N.C(CO)N,1,True,0.8834898352622986,1
C1COCC1OC2=CC=C(C=C2)CC3=C(C=CC(=C3)C4C(C(C(C(O4)CO)O)O)O)Cl,0,True,0.2750214904546738,1
CCOC(=O)C(CCC1=CC=CC=C1)NC(C)C(=O)N2CCCC2C(=O)O.C(=CC(=O)O)C(=O)O,1,True,0.6713719010353089,1
CCN(CC)C(=O)C(=CC1=CC(=C(C(=C1)O)O)[N+](=O)[O-])C#N,1,False,0.9211566329002381,1
CC1(C(=O)N(C(=S)N1C2=CC(=C(C=C2)C(=O)NC)F)C3=CC(=C(C=C3)C#N)C(F)(F)F)C,0,True,0.9938058137893677,1
CC(C(C1=CC=CC=C1)O)NC.CC(C(C1=CC=CC=C1)O)NC.OS(=O)(=O)O,0,True,0.16550756245851517,1
CC12CCC(=O)C=C1CC(C3C24C(O4)CC5(C3CCC56CCC(=O)O6)C)C(=O)OC,1,True,0.22096591889858247,1
CC1CC=CC=CC(C(CC(C(C(C(CC(=O)O1)O)OC)OC2C(C(C(C(O2)C)OC3CC(C(C(O3)C)O)(C)O)N(C)C)O)CCO)C)OC4CC(C(C(O4)C)O)(C)O,0,True,0.3516601204872131,1
C1CC2C(=O)NC(CSSCCC(=O)NC(C(=O)NCC(=O)NC(C(=O)NC(C(=O)N2C1)CC3=CNC4=CC=CC=C43)CC(=O)O)CCCCN=C(N)N)C(=O)N,0,True,0.7612874865531921,1
COCCOC1=C(C=C2C(=C1)C(=NC=N2)NC3=CC=CC(=C3)C#C)OCCOC.Cl,1,True,0.9815062403678894,1
CCOC1=CC=C(C=C1)CC2=C(C=CC(=C2)C34C(C(C(C(O3)(CO4)CO)O)O)O)Cl,0,True,0.3232429325580597,1
CCCCCCCCCCCCOS(=O)(=O)O.CCC1C(C(C(C(=O)C(CC(C(C(C(C(C(=O)O1)C)OC2CC(C(C(O2)C)O)(C)OC)C)OC3C(C(CC(O3)C)N(C)C)OC(=O)CC)(C)O)C)C)O)(C)O,1,False,0.9381710886955261,1
CN(C)CCCC1(C2=C(CO1)C=C(C=C2)C#N)C3=CC=C(C=C3)F.C(=O)(C(=O)O)O,1,False,0.7172395586967468,1
CC(C)NCC(COC1=CC=C(C=C1)CCC(=O)OC)O.Cl,0,False,0.03177141435444355,0
CC1=CN=C(C(=C1OC)C)CS(=O)C2=NC3=C([N-]2)C=CC(=C3)OC.[Na+],1,True,0.5518830418586731,1
C1C2=NN=CN2C3=C(C=C(C=C3)Cl)C(=N1)C4=CC=CC=C4,0,True,0.9644075393676758,1
CCCCC(=O)OC1CCC2C1(CCC3C2CCC4=C3C=CC(=C4)O)C,1,False,0.08100373446941375,0
CC12CCC3C(C1CCC2OP(=O)([O-])[O-])CCC4=C3C=CC(=C4)OC(=O)N(CCCl)CCCl.[Na+].[Na+],1,False,0.06270293816924095,0
CN1CCN(CC1)C(=O)OC2C3=NC=CN=C3C(=O)N2C4=NC=C(C=C4)Cl,1,True,0.9954103231430054,1
CC(C(=O)NC(CCCN=C(N)N)C(=O)N)NC(=O)C(CCCN=C(N)N)NC(=O)C(CCCN=C(N)N)NC(=O)C(CCCN=C(N)N)NC(=O)C(C)NC(=O)C(CSSCC(C(=O)O)N)NC(=O)C,0,True,0.06224613338708877,0
CCC(CO)NCCNC(CC)CO.Cl.Cl,1,True,0.044818248599767685,0
CCC1=NC=CC(=C1)C(=S)N,1,False,0.9199068427085877,1
CC(O)(P(=O)(O)[O-])P(=O)(O)[O-].[Na+].[Na+],0,True,0.23370866477489471,1
CCOC(=O)C1=CN=CN1C(C)C2=CC=CC=C2,0,True,0.9388959169387817,1
CC1=CC(=CC(=C1OC2=NC(=NC(=C2Br)N)NC3=CC=C(C=C3)C#N)C)C#N,1,True,0.9845768928527832,1
CC1CCC2CC(C(=CC=CC=CC(CC(C(=O)C(C(C(=CC(C(=O)CC(OC(=O)C3CCCCN3C(=O)C(=O)C1(O2)O)C(C)CC4CCC(C(C4)OC)OCCO)C)C)O)OC)C)C)C)OC,1,True,0.9451084136962891,1
CCC(C)C(C(=O)NC(CCC(=O)O)C(=O)NC(CC1=CNC2=CC=CC=C21)C(=O)NC(CC(C)C)C(=O)NC(CCCCN)C(=O)NC(CC(=O)N)C(=O)NCC(=O)NCC(=O)N3CCCC3C(=O)NC(CO)C(=O)NC(CO)C(=O)NCC(=O)NC(C)C(=O)N4CCCC4C(=O)N5CCCC5C(=O)N6CCCC6C(=O)NC(CO)C(=O)N)NC(=O)C(CC7=CC=CC=C7)NC(=O)C(CC(C)C)NC(=O)C(CCCNC(=N)N)NC(=O)C(C(C)C)NC(=O)C(C)NC(=O)C(CCC(=O)O)NC(=O)C(CCC(=O)O)NC(=O)C(CCC(=O)O)NC(=O)C(CCSC)NC(=O)C(CCC(=O)N)NC(=O)C(CCCCN)NC(=O)C(CO)NC(=O)C(CC(C)C)NC(=O)C(CC(=O)O)NC(=O)C(CO)NC(=O)C(C(C)O)NC(=O)C(CC8=CC=CC=C8)NC(=O)C(C(C)O)NC(=O)CNC(=O)C(CCC(=O)O)NC(=O)CNC(=O)C(CC9=CNC=N9)N,0,True,0.6590973019599915,1
C1=CC(=CC=C1C2C(C(=O)N2C3=CC=C(C=C3)F)CCC(C4=CC=C(C=C4)F)O)O,1,True,0.8926780343055725,1
C1=C(N=C(S1)N=C(N)N)CSCCC(=NS(=O)(=O)N)N,1,True,0.9291778326034545,1
CC1=C(SC(=N1)C2=CC(=C(C=C2)OCC(C)C)C#N)C(=O)O,1,True,0.9941001892089844,1
C1=CC=C(C=C1)C(COC(=O)N)COC(=O)N,1,False,0.2843136996030807,1
CCOC(=O)C1=C(NC(=C(C1C2=C(C(=CC=C2)Cl)Cl)C(=O)OC)C)C,1,True,0.4059505760669708,1
CC(C)(C(=O)O)OC1=CC=C(C=C1)C(=O)C2=CC=C(C=C2)Cl,1,False,0.8777403235435486,1
CS(=O)(=O)O.C1CNCC(C2=CC(=C(C(=C21)Cl)O)O)C3=CC=C(C=C3)O,0,True,0.7278828620910645,1
CC(C1=CC(=CC=C1)OC2=CC=CC=C2)C(=O)[O-].CC(C1=CC(=CC=C1)OC2=CC=CC=C2)C(=O)[O-].O.O.[Ca+2],1,True,0.5123403310775757,1
CC1=C(C(=O)C=CO1)[O-].CC1=C(C(=O)C=CO1)[O-].CC1=C(C(=O)C=CO1)[O-].[Fe+3],0,True,0.8762573361396789,1
[O-2].[O-2].[O-2].[O-2].[Fe+2].[Fe+3].[Fe+3],0,True,0.03428536504507065,0
CC(C)C(=O)OC1=C(C=C(C=C1)CO)C(CCN(C(C)C)C(C)C)C2=CC=CC=C2.C(=CC(=O)O)C(=O)O,0,False,0.6618982315063476,1
CC(C)(C1=CC=C(C=C1)C(CCCN2CCC(CC2)C(C3=CC=CC=C3)(C4=CC=CC=C4)O)O)C(=O)O.Cl,0,False,0.04621092900633812,0
C1=C(C(=O)NC(=O)N1C2C(C(C(O2)CO)O)F)I,1,False,0.9826602339744568,1
COC1=CC=CC2=C1C3CN(CC3CO2)CCCCN4C(=O)C5=C(C6=NC(=CN=C6S5)C7=CC=CC=C7)NC4=O,1,True,0.9734855532646179,1
CCOC1=NC=C(C2=C1C(C(=C(N2)C)C(=O)N)C3=C(C=C(C=C3)C#N)OC)C,0,True,0.8911409139633178,1
CCCCCCCCC1=CC=C(C=C1)CCC(CO)(CO)N.Cl,1,False,0.02815069630742073,0
CC1=C(OC2=C(C1=O)C=CC=C2C(=O)OCCN3CCCCC3)C4=CC=CC=C4.Cl,1,False,0.1151236429810524,1
CC(=O)O.C1CCNC(C1)CNC(=O)C2=C(C=CC(=C2)OCC(F)(F)F)OCC(F)(F)F,1,True,0.6344690322875977,1
C1CN(CCN1CCN2C3=CC=CC=C3NC2=O)C4=CC=CC(=C4)C(F)(F)F,0,True,0.41871222853660583,1
CNC1=CC=C(C=C1)C=CC2=CC=C(C=C2)OCCOCCOCCF,0,True,0.4111067295074463,1
CNC1=CC=C(C=C1)C=CC2=CN=C(C=C2)OCCOCCOCCF,0,True,0.7193951845169068,1
C1=CC2=C(C=C1C3=CN=C(C=C3)F)NC4=C2C=NC=C4,0,True,0.9978847980499268,1
C1C(CC1(C(=O)O)N)F,0,True,0.006556818727403879,0
C1=NC2=C(N=C(N=C2N1C3C(C(C(O3)COP(=O)(O)O)O)O)F)N,0,True,0.98048996925354,1
CC(=O)OCC(=O)C1(CCC2C1(CC(C3(C2CCC4=CC(=O)CCC43C)F)O)C)O,0,False,0.3898515820503235,1
CCOC(=O)C1=C2CN(C(=O)C3=C(N2C=N1)C=CC(=C3)F)C,0,True,0.9915678262710571,1
C1=CC=C(C(=C1)C2=C3C=CC(=O)C=C3OC4=C2C=CC(=C4)[O-])C(=O)[O-].[Na+].[Na+],0,True,0.7147679448127746,1
C1=C(C(=CC(=C1O)O)F)CC(C(=O)O)N,0,False,0.02404583487659693,0
CC12CCC3C(C1CC(C2O)F)CCC4=C3C=CC(=C4)O,0,False,0.04880584701895714,0
CNCCC(C1=CC=CC=C1)OC2=CC=C(C=C2)C(F)(F)F.Cl,1,True,0.19810776114463807,1
CCN(CC)CCN1C(=O)CN=C(C2=C1C=CC(=C2)Cl)C3=CC=CC=C3F.Cl.Cl,1,True,0.635091769695282,1
CC(C1=CC(=C(C=C1)C2=CC=CC=C2)F)C(=O)[O-].[Na+],1,True,0.4715920627117157,1
CNC1=C(C=C(C=C1)C2=NC3=C(S2)C=C(C=C3)O)F,0,True,0.9968707203865051,1
CC(C)N1C2=CC=CC=C2C(=C1C=CC(CC(CC(=O)[O-])O)O)C3=CC=C(C=C3)F.[Na+],1,False,0.09400780946016311,0
C1=CC(=CC=C1C(=O)NC(CCC(=O)O)C(=O)O)NCC2=CN=C3C(=N2)C(=O)NC(=N3)N,0,True,0.9821957349777222,1
COC1C(C(C(C(O1)COS(=O)(=O)[O-])OC2C(C(C(C(O2)C(=O)[O-])OC3C(C(C(C(O3)COS(=O)(=O)[O-])OC4C(C(C(C(O4)C(=O)[O-])OC5C(C(C(C(O5)COS(=O)(=O)[O-])O)O)NS(=O)(=O)[O-])O)O)OS(=O)(=O)[O-])NS(=O)(=O)[O-])O)OS(=O)(=O)[O-])O)NS(=O)(=O)[O-].[Na+].[Na+].[Na+].[Na+].[Na+].[Na+].[Na+].[Na+].[Na+].[Na+],1,True,0.38474674224853517,1
C1C2C(C(C3C(O2)NC4=C(N3)C(=O)NC(=N4)N)(O)O)OP(=O)(O1)O.O.O.Br,0,True,0.5987641096115113,1
CC1C(O1)P(=O)(O)O.C(C(CO)(CO)N)O,1,True,0.06704999133944511,0
CCC(=O)OC(C(C)C)OP(=O)(CCCCC1=CC=CC=C1)CC(=O)N2CC(CC2C(=O)[O-])C3CCCCC3.[Na+],1,True,0.2534028261899948,1
C1=CC=C(C=C1)C2(C(=O)N(C(=O)N2)COP(=O)([O-])[O-])C3=CC=CC=C3.[Na+].[Na+],1,False,0.6278867244720459,1
CC(C)C1=C(C(=CC=C1)C(C)C)OCOP(=O)([O-])[O-].[Na+].[Na+],1,False,0.26646259129047395,1
CNC1CCC2=C(C1)C3=C(N2)C=CC(=C3)C(=O)N.C(CC(=O)O)C(=O)O.O,0,True,0.6291222095489502,1
CC(C)C(=O)OC(C)OC(=O)NCC1(CCCCC1)CC(=O)O,0,False,0.07090381383895875,0
CNCC(C(C(C(CO)O)O)O)O.CNCC(C(C(C(CO)O)O)O)O.C1=CC=C(C=C1)COCC(C(=O)[O-])N(CCN(CCN(CC(=O)O)CC(=O)[O-])CC(=O)[O-])CC(=O)O.[Gd+3],0,False,0.053514164686203,0
C1CN(CCN(CCN(CCN1CC(=O)[O-])CC(=O)[O-])C(CO)C(CO)O)CC(=O)[O-].[Gd+3],0,False,0.026482972130179406,0
C1CC(CCC1OP(=O)([O-])OCC(CN(CCN(CC(=O)[O-])CC(=O)[O-])CC(=O)[O-])N(CC(=O)[O-])CC(=O)[O-])(C2=CC=CC=C2)C3=CC=CC=C3.[Na+].[Na+].[Na+].[Gd+3],0,True,0.31450206637382505,1
CNCC(C(C(C(CO)O)O)O)O.CNCC(C(C(C(CO)O)O)O)O.C(CN(CC(=O)O)CC(=O)[O-])N(CCN(CC(=O)O)CC(=O)[O-])CC(=O)[O-].[Gd+3],0,True,0.03982200846076012,0
CNCC(C(C(C(CO)O)O)O)O.C1CN(CCN(CCN(CCN1CC(=O)O)CC(=O)[O-])CC(=O)[O-])CC(=O)[O-].[Gd+3],0,False,0.023224684037268163,0
CCOC1=CC=C(C=C1)CC(CN(CCN(CC(=O)[O-])CC(=O)[O-])CC(=O)[O-])N(CC(=O)[O-])CC(=O)[O-].[Na+].[Na+].[Gd+3],0,False,0.06291205808520317,0
CC(C1C(=O)NC(CSSCC(C(=O)NC(C(=O)NC(C(=O)NC(C(=O)N1)CCCCN)CC2=CNC3=CC=CC=C32)CC4=CC=C(C=C4)O)NC(=O)C(CC5=CC=CC=C5)NC(=O)CN6CCN(CCN(CCN(CC6)CC(=O)[O-])CC(=O)[O-])CC(=O)[O-])C(=O)NC(C(C)O)C(=O)O)O.[Ga+3],0,True,0.47319212555885315,1
CC(C1C(=O)NC(CSSCC(C(=O)NC(C(=O)NC(C(=O)NC(C(=O)N1)CCCCN)CC2=CNC3=CC=CC=C32)CC4=CC=C(C=C4)O)NC(=O)C(CC5=CC=CC=C5)NC(=O)CN6CCN(CCN(CCN(CC6)CC(=O)[O-])CC(=O)[O-])CC(=O)[O-])C(=O)NC(CO)C(C)O)O.[Ga+3],0,True,0.4686719596385956,1
[H+].C1=CC(=C(C=C1CCC(=O)NCCCCCC(=O)NCCCCC(C(=O)O)NC(=O)NC(CCC(=O)O)C(=O)O)CN(CCN(CC2=C(C=CC(=C2)CCC(=O)O)[O-])CC(=O)[O-])CC(=O)[O-])[O-].[Ga+3],0,True,0.3692282259464264,1
CCNC(=NCCCCC(C(=O)NC(CC(C)C)C(=O)NC(CCCCN=C(NCC)NCC)C(=O)N1CCCC1C(=O)NC(C)C(=O)N)NC(=O)C(CC2=CC=C(C=C2)O)NC(=O)C(CO)NC(=O)C(CC3=CN=CC=C3)NC(=O)C(CC4=CC=C(C=C4)Cl)NC(=O)C(CC5=CC6=CC=CC=C6C=C5)NC(=O)C)NCC.CC(=O)O.CC(=O)O,0,True,0.7236900091171264,1
COC1=C(C=C2C(=C1)N=CN=C2NC3=CC(=C(C=C3)F)Cl)OCCCN4CCOCC4,1,True,0.98987375497818,1
C1=CN(C(=O)N=C1N)C2C(C(C(O2)CO)O)(F)F.Cl,1,False,0.9850457310676575,1
CC1=CC(=C(C=C1)C)OCCCC(C)(C)C(=O)O,1,False,0.23405892550945281,1
CON=C1CN(CC1CN)C2=C(C=C3C(=O)C(=CN(C3=N2)C4CC4)C(=O)O)F.CS(=O)(=O)O,1,True,0.9792460680007935,1
CCC1=C(CN(C1=O)C(=O)NCCC2=CC=C(C=C2)S(=O)(=O)NC(=O)NC3CCC(CC3)C)C,1,True,0.9261715769767761,1
CC1=CN=C(C=N1)C(=O)NCCC2=CC=C(C=C2)S(=O)(=O)NC(=O)NC3CCCCC3,1,True,0.9762759208679199,1
COC1=C(C=C(C=C1)Cl)C(=O)NCCC2=CC=C(C=C2)S(=O)(=O)NC(=O)NC3CCCCC3,1,True,0.9458635330200196,1
C[N+]1(CCC(C1)OC(=O)C(C2CCCC2)(C3=CC=CC=C3)O)C.[Br-],0,True,0.0015690143802203238,0
C1CCCN(CCC1)CCN=C(N)N.OS(=O)(=O)O,0,False,0.26333101391792296,1
CCCCCCCCCC(=O)OC1(CCN(CC1)CCCC(=O)C2=CC=C(C=C2)F)C3=CC=C(C=C3)Cl,1,True,0.5160170376300812,1
CC(C(=O)O)O.C1CN(CCC1(C2=CC=C(C=C2)Cl)O)CCCC(=O)C3=CC=C(C=C3)F,1,True,0.7631194591522217,1
CC(=O)NC1C(C(C(OC1O)COS(=O)(=O)O)OC2C(C(C(C(O2)C(=O)O)OC3C(C(C(C(O3)CO)OC4C(C(C(C(O4)C(=O)O)O)O)OS(=O)(=O)O)OS(=O)(=O)O)NS(=O)(=O)O)O)OS(=O)(=O)O)O.[Na+],1,True,0.42027404308319094,1
C1=C(NC=N1)CCN.OP(=O)(O)O.OP(=O)(O)O,0,False,0.7611700892448425,1
C1=CC=C2C(=C1)C=NN=C2NN.Cl,1,True,0.9546292543411254,1
CC(=O)OCC(=O)C1(CCC2C1(CC(C3C2CCC4=CC(=O)CCC34C)O)C)O,0,False,0.04434133917093277,0
CCN(CCCC(C)NC1=C2C=CC(=CC2=NC=C1)Cl)CCO.OS(=O)(=O)O,1,False,0.7212165594100952,1
C(=O)(N)NO,1,True,0.04572002440690994,0
C1CN(CCN1CCOCCO)C(C2=CC=CC=C2)C3=CC=C(C=C3)Cl.Cl.Cl,0,False,0.019792966730892658,0
CCCCCN(C)CCC(O)(P(=O)(O)O)P(=O)(O)[O-].O.[Na+],1,True,0.14250440001487732,1
C=CC(=O)N1CCCC(C1)N2C3=NC=NC(=C3C(=N2)C4=CC=C(C=C4)OC5=CC=CC=C5)N,1,True,0.9687380075454712,1
CC(C)CC1=CC=C(C=C1)C(C)C(=O)O,1,False,0.7570270538330078,1
CCCCCCCN(CC)CCCC(C1=CC=C(C=C1)NS(=O)(=O)C)O.CCCCCCCN(CC)CCCC(C1=CC=C(C=C1)NS(=O)(=O)C)O.C(=CC(=O)O)C(=O)O,0,True,0.8139853835105896,1
CCC(C1=NC2=C(C(=CC=C2)F)C(=O)N1C3=CC=CC=C3)NC4=NC=NC5=C4NC=N5,1,True,0.9898547053337097,1
C1CN(P(=O)(OC1)NCCCl)CCCl,1,True,0.2914817750453949,1
CC1=C(C=C(C=C1)NC(=O)C2=CC=C(C=C2)CN3CCN(CC3)C)NC4=NC=CC(=N4)C5=CN=CC=C5.CS(=O)(=O)O,1,True,0.9683544993400574,1
CN(C)CCCN1C2=CC=CC=C2CCC3=CC=CC=C31.Cl,1,False,0.09790383279323578,1
CC1(C(=[N+](C2=C1C3=CC=CC=C3C=C2)CCCCS(=O)(=O)[O-])C=CC=CC=CC=C4C(C5=C(N4CCCCS(=O)(=O)[O-])C=CC6=CC=CC=C65)(C)C)C.[Na+],0,True,0.5745879232883453,1
CCCN(CCOC1=C(C=C(C=C1Cl)Cl)Cl)C(=O)N2C=CN=C2.C(S(=O)(=O)[O-])(I)I.[Na+],1,True,0.6357972502708436,1
C1=C(C(=C(C(=C1I)NC(=O)CCCCC(=O)NC2=C(C=C(C(=C2I)C(=O)[O-])I)I)I)C(=O)[O-])I.[Na+].[Na+],0,True,0.3464475035667419,1
COC(=O)C1C2CCC(N2CCCF)CC1C3=CC=C(C=C3)I,0,True,0.027441683039069176,0
CC(=O)NC1=C(C(=C(C(=C1I)C(=O)O)I)C(=O)NC)I.CNCC(C(C(C(CO)O)O)O)O,0,False,0.06589220836758614,0
C(CO)N(C1=C(C(=C(C(=C1I)C(=O)NCC(CO)O)I)C(=O)NCC(CO)O)I)C(=O)CO,0,False,0.03277145139873028,0
CCCCC1=NC2(CCCC2)C(=O)N1CC3=CC=C(C=C3)C4=CC=CC=C4C5=NNN=N5,1,True,0.8387489199638367,1
CCC1=C2CN3C(=CC4=C(C3=O)COC(=O)C4(CC)O)C2=NC5=C1C=C(C=C5)OC(=O)N6CCC(CC6)N7CCCCC7.Cl,1,True,0.9311708331108093,1
CC(C)NC1=NC=CC=N1,1,True,0.1656836375594139,1
C1=CN=CC=C1C(=O)NN,1,False,0.8968412756919861,1
CC(C)NCC(C1=CC(=C(C=C1)O)O)O.Cl,0,False,0.008047321066260337,0
C1C(C2C(O1)C(CO2)O[N+](=O)[O-])O[N+](=O)[O-],0,True,0.3597145974636078,1
CC1=C(C(CCC1)(C)C)C=CC(=CC=CC(=CC(=O)O)C)C,1,False,0.32091923952102663,1
CC(COC1=CC=CC=C1)NC(C)C(C2=CC=C(C=C2)O)O.Cl,0,False,0.005304128350690007,0
CC1=C(C(C(=C(N1)C)C(=O)OC(C)C)C2=CC=CC3=NON=C32)C(=O)OC,1,True,0.970609724521637,1
CCN1C2=C(C(=O)N(C1=O)CC)N(C(=N2)C=CC3=CC(=C(C=C3)OC)OC)C,0,True,0.9478677988052369,1
CN(CCCN1CCC2=CC(=C(C=C2CC1=O)OC)OC)CC3CC4=CC(=C(C=C34)OC)OC.Cl,0,True,0.7329790711402893,1
CC(C)(C)C1=CC(=C(C=C1NC(=O)C2=CNC3=CC=CC=C3C2=O)O)C(C)(C)C,1,True,0.7750374436378479,1
CNC1(CCCCC1=O)C2=CC=CC=C2Cl.Cl,1,False,0.05329576432704926,0
C1CN2C(=CC=C2C(=O)C3=CC=CC=C3)C1C(=O)O.C(C(CO)(CO)N)O,1,False,0.7305385828018188,1
CC(CCC1=CC=CC=C1)NCC(C2=CC(=C(C=C2)O)C(=O)N)O.Cl,1,False,0.054685314744710924,0
C(C1C(C(C(C(O1)OC(C(CO)O)C(C(CO)O)O)O)O)O)O,0,False,0.017471258528530598,0
C1=CC(=C(C(=C1)Cl)Cl)C2=C(N=C(N=N2)N)N,1,True,0.9887095332145691,1
C(=O)([O-])[O-].C(=O)([O-])[O-].C(=O)([O-])[O-].[La+3].[La+3],0,True,0.25911121964454653,1
CC1=CC=C(C=C1)S(=O)(=O)O.CC1=CC=C(C=C1)S(=O)(=O)O.CS(=O)(=O)CCNCC1=CC=C(O1)C2=CC3=C(C=C2)N=CN=C3NC4=CC(=C(C=C4)OCC5=CC(=CC=C5)F)Cl.O,1,True,0.9757005453109742,1
CN1CCC(CC1)C(=O)C2=NC(=CC=C2)NC(=O)C3=C(C=C(C=C3F)F)F.CN1CCC(CC1)C(=O)C2=NC(=CC=C2)NC(=O)C3=C(C=C(C=C3F)F)F.C(CC(=O)O)C(=O)O,0,True,0.9058853030204773,1
CC1=NC(=NC=C1OCC2(CC2C(=O)NC3=NC=C(C=C3)F)C4=CC(=CC=C4)F)C,0,True,0.9684597611427307,1
C1CC(=O)NC(=O)C1N2CC3=C(C2=O)C=CC=C3N,1,True,0.6395077466964721,1
COC1=C(C=C(C=C1)C(F)(F)F)N2C(C3=C(C(=CC=C3)F)N=C2N4CCN(CC4)C5=CC(=CC=C5)OC)CC(=O)O,1,True,0.9903328537940979,1
C1C(N(C2=C(N1)N=C(NC2=O)N)C=O)CNC3=CC=C(C=C3)C(=O)NC(CCC(=O)[O-])C(=O)[O-].[Ca+2],0,True,0.7224677324295044,1
CCNC(=O)C1CCCN1C(=O)C(CCCN=C(N)N)NC(=O)C(CC(C)C)NC(=O)C(CC(C)C)NC(=O)C(CC2=CC=C(C=C2)O)NC(=O)C(CO)NC(=O)C(CC3=CNC4=CC=CC=C43)NC(=O)C(CC5=CN=CN5)NC(=O)C6CCC(=O)N6.CC(=O)O,1,True,0.6866781115531921,1
CCC(C(=O)N)N1CCCC1=O,1,True,0.0055389645043760535,0
C1C(N(C2=C(N1)N=C(NC2=O)N)C=O)CNC3=CC=C(C=C3)C(=O)NC(CCC(=O)O)C(=O)O,0,True,0.9545114040374756,1
CN1C(CNC2=C1C(=O)NC(=N2)N)CNC3=CC=C(C=C3)C(=O)NC(CCC(=O)[O-])C(=O)[O-].[Ca+2],0,True,0.7125234246253968,1
CN1CCC23CCCCC2C1CC4=C3C=C(C=C4)O.C(C(C(=O)O)O)(C(=O)O)O,0,False,0.20847059786319733,1
C1=C(C=C(C(=C1I)OC2=CC(=C(C(=C2)I)O)I)I)CC(C(=O)[O-])N.[Na+],1,False,0.10587353333830833,1
CC1C(=O)NC2CSSCC3C(=O)NC(C(=O)NC(C(=O)NC(CSSCC(NC(=O)CNC(=O)C(NC2=O)C(C)O)C(=O)NC(CC4=CC=C(C=C4)O)C(=O)O)C(=O)NC(CSSCC(C(=O)N3)N)C(=O)NC(C(=O)N5CCCC5C(=O)N1)CC(=O)N)CC6=CC=C(C=C6)O)CCC(=O)O,0,True,0.6095288276672364,1
CC#CCN1C2=C(N=C1N3CCCC(C3)N)N(C(=O)N(C2=O)CC4=NC5=CC=CC=C5C(=N4)C)C,1,True,0.905411696434021,1
CC(=O)NCC1CN(C(=O)O1)C2=CC(=C(C=C2)N3CCOCC3)F,1,True,0.872417664527893,1
C1=CC(=C(C=C1OC2=C(C=C(C=C2I)CC(C(=O)[O-])N)I)I)O.[Na+],0,False,0.09055076465010643,0
CCCCCCCCCCCCCCCC(=O)NC(CCC(=O)NCCCCC(C(=O)NC(CCC(=O)O)C(=O)NC(CC1=CC=CC=C1)C(=O)NC(C(C)CC)C(=O)NC(C)C(=O)NC(CC2=CNC3=CC=CC=C32)C(=O)NC(CC(C)C)C(=O)NC(C(C)C)C(=O)NC(CCCNC(=N)N)C(=O)NCC(=O)NC(CCCNC(=N)N)C(=O)NCC(=O)O)NC(=O)C(C)NC(=O)C(C)NC(=O)C(CCC(=O)N)NC(=O)CNC(=O)C(CCC(=O)O)NC(=O)C(CC(C)C)NC(=O)C(CC4=CC=C(C=C4)O)NC(=O)C(CO)NC(=O)C(CO)NC(=O)C(C(C)C)NC(=O)C(CC(=O)O)NC(=O)C(CO)NC(=O)C(C(C)O)NC(=O)C(CC5=CC=CC=C5)NC(=O)C(C(C)O)NC(=O)CNC(=O)C(CCC(=O)O)NC(=O)C(C)NC(=O)C(CC6=CN=CN6)N)C(=O)O,1,True,0.5563618123531342,1
C1CC(N(C1)C(=O)C(CCCCN)NC(CCC2=CC=CC=C2)C(=O)O)C(=O)O,1,True,0.12277812212705612,1
CC(C1=NCCN1)OC2=C(C=CC=C2Cl)Cl.Cl,0,True,0.3811737060546875,1
CS(=O)(=O)O.C1CN(CCC1NC(=O)C2=CC=CC=C2C3=CC=C(C=C3)C(F)(F)F)CCCCC4(C5=CC=CC=C5C6=CC=CC=C64)C(=O)NCC(F)(F)F,1,True,0.9581715941429139,1
C1CCC(CC1)NC(=O)N(CCCl)N=O,1,False,0.05733032152056694,0
CN(C)C(=O)C(CCN1CCC(CC1)(C2=CC=C(C=C2)Cl)O)(C3=CC=CC=C3)C4=CC=CC=C4.Cl,0,True,0.186823371052742,1
C1CC(=C(N2C1C(C2=O)NC(=O)C(C3=CC=CC=C3)N)C(=O)O)Cl,1,True,0.8117965340614319,1
C1=CC=C(C(=C1)C2=NC(C(=O)NC3=C2C=C(C=C3)Cl)O)Cl,1,True,0.9848429322242737,1
CCCCC1=NC(=C(N1CC2=CC=C(C=C2)C3=CC=CC=C3C4=NN=N[N-]4)CO)Cl.[K+],1,True,0.14404732435941697,1
CCCCC(C1(CCC2C(O1)CC(=O)C2CCCCCCC(=O)O)O)(F)F,0,True,0.05880635529756546,0
C1CCC(C(C1)CN2CCN(CC2)C3=NSC4=CC=CC=C43)CN5C(=O)C6C7CCC(C7)C6C5=O.Cl,0,True,0.5775006353855133,1
CCCCCCOC(C)C1=CC=CC(=C1OC)C2=CSC(=N2)NC(=O)C3=CC(=C(C(=C3)Cl)C=C(C)C(=O)O)Cl,0,True,0.9575570106506348,1
CC(=O)O.CC(C)(C(=O)NC(CC1=CNC2=CC=CC=C21)C(=O)NC(CC3=CNC4=CC=CC=C43)NC=O)N,0,True,0.9576966285705566,1
CCCNS(=O)(=O)NC1=C(C(=NC=N1)OCCOC2=NC=C(C=N2)Br)C3=CC=C(C=C3)Br,1,True,0.9849191784858704,1
CC1=NN=C(N1C2CC3CCC(C2)N3CCC(C4=CC=CC=C4)NC(=O)C5CCC(CC5)(F)F)C(C)C,1,True,0.4962902724742889,1
CC(C)NC1=NC2=CC(=C(C=C2N1C3C(C(C(O3)CO)O)O)Cl)Cl,0,True,0.7536621451377868,1
CC(C1=CC=CC=C1)NN,1,False,0.006346017587929964,0
CC1(C2CCC(C2)C1(C)NC)C.Cl,0,True,0.13010018765926362,1
CC1=CC(=CC=C1)CN2CCN(CC2)C(C3=CC=CC=C3)C4=CC=C(C=C4)Cl.O.Cl.Cl,0,False,0.028565238043665887,0
C1CCNC(C1)C(C2=CC(=NC3=C2C=CC=C3C(F)(F)F)C(F)(F)F)O.Cl,1,False,0.16440521627664567,1
CC1=CN=C(S1)NC(=O)C2=C(C3=CC=CC=C3S(=O)(=O)N2C)O,1,True,0.9948362231254577,1
C1=CC(=CC=C1CC(C(=O)O)N)N(CCCl)CCCl,1,False,0.014673554524779319,0
CC12CC3CC(C1)(CC(C3)(C2)N)C.Cl,1,True,0.1491147592663765,1
CN1CCCC(C1)CN2C3=CC=CC=C3SC4=CC=CC=C42,1,True,0.6790408611297607,1
C[N+]1(CCCC(C1)OC(=O)C(C2=CC=CC=C2)(C3=CC=CC=C3)O)C.[Br-],0,True,0.013395335897803307,0
CCOC(=O)C1(CCN(CC1)C)C2=CC=CC=C2.Cl,0,True,0.008431638218462467,0
CC1=C(C(=CC=C1)C)NC(=O)C2CCCCN2C.Cl,1,False,0.0193819647654891,0
CCCC(C)(COC(=O)N)COC(=O)N,0,True,0.029595277085900307,0
CC1C2C(C(=O)N2C(=C1SC3CC(NC3)C(=O)N(C)C)C(=O)O)C(C)O,1,True,0.25509255230426786,1
C1=CC(=C(C=C1N)C(=O)O)O,1,False,0.033603858947753903,0
CC(C)NCC(C1=CC(=CC(=C1)O)O)O.CC(C)NCC(C1=CC(=CC(=C1)O)O)O.OS(=O)(=O)O,0,True,0.5389737248420715,1
CC1=CC(=CC(=C1)OCC2CNC(=O)O2)C,1,True,0.2541156440973282,1
CN(C)C(=N)N=C(N)N.Cl,1,True,0.019262024387717246,0
CC(CC1=CC=CC=C1)NC.Cl,0,False,0.035007774457335473,0
CC(=O)N=C1N(N=C(S1)S(=O)(=O)N)C,1,True,0.9917250156402588,1
CN(CC1=CN=C2C(=N1)C(=NC(=N2)N)N)C3=CC=C(C=C3)C(=O)NC(CCC(=O)[O-])C(=O)[O-].[Na+].[Na+],1,False,0.7752034425735473,1
COC1=C2C(=CC3=C1OC=C3)C=CC(=O)O2,1,True,0.9951442241668701,1
C[N+]1(C2CC(CC1C3C2O3)OC(=O)C(CO)C4=CC=CC=C4)C.[Br-],0,True,0.002668036334216595,0
CC1(CC(=O)N(C1=O)C)C2=CC=CC=C2,0,True,0.030906838551163673,0
CC(CC1=CC(=C(C=C1)O)O)(C(=O)O)N,1,False,0.002351583261042833,0
CCC(CO)NC(=O)C1CN(C2CC3=CNC4=CC=CC(=C34)C2=C1)C.C(=CC(=O)O)C(=O)O,0,True,0.9193879842758179,1
C[N+]1(CCC23C4C(=O)CCC2(C1CC5=C3C(=C(C=C5)O)O4)O)CC6CC6.[Br-],0,True,0.006187329906970263,0
CC1CC2C3CCC(C3(CC(C2C4(C1=CC(=O)C=C4)C)O)C)(C(=O)CO)O,1,True,0.010432944819331168,0
CC12CCC(=O)C=C1CCC3C2CCC4(C3CCC4(C)O)C,1,False,0.6928964734077454,1
CCC(CO)NC(=O)C1CN(C2CC3=CN(C4=CC=CC(=C34)C2=C1)C)C.C(=CC(=O)O)C(=O)O,0,True,0.920712924003601,1
CCN(CC)CCNC(=O)C1=CC(=C(C=C1OC)N)Cl.O.Cl,1,False,0.28472989797592163,1
CC(C)NCC(COC1=CC=C(C=C1)CCOC)O.CC(C)NCC(COC1=CC=C(C=C1)CCOC)O.C(C(C(=O)O)O)(C(=O)O)O,1,True,0.4001721143722534,1
CC1=C(C(=CC=C1)C)OCC(C)N.Cl,1,False,0.011187184043228627,0
CCCCCOC1=CC=C(C=C1)C2=CC(=NO2)C3=CC=C(C=C3)C(=O)NC4CC(C(NC(=O)C5C(C(CN5C(=O)C(NC(=O)C(NC(=O)C6CC(CN6C(=O)C(NC4=O)C(C)O)O)C(C(C7=CC(=C(C=C7)O)OS(=O)(=O)[O-])O)O)C(CC(=O)N)O)C)O)O)O.[Na+],1,True,0.7359200835227966,1
CC1=NC=C2N1C3=C(C=C(C=C3)Cl)C(=NC2)C4=CC=CC=C4F.Cl,0,True,0.9473786115646362,1
COC1=CC(=C(C=C1)OC)C(CNC(=O)CN)O.Cl,0,False,0.025324176251888274,0
CC#CC1(CCC2C1(CC(C3=C4CCC(=O)C=C4CCC23)C5=CC=C(C=C5)N(C)C)C)O,1,True,0.03785637952387333,0
C1C(C(C(C(N1)CO)O)O)O.Cl,0,True,0.007575892191380262,0
C1C(C(C(C(N1CCO)CO)O)O)O,0,True,0.004678011452779174,0
CCCCN1CC(C(C(C1CO)O)O)O,0,True,0.005562908947467804,0
CCN(CC)C(=O)C1(CC1CN)C2=CC=CC=C2.Cl,1,True,0.0033029821468517186,0
CN(C)C1C2CC3CC4=C(C=CC(=C4C(=C3C(=O)C2(C(=C(C1=O)C(=O)N)O)O)O)O)N(C)C.Cl,1,False,0.9223959088325501,1
CN1CCN2C(C1)C3=CC=CC=C3CC4=C2N=CC=C4,1,True,0.083571295440197,0
C1=CC(=C2C(=C1NCCNCCO)C(=O)C3=C(C=CC(=C3C2=O)O)O)NCCNCCO.Cl.Cl,1,False,0.9693404912948609,1
C[N+]1(CCC2=CC(=C(C=C2C1CC3=CC(=C(C(=C3)OC)OC)OC)OC)OC)CCCOC(=O)CCC=CCCC(=O)OCCC[N+]4(CCC5=CC(=C(C=C5C4CC6=CC(=C(C(=C6)OC)OC)OC)OC)OC)C.[Cl-].[Cl-],0,True,0.5283025979995728,1
C1=CC=C(C=C1)C(C2=CC=CC=C2)S(=O)CC(=O)N,1,False,0.7989667892456055,1
CC(C)(C1=CC=CC=C1CCC(C2=CC=CC(=C2)C=CC3=NC4=C(C=CC(=C4)Cl)C=C3)SCC5(CC5)CC(=O)[O-])O.[Na+],1,False,0.14974795877933503,1
CN1CCC23C4C1CC5=C2C(=C(C=C5)O)OC3C(C=C4)O.CN1CCC23C4C1CC5=C2C(=C(C=C5)O)OC3C(C=C4)O.OS(=O)(=O)O,0,True,0.6471416234970093,1
COC1=C2C(=CC(=C1N3CC4CCCNC4C3)F)C(=O)C(=CN2C5CC5)C(=O)O.Cl,1,False,0.9757198810577392,1
CC1=C2COC(=O)C2=C(C(=C1OC)CC=C(C)CCC(=O)OCCN3CCOCC3)O,1,True,0.38754076361656187,1
CCCCCCC(C)(C)C1=CC(=C2C3CC(=O)CCC3C(OC2=C1)(C)C)O,0,True,0.07694403231143951,0
CCOC1=C(C2=CC=CC=C2C=C1)C(=O)NC3C4N(C3=O)C(C(S4)(C)C)C(=O)[O-].[Na+],1,True,0.8013988614082337,1
C1CC(C1)CN2CCC34C5C(CCC3(C2CC6=C4C(=C(C=C6)O)O5)O)O.Cl,0,True,0.007043262850493193,0
CC1=CC=C(C=C1)S(=O)(=O)O.CC(C)(C1=NC(=NO1)C2=CC=CC=C2)NC(=O)C3=C(C4C56CCN(C(C5(C3)O)CC7=C6C(=C(C=C7)O)O4)CC8CC8)O,0,True,0.9637242794036865,1
COCCOCCOCCOCCOCCOCCOCCOC1CCC2(C3CC4=C5C2(C1OC5=C(C=C4)O)CCN3CC=C)O.C(=O)(C(=O)O)O,0,True,0.43110036849975586,1
C=CCN1CCC23C4C(=O)CCC2(C1CC5=C3C(=C(C=C5)O)O4)O.Cl,0,False,0.034490765258669856,0
CC12CCC3C(C1CCC2OC(=O)CCC4=CC=CC=C4)CCC5=CC(=O)CCC35,1,True,0.11305489391088486,1
CC(C1=CC2=C(C=C1)C=C(C=C2)OC)C(=O)O,1,False,0.9073840737342834,1
CCC1=NN(C(=O)N1CCOC2=CC=CC=C2)CCCN3CCN(CC3)C4=CC(=CC=C4)Cl.Cl,1,True,0.7601582050323487,1
COC1=NC(=NC2=C1N=CN2C3C(C(C(O3)CO)O)O)N,1,True,0.9776066303253174,1
CC1=C(C=CC=C1O)C(=O)NC(CSC2=CC=CC=C2)C(CN3CC4CCCCC4CC3C(=O)NC(C)(C)C)O.CS(=O)(=O)O,1,True,0.9652897477149963,1
C1C(C(C(C(C1N)OC2C(C(C(C(O2)CN)O)O)N)OC3C(C(C(O3)CO)OC4C(C(C(C(O4)CN)O)O)N)O)O)N.OS(=O)(=O)O,0,True,0.09333949610590934,0
CCC(C)C1C(=O)NC(C(=O)NC(C(=O)NC(C(=O)NC(C(=O)NCC(=O)NC(C(=O)NCC(=O)NC(CSSCC(C(=O)NC(C(=O)NCC(=O)NC(C(=O)NC(C(=O)NC(C(=O)NC(C(=O)NC(C(=O)N1)CCCNC(=N)N)CC(=O)O)CCSC)CCCCN)CCCNC(=N)N)CC2=CC=CC=C2)NC(=O)CNC(=O)C(CO)NC(=O)CNC(=O)C(CCC(=O)N)NC(=O)C(C(C)C)NC(=O)C(CCSC)NC(=O)C(CCCCN)NC(=O)C3CCCN3C(=O)C(CO)N)C(=O)NC(CCCCN)C(=O)NC(C(C)C)C(=O)NC(CC(C)C)C(=O)NC(CCCNC(=N)N)C(=O)NC(CCCNC(=N)N)C(=O)NC(CC4=CNC=N4)C(=O)O)CC(C)C)CO)CO)CO)CO,0,True,0.3190741062164307,1
CC1CS(=O)(=O)CCN1N=CC2=CC=C(O2)[N+](=O)[O-],0,True,0.9815038323402405,1
CC1=C(C=C(C=C1)C(=O)NC2=CC(=CC(=C2)C(F)(F)F)N3C=C(N=C3)C)NC4=NC=CC(=N4)C5=CN=CC=C5.Cl,1,True,0.9931521415710449,1
CCS(=O)(=O)O.CN1CCN(CC1)CC(=O)N(C)C2=CC=C(C=C2)N=C(C3=CC=CC=C3)C4=C(NC5=C4C=CC(=C5)C(=O)OC)O,1,True,0.9719622969627381,1
CC(=O)OC1=CC=CC=C1C(=O)NC2=NC=C(S2)[N+](=O)[O-],0,True,0.9981359839439392,1
C(C(CO[N+](=O)[O-])O[N+](=O)[O-])O[N+](=O)[O-],0,True,0.2828545421361923,1
CNC(=C[N+](=O)[O-])NCCSCC1=CSC(=N1)CN(C)C,1,True,0.8455042839050293,1
C1=CC(=C(C=C1C(CN)O)O)O.C(C(C(=O)O)O)(C(=O)O)O.O,0,False,0.08812266886234284,0
CC(=O)OC1(CCC2C1(CCC3C2CCC4=CC(=O)CCC34)C)C#C,0,False,0.15468038767576217,1
CNCCC=C1C2=CC=CC=C2CCC3=CC=CC=C31.Cl,1,True,0.6160145819187164,1
CC1C=CC=CCCC=CC=CC=CC=CC(CC2C(C(CC(O2)(CC(C(CCC(CC(CC(CC(=O)OC(C(C1O)C)C)O)O)O)O)O)O)O)C(=O)O)OC3C(C(C(C(O3)C)O)N)O,0,True,0.10106065273284912,1
CCC1C2CC(CCC2(C3CCC4(C(C3C1O)CCC4C(C)CCC(=O)O)C)C)O,1,False,0.012992320023477078,0
CC(C1C(=O)NC(CSSCC(C(=O)NC(C(=O)NC(C(=O)NC(C(=O)N1)CCCCN)CC2=CNC3=CC=CC=C32)CC4=CC=CC=C4)NC(=O)C(CC5=CC=CC=C5)N)C(=O)NC(CO)C(C)O)O.CC(=O)O.CC(=O)O,1,True,0.6055037379264832,1
CC1=CC2=C(S1)NC3=CC=CC=C3N=C2N4CCN(CC4)C,1,True,0.6033690989017486,1
C1CC1C(=O)N2CCN(CC2)C(=O)C3=C(C=CC(=C3)CC4=NNC(=O)C5=CC=CC=C54)F,1,True,0.9849451422691345,1
CCCC1=NC(=C(N1CC2=CC=C(C=C2)C3=CC=CC=C3C4=NNN=N4)C(=O)OCC5=C(OC(=O)O5)C)C(C)(C)O,1,True,0.8789778709411621,1
C1=CC(=C(C=C1N=NC2=CC(=C(C=C2)[O-])C(=O)O)C(=O)O)[O-].[Na+].[Na+],1,True,0.8059588432312011,1
CC1=CN=C(C(=C1OC)C)CS(=O)C2=NC3=C(N2)C=C(C=C3)OC,1,True,0.9740644693374634,1
CC1=NC=CN1CC2CCC3=C(C2=O)C4=CC=CC=C4N3C.Cl,1,True,0.3054236203432083,1
CC1=C(C(=[N+](C(=C1Cl)C)[O-])Cl)C2=NOC(=N2)C3=CC(=C(C(=C3)O)O)[N+](=O)[O-],0,True,0.987928032875061,1
CC1=CC=CC=C1C(C2=CC=CC=C2)OCCN(C)C.Cl,0,False,0.012458597868680954,0
CCC(CC)OC1C=C(CC(C1NC(=O)C)N)C(=O)OCC.OP(=O)(O)O,1,False,0.2187516689300537,1
CN1C=C(C2=CC=CC=C21)C3=NC(=NC=C3)NC4=C(C=C(C(=C4)NC(=O)C=C)N(C)CCN(C)C)OC.CS(=O)(=O)O,1,True,0.9801472306251526,1
C1=CC=C(C=C1)C(=C(C2=CC=CC=C2)C3=CC=C(C=C3)OCCO)CCCl,0,False,0.8378619313240051,1
CC1=C(C(=NO1)C2=CC=CC=C2)C(=O)NC3C4N(C3=O)C(C(S4)(C)C)C(=O)[O-].O.[Na+],1,False,0.8915014863014221,1
C1CCC(C(C1)[NH-])[NH-].C(=O)(C(=O)O)O.[Pt+2],1,False,0.6317553162574768,1
C1C2=CC=CC=C2N(C3=CC=CC=C3C1=O)C(=O)N,1,True,0.9859756112098694,1
CCN(CC)CC#CCOC(=O)C(C1CCCCC1)(C2=CC=CC=C2)O.Cl,1,False,0.008663853444159032,0
CN1CCC23C4C(=O)CCC2(C1CC5=C3C(=C(C=C5)OC)O4)O.Cl,1,False,0.011048776656389236,0
CN1CCC23C4C(=O)CCC2(C1CC5=C3C(=C(C=C5)O)O4)O.Cl,0,False,0.007319793663918972,0
C1=CC=C2C(=C1)C(C(=O)N2)(C3=CC=C(C=C3)O)C4=CC=C(C=C4)O,1,False,0.7822597980499267,1
CC1(C2=C(C=CC(=C2)S(=O)(=O)[O-])[N+](=C1C=CC3=C(C(=CC=C4C(C5=C(N4CCCCS(=O)(=O)[O-])C=CC(=C5)S(=O)(=O)[O-])(C)C)CCC3)OC6=CC=C(C=C6)CC(C(=O)[O-])NC(=O)C7=CC=C(C=C7)NCC8=CN=C9C(=N8)C(=O)NC(=N9)N)CCCCS(=O)(=O)[O-])C.[Na+].[Na+].[Na+].[Na+],0,True,0.8188341856002808,1
CC1=C(C(=O)N(C2=NC(=NC=C12)NC3=NC=C(C=C3)N4CCNCC4)C5CCCC5)C(=O)C,1,True,0.9744409799575806,1
CC1=C(C(=O)N2CCCC(C2=N1)O)CCN3CCC(CC3)C4=NOC5=C4C=CC(=C5)F,1,False,0.9314902186393738,1
COC1=C(C(=NC=C1)CS(=O)C2=NC3=C([N-]2)C=CC(=C3)OC(F)F)OC.[Na+],1,True,0.8625878691673279,1
COC1=C(C=C(C=C1)CC2=NC=CC3=CC(=C(C=C32)OC)OC)OC.Cl,1,False,0.9764887809753418,1
C1C(C(C(C(C1N)OC2C(C(C(C(O2)CO)O)O)N)OC3C(C(C(O3)CO)OC4C(C(C(C(O4)CN)O)O)N)O)O)N.OS(=O)(=O)O,0,True,0.15337603390216828,1
C1CNCC(C1C2=CC=C(C=C2)F)COC3=CC4=C(C=C3)OCO4.Cl,1,True,0.2833350092172623,1
CC1=C(C=C(C=C1)NC2=NC=CC(=N2)N(C)C3=CC4=NN(C(=C4C=C3)C)C)S(=O)(=O)N.Cl,1,True,0.9674215912818909,1
CC(C)(C)NCC(COC1=CC=CC=C1C2CCCC2)O.CC(C)(C)NCC(COC1=CC=CC=C1C2CCCC2)O.OS(=O)(=O)O,0,True,0.37131963670253754,1
CC(C)(C(C(=O)O)N)S,1,True,0.015292635001242161,0
CC1(C(N2C(S1)C(C2=O)NC(=O)CC3=CC=CC=C3)C(=O)O)C.CC1(C(N2C(S1)C(C2=O)NC(=O)CC3=CC=CC=C3)C(=O)O)C.C1=CC=C(C=C1)CNCCNCC2=CC=CC=C2.O.O.O.O,1,True,0.7081134438514709,1
CC1(C(N2C(S1)C(C2=O)NC(=O)COC3=CC=CC=C3)C(=O)[O-])C.[K+],0,True,0.2879281520843506,1
CC(C)(C)OC(=O)NCCC(=O)NC(CC1=CNC2=CC=CC=C21)C(=O)NC(CCSC)C(=O)NC(CC(=O)O)C(=O)NC(CC3=CC=CC=C3)C(=O)N,0,True,0.809670627117157,1
C1=CC(=CC=C1C(=N)N)OCCCCCOC2=CC=C(C=C2)C(=N)N.C(CS(=O)(=O)O)O.C(CS(=O)(=O)O)O,1,True,0.7719660758972168,1
CC1C2CC3=C(C1(CCN2CC=C(C)C)C)C=C(C=C3)O.CC(C(=O)O)O,0,False,0.015828710235655307,0
C(CN(CC(=O)[O-])CC(=O)[O-])N(CCN(CC(=O)[O-])CC(=O)[O-])CC(=O)[O-].[Na+].[Na+].[Na+].[Ca+2].[Yb],0,True,0.05576731488108635,0
C1=CC=C(C=C1)N2C=C(C=C(C2=O)C3=CC=CC=C3C#N)C4=CC=CC=N4,0,True,0.9566556215286255,1
C(C(F)(F)F)(C(F)(F)F)(F)F,0,True,0.02778550162911415,0
C1CN(CCN1CCCN2C3=CC=CC=C3SC4=C2C=C(C=C4)Cl)CCO,1,True,0.11614443510770797,1
C1=CC(=NC=C1CC2=CNC3=C2C=C(C=N3)Cl)NCC4=CN=C(C=C4)C(F)(F)F.Cl,1,True,0.9730093717575073,1
CC1C(OCCN1C)C2=CC=CC=C2.C(C(C(=O)O)O)(C(=O)O)O,0,True,0.12931553721427919,1
C1=CC=C(C=C1)CCNN.OS(=O)(=O)O,1,False,0.5223702013492584,1
CCC1(C(=O)NC(=NC1=O)[O-])C2=CC=CC=C2.[Na+],1,True,0.6941545724868774,1
CC(COC1=CC=CC=C1)N(CCCl)CC2=CC=CC=C2.Cl,0,False,0.03984402418136597,0
CC(COC1=CC=CC=C1)NN,1,False,0.009300550725311042,0
CC1=CC=C(C=C1)N(CC2=NCCN2)C3=CC(=CC=C3)O.CS(=O)(=O)O,0,False,0.8502748608589172,1
CC12CCN(C1N(C3=C2C=C(C=C3)OC(=O)NC)C)C.C1=CC=C(C(=C1)C(=O)O)O,0,True,0.5728919327259063,1
C1=CC(=NC=C1C(=O)NCCCCC(C(=O)O)NC(=O)NC(CCC(=O)O)C(=O)O)F,0,False,0.9337292790412903,1
CC(C)COC1=CC=C(C=C1)CNC(=O)N(CC2=CC=C(C=C2)F)C3CCN(CC3)C.CC(C)COC1=CC=C(C=C1)CNC(=O)N(CC2=CC=C(C=C2)F)C3CCN(CC3)C.C(C(C(=O)O)O)(C(=O)O)O,0,True,0.6727869749069214,1
CCC1=CN=C(C=C1)CCOC2=CC=C(C=C2)CC3C(=O)NC(=O)S3.Cl,1,True,0.7637290716171264,1
C1CN(CCC1C(=O)N)CCCN2C3=CC=CC=C3SC4=C2C=C(C=C4)Cl,1,True,0.38753859996795653,1
CC1=CN(C(=O)C=C1)C2=CC=CC=C2,1,True,0.8103641748428345,1
CN1C(=C(C2=CC=CC=C2S1(=O)=O)O)C(=O)NC3=CC=CC=N3,1,True,0.9897166728973389,1
C1CCN(CC1)CCCOCCCC2=CC=C(C=C2)Cl.Cl,0,True,0.09593434631824493,1
C1CNCCNCCCN(CCNC1)CC2=CC=C(C=C2)CN3CCCNCCNCCCNCC3,0,True,0.06790342703461646,0
CCCCCCCCCCCCOCCOCCOCCOCCOCCOCCOCCOCCOCCO,0,True,0.045636435598134996,0
C1CC(=O)NC(=O)C1N2C(=O)C3=C(C2=O)C(=CC=C3)N,1,True,0.9285762786865235,1
CCC(C(C)O)N1C(=O)N(C=N1)C2=CC=C(C=C2)N3CCN(CC3)C4=CC=C(C=C4)OCC5CC(OC5)(CN6C=NC=N6)C7=C(C=C(C=C7)F)F,1,True,0.8819771528244018,1
CCC(C)C(C(=O)NC(CC(C)C)C(=O)N1CCCC1C(=O)N2CCCC2C(=O)NC(C(C)O)C(=O)NC(CC(=O)N)C(=O)NC(C(C)C)C(=O)NCC(=O)NC(CO)C(=O)NC(CC(=O)N)C(=O)NC(C(C)O)C(=O)NC(CC3=CC=C(C=C3)O)C(=O)N)NC(=O)C4CCCN4C(=O)CNC(=O)C(CC5=CC=CC=C5)NC(=O)C(CC(=O)N)NC(=O)C(CC(=O)N)NC(=O)C(CO)NC(=O)C(CO)NC(=O)C(CC6=CNC=N6)NC(=O)C(C(C)C)NC(=O)C(CC(C)C)NC(=O)C(CC7=CC=CC=C7)NC(=O)C(CC(=O)N)NC(=O)C(C)NC(=O)C(CC(C)C)NC(=O)C(CCCNC(=N)N)NC(=O)C(CCC(=O)N)NC(=O)C(C(C)O)NC(=O)C(C)NC(=O)C8CSSCC(C(=O)NC(C(=O)NC(C(=O)NC(C(=O)NC(C(=O)N8)C(C)O)C)C(C)O)CC(=O)N)NC(=O)C(CCCCN)N.CC(=O)O,0,True,0.5856626331806183,1
CC(=O)OC1=CC2=C(S1)CCN(C2)C(C3=CC=CC=C3F)C(=O)C4CC4.Cl,1,True,0.8758450627326966,1
CCC(C)C(=O)OC1CC(C=C2C1C(C(C=C2)C)CCC(CC(CC(=O)[O-])O)O)O.[Na+],1,True,0.020742683485150338,0
CC12CC(C3C(C1CCC2(C(=O)CO)O)CCC4=CC(=O)C=CC34C)O,1,True,0.008079677168279887,0
CC(CCCN)NC1=C2C(=CC(=C1)OC)C=CC=N2.OP(=O)(O)O.OP(=O)(O)O,0,False,0.4268040120601654,1
CCN(CC)CCNC(=O)C1=CC=C(C=C1)N.Cl,1,False,0.21739207506179808,1
CC(C)NC(=O)C1=CC=C(C=C1)CNNC.Cl,1,False,0.5981846511363983,1
CN1CCN(CC1)CCCN2C3=CC=CC=C3SC4=C2C=C(C=C4)Cl.C(=CC(=O)O)C(=O)O.C(=CC(=O)O)C(=O)O,1,True,0.9301549434661865,1
C1CCC(CC1)C(CCN2CCCC2)(C3=CC=CC=C3)O.Cl,0,False,0.026032283529639245,0
CC(=O)C1CCC2C1(CCC3C2CCC4=CC(=O)CCC34C)C,1,False,0.4418705940246582,1
CC(CN1C2=CC=CC=C2SC3=CC=CC=C31)N(C)C.Cl,1,True,0.4459821343421936,1
CCCNCC(COC1=CC=CC=C1C(=O)CCC2=CC=CC=C2)O.Cl,1,True,0.08419307395815849,0
CC(C)[N+](C)(CCOC(=O)C1C2=CC=CC=C2OC3=CC=CC=C13)C(C)C.[Br-],0,True,0.017463039234280588,0
CCC(=O)OC(CC1=CC=CC=C1)(C2=CC=CC=C2)C(C)CN(C)C.Cl,1,True,0.029040876030921935,0
C1CC(N(C1)C(=O)C(CC2=CN=CN2)NC(=O)C3CCC(=O)N3)C(=O)N,0,True,0.7211941361427308,1
CNCCCC1C2=CC=CC=C2C=CC3=CC=CC=C13.Cl,0,True,0.7937673330307007,1
COCCCN1CCC(CC1)NC(=O)C2=CC(=C(C3=C2OCC3)N)Cl.C(CC(=O)O)C(=O)O,0,True,0.6092138111591339,1
CC(C(C1=CC=CC=C1)O)NC.Cl,0,False,0.008038809057325125,0
CN1CCCN=C1C=CC2=CC=CS2.C1=CC=C2C(=C1)C=C(C(=C2CC3=C(C(=CC4=CC=CC=C43)C(=O)O)O)O)C(=O)O,0,True,0.9186847567558288,1
C[N+]1=CC=CC(=C1)OC(=O)N(C)C.[Br-],1,True,0.3886913061141968,1
CC1=NC=C(C(=C1O)CO)CO.Cl,0,False,0.18496553599834442,1
C1C(=S)N(C2=C(C=C(C=C2)Cl)C(=N1)C3=CC=CC=C3F)CC(F)(F)F,0,True,0.9742401599884033,1
C1CN(CCN1CCOCCO)C2=NC3=CC=CC=C3SC4=CC=CC=C42.C1CN(CCN1CCOCCO)C2=NC3=CC=CC=C3SC4=CC=CC=C42.C(=CC(=O)O)C(=O)O,1,True,0.9203404188156128,1
CCOC(=O)C(CCC1=CC=CC=C1)NC(C)C(=O)N2CC3=CC=CC=C3CC2C(=O)O.Cl,1,False,0.9657020330429077,1
COC1=CC2=C(C=CN=C2C=C1)C(C3CC4CCN3CC4C=C)O.C(C(C(C(C(C(=O)O)O)O)O)O)O,1,True,0.666209053993225,1
COC1=CC2=C(C=CN=C2C=C1)C(C3CC4CCN3CC4C=C)O.COC1=CC2=C(C=CN=C2C=C1)C(C3CC4CCN3CC4C=C)O.OS(=O)(=O)O,1,True,0.8777354836463929,1
CC1=C(C=CN=C1CS(=O)C2=NC3=CC=CC=C3[N-]2)OCCCOC.[Na+],1,True,0.26582757830619813,1
C1CCN(CC1)CCOC2=CC=C(C=C2)C(=O)C3=C(SC4=C3C=CC(=C4)O)C5=CC=C(C=C5)O.Cl,1,True,0.7972578048706055,1
CC1=NN=C(O1)C(=O)NC(C)(C)C2=NC(=C(C(=O)N2C)[O-])C(=O)NCC3=CC=C(C=C3)F.[K+],1,True,0.7887621998786927,1
CCC(=O)NCCC1CCC2=C1C3=C(C=C2)OCC3,0,True,0.36282009482383726,1
CCOC(=O)C(CCC1=CC=CC=C1)NC(C)C(=O)N2C3CCCC3CC2C(=O)O,1,True,0.25343056619167326,1
CNC(=C[N+](=O)[O-])NCCSCC1=CC=C(O1)CN(C)C.Cl,1,True,0.8357526063919067,1
CC1=C(C(=CC=C1)C)NC(=O)CN2CCN(CC2)CC(COC3=CC=CC=C3OC)O,0,True,0.7260892987251282,1
CNC(=O)C1=CN(N=C1)C2=NC(=C3C(=N2)N(C=N3)C4C(C(C(O4)CO)O)O)N,0,True,0.9818318605422973,1
CNC(=O)C1=NC=CC(=C1)OC2=CC(=C(C=C2)NC(=O)NC3=CC(=C(C=C3)Cl)C(F)(F)F)F,1,True,0.9968089699745178,1
CCC(CC)COC(=O)C(C)NP(=O)(OCC1C(C(C(O1)(C#N)C2=CC=C3N2N=CN=C3N)O)O)OC4=CC=CC=C4,1,True,0.9830392479896546,1
CCC(=O)N(C1=CC=CC=C1)C2(CCN(CC2)CCC(=O)OC)C(=O)OC.Cl,1,True,0.42888031601905824,1
CC1=CN=C2N1C3=C(C=C(C=C3)Br)C(=NC2CCC(=O)OC)C4=CC=CC=N4.C1=CC=C(C=C1)S(=O)(=O)O,0,True,0.9132709980010987,1
CCOC1=C(C=CC(=C1)CC(=O)NC(CC(C)C)C2=CC=CC=C2N3CCCCC3)C(=O)O,1,True,0.8504576086997986,1
COC1C(CC2CN3CCC4=C(C3CC2C1C(=O)OC)NC5=C4C=CC(=C5)OC)OC(=O)C6=CC(=C(C(=C6)OC)OC)OC,0,True,0.9645549893379212,1
C1=NC(=NN1C2C(C(C(O2)CO)O)O)C(=O)N,1,True,0.9814318418502808,1
CN(C)C(=O)C1=CC2=CN=C(N=C2N1C3CCCC3)NC4=NC=C(C=C4)N5CCNCC5.C(CC(=O)O)C(=O)O,1,True,0.9630397915840149,1
CC1=CC2=C(C=C1C)N(C3=NC(=O)NC(=O)C3=N2)CC(C(C(COP(=O)(O)O)O)O)O,0,True,0.9154060244560241,1
CC1C=CC=C(C(=O)NC2=C(C3=C(C4=C(C(=C3O)C)OC(C4=O)(OC=CC(C(C(C(C(C(C1O)C)O)C)OC(=O)C)C)OC)C)C5=NC6(CCN(CC6)CC(C)C)N=C25)O)C,1,True,0.9927321672439575,1
CC1C=CC=C(C(=O)NC2=C(C(=C3C(=C2O)C(=C(C4=C3C(=O)C(O4)(OC=CC(C(C(C(C(C(C1O)C)O)C)OC(=O)C)C)OC)C)C)O)O)C=NN5CCN(CC5)C)C,1,True,0.9941732525825501,1
CC1C=CC=C(C(=O)NC2=CC(=C3C(=C2O)C(=C(C4=C3C(=O)C(O4)(OC=CC(C(C(C(C(C(C1O)C)O)C)OC(=O)C)C)OC)C)C)O)[O-])C.[Na+],0,True,0.9364006042480468,1
CC1=CC(=CC(=C1NC2=NC(=NC=C2)NC3=CC=C(C=C3)C#N)C)C=CC#N.Cl,1,True,0.970093035697937,1
CC(C12CC3CC(C1)CC(C3)C2)N.Cl,0,True,0.21076916307210922,1
C1CC(C2=C(C=CC=N2)C(C1C3=C(C(=CC=C3)F)F)N)OC(=O)N4CCC(CC4)N5C6=C(NC5=O)N=CC=C6.C1CC(C2=C(C=CC=N2)C(C1C3=C(C(=CC=C3)F)F)N)OC(=O)N4CCC(CC4)N5C6=C(NC5=O)N=CC=C6.O.O.O.OS(=O)(=O)O,0,True,0.8749330401420593,1
CN(C1=C(N=C(N=C1N)C2=NN(C3=C2C=CC=N3)CC4=CC=CC=C4F)N)C(=O)OC,0,True,0.9919634938240052,1
CC1=CC(=NN2C1=NC(=C2)C)C3=CC(=O)N4C=C(C=CC4=N3)N5CCNC6(C5)CC6,0,True,0.8212781190872193,1
C1COCC(=O)N1C2=CC=C(C=C2)N3CC(OC3=O)CNC(=O)C4=CC=C(S4)Cl,1,True,0.9728755235671998,1
CCN(C)C(=O)OC1=CC=CC(=C1)C(C)N(C)C.C(C(C(=O)O)O)(C(=O)O)O,1,False,0.22068212330341339,1
CN(C)CCC1=CNC2=C1C=C(C=C2)CN3C=NC=N3.C1=CC=C(C=C1)C(=O)O,1,True,0.9603030920028687,1
CC(=O)OC1C(CC2C1(CCC3C2CCC4C3(CC(C(C4)O)N5CCOCC5)C)C)[N+]6(CCCC6)CC=C.[Br-],0,False,0.028095391020178793,0
C1CC1COC2=C(C=CC(=C2)C(=O)NC3=C(C=NC=C3Cl)Cl)OC(F)F,0,True,0.978958785533905,1
CC(C1=CC(=CC(=C1)C(F)(F)F)C(F)(F)F)OCC2(CCC3(CCC(=O)N3)CN2)C4=CC=CC=C4.O.Cl,0,True,0.3420234858989716,1
CC=C1C(=O)NC(C(=O)OC2CC(=O)NC(C(=O)NC(CSSCCC=C2)C(=O)N1)C(C)C)C(C)C,0,True,0.9410344123840332,1
CCCN(CCC)CCC1=C2CC(=O)NC2=CC=C1.Cl,1,True,0.07794115468859672,0
CN(CCOC1=CC=C(C=C1)CC2C(=O)NC(=O)S2)C3=CC=CC=N3.C(=CC(=O)O)C(=O)O,1,True,0.9803024768829346,1
CC(C)C1=NC(=NC(=C1C=CC(CC(CC(=O)[O-])O)O)C2=CC=C(C=C2)F)N(C)S(=O)(=O)C.CC(C)C1=NC(=NC(=C1C=CC(CC(CC(=O)[O-])O)O)C2=CC=C(C=C2)F)N(C)S(=O)(=O)C.[Ca+2],1,True,0.7790616393089295,1
[Cl-].[Rb+],0,True,0.015229926072061062,0
CC(C(=O)N)NCC1=CC=C(C=C1)OCC2=CC(=CC=C2)F.CS(=O)(=O)O,0,True,0.7073646783828735,1
C1=CC=C(C(=C1)C(=O)OC2=CC=CC=C2C(=O)O)O,1,True,0.9735256671905518,1
CC(C(C1CNC2=C(N1)C(=O)NC(=N2)N)O)O.Cl.Cl,0,True,0.6037703633308411,1
CC(C)(C)NC(=O)C1CC2CCCCC2CN1CC(C(CC3=CC=CC=C3)NC(=O)C(CC(=O)N)NC(=O)C4=NC5=CC=CC=C5C=C4)O.CS(=O)(=O)O,1,False,0.9664811491966248,1
CN(C)C1C2CC3CC4=C(C=CC(=C4C(=C3C(=O)C2(C(=C(C1=O)C(=O)N)O)O)O)O)CN(C)OC.Cl,0,False,0.9528137564659118,1
C1C2CC2N(C1C#N)C(=O)C(C34CC5CC(C3)CC(C5)(C4)O)N.Cl,1,True,0.017579708993434907,0
CC(CC1=CC=CC=C1)N(C)CC#C.Cl,0,False,0.02516067251563072,0
CC(C)N(CCCCOCC(=O)NS(=O)(=O)C)C1=CN=C(C(=N1)C2=CC=CC=C2)C3=CC=CC=C3,0,True,0.9636287212371826,1
CCC(C)C(C(=O)NC(C)C(=O)NC(CC1=CNC2=CC=CC=C21)C(=O)NC(CC(C)C)C(=O)NC(C(C)C)C(=O)NC(CCCNC(=N)N)C(=O)NCC(=O)NC(CCCNC(=N)N)C(=O)NCC(=O)O)NC(=O)C(CC3=CC=CC=C3)NC(=O)C(CCC(=O)O)NC(=O)C(CCCCNC(=O)COCCOCCNC(=O)COCCOCCNC(=O)CCC(C(=O)O)NC(=O)CCCCCCCCCCCCCCCCC(=O)O)NC(=O)C(C)NC(=O)C(C)NC(=O)C(CCC(=O)N)NC(=O)CNC(=O)C(CCC(=O)O)NC(=O)C(CC(C)C)NC(=O)C(CC4=CC=C(C=C4)O)NC(=O)C(CO)NC(=O)C(CO)NC(=O)C(C(C)C)NC(=O)C(CC(=O)O)NC(=O)C(CO)NC(=O)C(C(C)O)NC(=O)C(CC5=CC=CC=C5)NC(=O)C(C(C)O)NC(=O)CNC(=O)C(CCC(=O)O)NC(=O)C(C)(C)NC(=O)C(CC6=CN=CN6)N,1,True,0.5247916400432586,1
CNC1CCC(C2=CC=CC=C12)C3=CC(=C(C=C3)Cl)Cl.Cl,1,False,0.07302771881222725,0
CC1C(=O)NC(C(=O)NC(C(=O)NC(C(=O)NC(C(=O)NC(CSSCC(C(=O)N1)NC(=O)C(CCCN=C(N)N)NC(=O)C)C(=O)N)CC2=CNC3=CC=CC=C32)CCCN=C(N)N)CC4=CC=CC=C4)CC5=CN=CN5.CC(=O)O.CC(=O)O.CC(=O)O,0,True,0.6877066612243652,1
CC(C)CC(C1(CCC1)C2=CC=C(C=C2)Cl)N(C)C.Cl,1,True,0.22835626900196077,1
CCCC1=NN(C2=C1N=C(NC2=O)C3=C(C=CC(=C3)S(=O)(=O)N4CCN(CC4)C)OCC)C.C(C(=O)O)C(CC(=O)O)(C(=O)O)O,1,True,0.9849868059158325,1
CSCCC(C(=O)NCC(=O)NC(CC1=CNC2=CC=CC=C21)C(=O)NC(CCSC)C(=O)NC(CC(=O)O)C(=O)NC(CC3=CC=CC=C3)C(=O)N)NC(=O)C(CC4=CC=C(C=C4)OS(=O)(=O)O)NC(=O)C(CC(=O)O)N,0,True,0.8321956515312194,1
CC1CCC2CC(C(=CC=CC=CC(CC(C(=O)C(C(C(=CC(C(=O)CC(OC(=O)C3CCCCN3C(=O)C(=O)C1(O2)O)C(C)CC4CCC(C(C4)OC)O)C)C)O)OC)C)C)C)OC,1,True,0.9511992692947387,1
C1CN2C(=NN=C2C(F)(F)F)CN1C(=O)CC(CC3=CC(=C(C=C3F)F)F)N.O.OP(=O)(O)O,1,True,0.9621077418327332,1
CC1=CC2=C(C=C1CC(=O)C3=C(C=CS3)S(=O)(=O)NC4=C(C(=NO4)C)Cl)OCO2,1,True,0.9935553908348084,1
C(=O)(O)[O-].[Na+],0,True,0.023288624733686446,0
[F-].[Na+],0,True,0.021274541318416596,0
CC(C(=O)[O-])O.[Na+],0,True,0.050341413170099256,0
[C-]#N.[C-]#N.[C-]#N.[C-]#N.[C-]#N.N#[O+].[Na+].[Na+].[Fe+2],0,True,0.0610217846930027,0
C(CC(=O)[O-])CO.[Na+],0,True,0.024789860099554063,0
[O-]S(=O)(=S)[O-].[Na+].[Na+],0,True,0.10023511201143265,1
[O-][Si]1(O[Si](O[Si](O1)([O-])[O-])([O-])[O-])[O-].[Na+].[Na+].[Zr+4],0,True,0.3425468683242798,1
CC(C)OC(=O)C(C)NP(=O)(OCC1C(C(C(O1)N2C=CC(=O)NC2=O)(C)F)O)OC3=CC=CC=C3,0,True,0.9794177293777466,1
C1CN2CCC1C(C2)OC(=O)N3CCC4=CC=CC=C4C3C5=CC=CC=C5.C(CC(=O)O)C(=O)O,1,True,0.49283447265625,1
C1=CC=C(C=C1)CC(COC(=O)N)N.Cl,0,False,0.021399692445993424,0
CC1=CC=C(C=C1)S(=O)(=O)O.CNC(=O)C1=NC=CC(=C1)OC2=CC=C(C=C2)NC(=O)NC3=CC(=C(C=C3)Cl)C(F)(F)F,1,True,0.9916097521781921,1
CC(=O)SC1CC2=CC(=O)CCC2(C3C1C4CCC5(C4(CC3)C)CCC(=O)O5)C,1,True,0.1614641070365906,1
O,0,True,0.05781511291861534,0
CC(C)(C)C(C=CC1=CC2=C(C=C1)OCO2)O,0,True,0.0912195548415184,0
CC1C(C(C(O1)OC2C(C(C(C(C2O)O)N=C(N)N)O)N=C(N)N)OC3C(C(C(C(O3)CO)O)O)NC)(C=O)O.CC1C(C(C(O1)OC2C(C(C(C(C2O)O)N=C(N)N)O)N=C(N)N)OC3C(C(C(C(O3)CO)O)O)NC)(C=O)O.OS(=O)(=O)O.OS(=O)(=O)O.OS(=O)(=O)O,0,True,0.47987502813339233,1
C(C(C(=O)O)S)(C(=O)O)S,1,True,0.04475570917129516,0
C[N+](C)(C)CCOC(=O)CCC(=O)OCC[N+](C)(C)C.[Cl-].[Cl-],0,True,0.028730255737900733,0
CCC(=O)N(C1=CC=CC=C1)C2(CCN(CC2)CCC3=CC=CS3)COC.C(C(=O)O)C(CC(=O)O)(C(=O)O)O,0,True,0.9406050086021424,1
C(CSCC1C2C(C(C(O1)OC3C(OC(C(C3O)O)OC4C(OC(C(C4O)O)OC5C(OC(C(C5O)O)OC6C(OC(C(C6O)O)OC7C(OC(C(C7O)O)OC8C(OC(C(C8O)O)OC9C(OC(O2)C(C9O)O)CSCCC(=O)[O-])CSCCC(=O)[O-])CSCCC(=O)[O-])CSCCC(=O)[O-])CSCCC(=O)[O-])CSCCC(=O)[O-])CSCCC(=O)[O-])O)O)C(=O)[O-].[Na+].[Na+].[Na+].[Na+].[Na+].[Na+].[Na+].[Na+],0,True,0.15930559933185579,1
C1=CN=C(N=C1)NS(=O)(=O)C2=CC=C(C=C2)N,1,True,0.9991812109947205,1
C1=CC=NC(=C1)NS(=O)(=O)C2=CC=C(C=C2)N=NC3=CC(=C(C=C3)O)C(=O)O,1,True,0.9755339860916138,1
CCN(CC)CCNC(=O)C1=C(NC(=C1C)C=C2C3=C(C=CC(=C3)F)NC2=O)C.C(C(C(=O)O)O)C(=O)O,1,True,0.949247682094574,1
CC1CCN(CCN1C(=O)C2=C(C=CC(=C2)C)N3N=CC=N3)C4=NC5=C(O4)C=CC(=C5)Cl,0,True,0.973319160938263,1
CC1CC(C2C(CC(C(O2)(C(=O)C(=O)N3CCCCC3C(=O)OC(C(C(CC(=O)C(C=C(C1)C)CC=C)O)C)C(=CC4CCC(C(C4)OC)O)C)O)C)OC)OC,1,True,0.9688309311866761,1
CN1CC(=O)N2C(C1=O)CC3=C(C2C4=CC5=C(C=C4)OCO5)NC6=CC=CC=C36,1,True,0.9624549508094787,1
CNCC(C(C(C(CO)O)O)O)O.C1=CC2=C(C=C1C(=O)O)OC(=N2)C3=CC(=CC(=C3)Cl)Cl,0,False,0.948556411266327,1
CCC(=C(C1=CC=CC=C1)C2=CC=C(C=C2)OCCN(C)C)C3=CC=CC=C3.C(C(=O)O)C(CC(=O)O)(C(=O)O)O,1,False,0.9454300045967102,1
CCOC1=CC=CC=C1OCCNC(C)CC2=CC(=C(C=C2)OC)S(=O)(=O)N.Cl,1,False,0.6039529085159302,1
CCC(C1=CC(=CC=C1)O)C(C)CN(C)C.Cl,0,False,0.005086366226896644,0
C1C2C1C3C=CC2C4C3C(=O)N(C4=O)NC(=O)C5=CC=C(C=C5)C(F)(F)F,0,True,0.7190632820129395,1
CCCC1=NC2=C(N1CC3=CC=C(C=C3)C4=CC=CC=C4C(=O)O)C=C(C=C2C)C5=NC6=CC=CC=C6N5C,1,True,0.8653480291366578,1
CC1CCC2CC(C(=CC=CC=CC(CC(C(=O)C(C(C(=CC(C(=O)CC(OC(=O)C3CCCCN3C(=O)C(=O)C1(O2)O)C(C)CC4CCC(C(C4)OC)OC(=O)C(C)(CO)CO)C)C)O)OC)C)C)C)OC,0,True,0.9496891379356385,1
CN1CC(C2=C(C1)C(=CC(=C2)Cl)Cl)C3=CC(=CC=C3)S(=O)(=O)NCCOCCOCCNC(=O)NCCCCNC(=O)NCCOCCOCCNS(=O)(=O)C4=CC=CC(=C4)C5CN(CC6=C5C=C(C=C6Cl)Cl)C.Cl.Cl,0,True,0.7939438700675965,1
COC1=CC(=CC(=C1O)OC)C2C3C(COC3=O)C(C4=CC5=C(C=C24)OCO5)OC6C(C(C7C(O6)COC(O7)C8=CC=CS8)O)O,1,True,0.9808538556098938,1
CC(C)OC(=O)OCOP(=O)(COC(C)CN1C=NC2=C(N=CN=C21)N)OCOC(=O)OC(C)C.C(=CC(=O)O)C(=O)O,1,False,0.9482763886451722,1
COC1=C(C=C2C(=C1)C(=NC(=N2)N3CCN(CC3)C(=O)C4CCCO4)N)OC.O.O.Cl,0,True,0.9635236740112305,1
CC(C)(C)C#CC=CCN(C)CC1=CC=CC2=CC=CC=C21.Cl,1,False,0.7847881555557251,1
CC(C)(C)NCC(C1=CC(=CC(=C1)O)O)O.CC(C)(C)NCC(C1=CC(=CC(=C1)O)O)O.OS(=O)(=O)O,1,True,0.3219157516956329,1
CC(=C(C#N)C(=O)NC1=CC=C(C=C1)C(F)(F)F)O,1,False,0.9526549577713013,1
CCC(C)C(C(=O)NC(CCC(=O)N)C(=O)NC(CC(C)C)C(=O)NC(CCSC)C(=O)NC(CC1=CNC=N1)C(=O)NC(CC(=O)N)C(=O)NC(CC(C)C)C(=O)NCC(=O)NC(CCCCN)C(=O)NC(CC2=CNC=N2)C(=O)NC(CC(C)C)C(=O)NC(CC(=O)N)C(=O)NC(CO)C(=O)NC(CCSC)C(=O)NC(CCC(=O)O)C(=O)NC(CCCNC(=N)N)C(=O)NC(C(C)C)C(=O)NC(CCC(=O)O)C(=O)NC(CC3=CNC4=CC=CC=C43)C(=O)NC(CC(C)C)C(=O)NC(CCCNC(=N)N)C(=O)NC(CCCCN)C(=O)NC(CCCCN)C(=O)NC(CC(C)C)C(=O)NC(CCC(=O)N)C(=O)NC(CC(=O)O)C(=O)NC(C(C)C)C(=O)NC(CC5=CNC=N5)C(=O)NC(CC(=O)N)C(=O)NC(CC6=CC=CC=C6)C(=O)O)NC(=O)C(CCC(=O)O)NC(=O)C(CO)NC(=O)C(C(C)C)NC(=O)C(CO)N.CC(=O)O.O,1,True,0.6649470686912536,1
CCCCCCC(=O)OC1CCC2C1(CCC3C2CCC4=CC(=O)CCC34C)C,1,False,0.23428384363651275,1
CCCCCOC(CN1C(=O)C(C(=O)N(C1=O)CC(COCCCC)OC(=O)N)(CC)C2=CC=CC=C2)OC(=O)N.CCCCOCC(CN1C(=O)C(C(=O)NC1=O)(CC)C2=CC=CC=C2)OC(=O)N.CCC1(C(=O)NC(=O)NC1=O)C2=CC=CC=C2,1,True,0.880256962776184,1
C1CC(=O)NC(=O)C1N2C(=O)C3=CC=CC=C3C2=O,1,True,0.8430119633674622,1
CN1C2=C(C(=O)N(C1=O)C)NC=N2.C(C(=O)[O-])N.[Na+],0,True,0.6297868490219116,1
C1=CC=C2C(=C1)NC(=N2)C3=CSC=N3,1,True,0.9829248428344727,1
CC1=C(SC=[N+]1CC2=CN=C(N=C2N)C)CCO.Cl.[Cl-],0,True,0.8314677834510803,1
CN1CCCCC1CCN2C3=CC=CC=C3SC4=C2C=C(C=C4)SC.Cl,1,False,0.5985540509223938,1
C1CN1P(=S)(N2CC2)N3CC3,1,True,0.30855825543403625,1
CCCSC1=NC(=C2C(=N1)N(N=N2)C3CC(C(C3O)O)OCCO)NC4CC4C5=CC(=C(C=C5)F)F,0,True,0.9883589625358582,1
C1CN(CC2=C1SC=C2)CC3=CC=CC=C3Cl.Cl,1,False,0.8927050828933716,1
CC(C)(C)NCC(=O)NC1=CC(=C2CC3CC4C(C(=O)C(=C(C4(C(=O)C3=C(C2=C1O)O)O)O)C(=O)N)N(C)C)N(C)C,1,False,0.8141496181488037,1
C1=CC(=CC=C1SC(P(=O)(O)[O-])P(=O)(O)[O-])Cl.[Na+].[Na+],0,False,0.5435107231140137,1
CCS(=O)(=O)CCN1C(=NC=C1[N+](=O)[O-])C,1,False,0.9751328706741333,1
CCCC1(CC(=C(C(=O)O1)C(CC)C2=CC(=CC=C2)NS(=O)(=O)C3=NC=C(C=C3)C(F)(F)F)O)CCC4=CC=CC=C4,1,True,0.9469187617301941,1
CCCCS(=O)(=O)NC(CC1=CC=C(C=C1)OCCCCC2CCNCC2)C(=O)O.Cl,0,True,0.3312167078256607,1
C1CN=C(N1)NC2=C(C=CC3=NSN=C32)Cl.Cl,1,True,0.9379691123962403,1
CC1=CC=C(C=C1)C(=O)C2=CC=C(N2C)CC(=O)[O-].[Na+],1,False,0.9208936929702759,1
CC1=CC(=C(C=C1)O)C(CCN(C(C)C)C(C)C)C2=CC=CC=C2.C(C(C(=O)O)O)(C(=O)O)O,1,False,0.5345146656036377,1
CC1=CC=CC=C1C(=O)NC2=CC(=C(C=C2)C(=O)N3CCCC(C4=C3C=CC(=C4)Cl)O)C,1,True,0.9068490982055664,1
CC1(OC2COC3(C(C2O1)OC(O3)(C)C)COS(=O)(=O)N)C,1,True,0.2811585426330566,1
CCC1(C2=C(COC1=O)C(=O)N3CC4=CC5=C(C=CC(=C5CN(C)C)O)N=C4C3=C2)O.Cl,0,False,0.1563563883304596,1
CN(C)CC1CCCCC1(C2=CC(=CC=C2)OC)O.Cl,1,True,0.004310373309999704,0
CC1=C2C(=C(N(C1=O)C)NC3=C(C=C(C=C3)I)F)C(=O)N(C(=O)N2C4=CC=CC(=C4)NC(=O)C)C5CC5.CS(=O)C,1,True,0.9884252429008484,1
CCOC(=O)C(CCC1=CC=CC=C1)NC(C)C(=O)N2C3CCCCC3CC2C(=O)O,1,True,0.4433634102344513,1
C1C(C1N)C2=CC=CC=C2.C1C(C1N)C2=CC=CC=C2.OS(=O)(=O)O,1,True,0.40640567541122435,1
C1CN(CCN1CCCN2C(=O)N3C=CC=CC3=N2)C4=CC(=CC=C4)Cl.Cl,1,True,0.5952526211738587,1
C1=CC=C(C=C1)C2=NC3=C(N=C(N=C3N=C2N)N)N,1,True,0.9838997602462769,1
C(CNCCNCCN)N.Cl.Cl,0,True,0.018678522482514382,0
CN1CCN(CC1)CCCN2C3=CC=CC=C3SC4=C2C=C(C=C4)C(F)(F)F.Cl.Cl,1,True,0.3182509899139404,1
CCCCCCC(=O)OCC(COC(=O)CCCCCC)OC(=O)CCCCCC,0,True,0.14377386197447778,1
C1CCC(CC1)C(CCN2CCCCC2)(C3=CC=CC=C3)O.Cl,0,True,0.027785491570830344,0
CC1=CC=C(C=C1)C(=CCN2CCCC2)C3=CC=CC=N3.Cl,0,True,0.058910708874464035,0
CC(C)CC(C(=O)NC(CCCN=C(N)N)C(=O)N1CCCC1C(=O)NCC(=O)N)NC(=O)C(CC2=CNC3=CC=CC=C32)NC(=O)C(CC4=CC=C(C=C4)O)NC(=O)C(CO)NC(=O)C(CC5=CNC6=CC=CC=C65)NC(=O)C(CC7=CN=CN7)NC(=O)C8CCC(=O)N8.C1=CC=C2C(=C1)C=C(C(=C2CC3=C(C(=CC4=CC=CC=C43)C(=O)O)O)O)C(=O)O,1,True,0.7505854368209839,1
C1CC[N+]2(C1)C3CCC2CC(C3)OC(=O)C(C4=CC=CC=C4)(C5=CC=CC=C5)O.[Cl-],0,True,0.1357545793056488,1
CS(=O)(=O)O.C1C2C(C2N)CN1C3=C(C=C4C(=O)C(=CN(C4=N3)C5=C(C=C(C=C5)F)F)C(=O)O)F,1,False,0.993916141986847,1
C1=CC(=CC=C1CCN)O,0,False,0.005684514623135328,0
CC1C(CC(C(=O)N1CC(F)(F)F)NC(=O)C2=CC3=C(CC4(C3)C5=C(NC4=O)N=CC=C5)N=C2)C6=CC=CC=C6,0,True,0.9848906993865967,1
CC(=O)C1(CCC2C1(CC(C3=C4CCC(=O)C=C4CCC23)C5=CC=C(C=C5)N(C)C)C)OC(=O)C,1,True,0.5510448753833771,1
C1C[N+]2(CCC1(CC2)C(C3=CC=CC=C3)(C4=CC=CC=C4)O)CCOCC5=CC=CC=C5.[Br-],0,True,0.006304805446416139,0
CC(=O)OCC1C(C(C(O1)N2C=CC(=O)NC2=O)OC(=O)C)OC(=O)C,0,False,0.9428760170936584,1
CCC(C)C1C(=O)NC(C(=O)NC(C(=O)NC(CSSCC(C(=O)NC(C(=O)N1)CC2=CC=C(C=C2)O)N)C(=O)N3CCCC3C(=O)NC(CC(C)C)C(=O)NCC(=O)N)CC(=O)N)C(C)O,0,False,0.0761312335729599,0
CC(C)C(C(=O)OCCOCN1C=NC2=C1N=C(NC2=O)N)N,1,True,0.8704644441604614,1
CC1=C(C(=NO1)C2=CC=CC=C2)C3=CC=C(C=C3)S(=O)(=O)N,1,True,0.9967968106269837,1
CCCC(CCC)C(=O)O,1,True,0.3009012043476105,1
CCCCC(=O)N(CC1=CC=C(C=C1)C2=CC=CC=C2C3=NNN=N3)C(C(C)C)C(=O)O,1,True,0.735778272151947,1
CC1C(C(CC(O1)OC2C(C(C(OC2OC3=C4C=C5C=C3OC6=C(C=C(C=C6)C(C(C(=O)NC(C(=O)NC5C(=O)NC7C8=CC(=C(C=C8)O)C9=C(C=C(C=C9O)O)C(NC(=O)C(C(C1=CC(=C(O4)C=C1)Cl)O)NC7=O)C(=O)O)CC(=O)N)NC(=O)C(CC(C)C)NC)O)Cl)CO)O)O)(C)N)O.Cl,1,True,0.8647714376449585,1
C1C2CNCC1C3=CC4=NC=CN=C4C=C23.C(C(C(=O)O)O)(C(=O)O)O,1,True,0.9238552331924439,1
CC(=O)OC1CC2CCC3C(C2(CC1N4CCCCC4)C)CCC5(C3CC(C5OC(=O)C)[N+]6(CCCCC6)C)C.[Br-],0,True,0.11093307882547379,1
CCCS(=O)(=O)NC1=C(C(=C(C=C1)F)C(=O)C2=CNC3=C2C=C(C=N3)C4=CC=C(C=C4)Cl)F,1,True,0.997323751449585,1
CC1(CCC(=C(C1)C2=CC=C(C=C2)Cl)CN3CCN(CC3)C4=CC(=C(C=C4)C(=O)NS(=O)(=O)C5=CC(=C(C=C5)NCC6CCOCC6)[N+](=O)[O-])OC7=CN=C8C(=C7)C=CN8)C,1,True,0.9716499805450439,1
CN(C)CC(C1=CC=C(C=C1)OC)C2(CCCCC2)O.Cl,1,False,0.004748740792274475,0
CC(C)C(CCCN(C)CCC1=CC(=C(C=C1)OC)OC)(C#N)C2=CC(=C(C=C2)OC)OC.Cl,1,False,0.8650092959403992,1
COC(=O)NC1=C(N=C(N=C1N)C2=NN(C3=C2C=C(C=N3)F)CC4=CC=CC=C4F)N,0,True,0.9934764862060547,1
C1CC(NC1CC2=CC=C(C=C2)NC(=O)C3CCC4=NC=CC(=O)N34)C(C5=CC=CC=C5)O,0,True,0.6961048603057861,1
C1CN(CCN1CCCCC2=CNC3=C2C=C(C=C3)C#N)C4=CC5=C(C=C4)OC(=C5)C(=O)N.Cl,0,True,0.7723225116729736,1
CCOC1=CC=CC=C1OCC2CNCCO2.Cl,0,True,0.019927209801971914,0
CCC1(CC2CC(C3=C(CCN(C2)C1)C4=CC=CC=C4N3)(C5=C(C=C6C(=C5)C78CCN9C7C(C=CC9)(C(C(C8N6C)(C(=O)OC)O)OC(=O)C)CC)OC)C(=O)OC)O.OS(=O)(=O)O,1,True,0.972349750995636,1
CCC1(CC2CC(C3=C(CCN(C2)C1)C4=CC=CC=C4N3)(C5=C(C=C6C(=C5)C78CCN9C7C(C=CC9)(C(C(C8N6C=O)(C(=O)OC)O)OC(=O)C)CC)OC)C(=O)OC)O.OS(=O)(=O)O,1,True,0.9854939699172973,1
CCCCCCCCCCCCCCCC(=O)OCC=C(C)C=CC=C(C)C=CC1=C(CCCC1(C)C)C,1,False,0.2505708783864975,1
CCC1C(=O)N(CC(=O)N(C(C(=O)NC(C(=O)N(C(C(=O)NC(C(=O)NC(C(=O)N(C(C(=O)N(C(C(=O)N(C(C(=O)N(C(C(=O)N1)C(C(C)CC=CC=C)O)C)C(C)C)C)CC(C)C)C)CC(C)C)C)C)C)CC(C)C)C)C(C)C)CC(C)C)C)C,0,True,0.5956514358520508,1
CCOC(=O)NC1CCC2C(C1)CC3C(C2C=CC4=NC=C(C=C4)C5=CC(=CC=C5)F)C(OC3=O)C.OS(=O)(=O)O,0,True,0.9306809902191162,1
CC(C1=NC=NC=C1F)C(CN2C=NC=N2)(C3=C(C=C(C=C3)F)F)O,1,True,0.9687106370925903,1
C1=CC=C(C=C1)NC(=O)CCCCCCC(=O)NO,0,False,0.49010090827941893,1
CC1=CC(=C(C=C1)SC2=CC=CC=C2N3CCNCC3)C.Br,1,True,0.55751633644104,1
CCC(C)C1C(=O)NCC(=O)NC(C(=O)NC(C(=O)NC(C(=O)NCC(=O)NC(C(=O)NCC(=O)NC(CSSCC(C(=O)NC(C(=O)NCC(=O)NC(C(=O)NC(C(=O)NC(C(=O)NC(C(=O)NC(C(=O)N1)CCCNC(=N)N)CC(=O)O)CC(C)C)CCCCN)CC(C)C)CC2=CC=CC=C2)NC(=O)CNC(=O)C(CCCCN)NC(=O)C(CO)NC(=O)C(CC(C)C)NC(=O)CNC(=O)C(CCCCN)NC(=O)C(CCCCN)NC(=O)C(CC(=O)N)NC(=O)C(C)NC(=O)CNC(=O)C(CCCCN)NC(=O)C(CC3=CC=C(C=C3)O)NC(=O)C(CCCCN)NC(=O)C(CCCNC(=N)N)NC(=O)C(C)NC(=O)C(CC(=O)N)NC(=O)C4CCCN4C(=O)C(CC5=CN=CN5)NC(=O)C(CCC(=O)O)NC(=O)C(CCC(=O)N)NC(=O)CNC(=O)C6CCCN6)C(=O)O)CC(C)C)CO)CCSC)CO,0,True,0.4583133518695831,1
CC(C)N1C(=CC=N1)C2=C(C=CC=N2)COC3=CC=CC(=C3C=O)O,0,True,0.8899468302726745,1
CC(=O)CC(C1=CC=CC=C1)C2=C(C3=CC=CC=C3OC2=O)[O-].[Na+],1,True,0.7208568215370178,1
CCOC(=O)CNC(C1CCCCC1)C(=O)N2CCC2C(=O)NCC3=CC=C(C=C3)C(=NO)N,1,True,0.7806244969367981,1
CCN(C1=CC=CC(=C1)C2=CC=NC3=C(C=NN23)C#N)C(=O)C,0,True,0.9825323224067688,1
C=CC(=O)N1CCC(CC1)C2CCNC3=C(C(=NN23)C4=CC=C(C=C4)OC5=CC=CC=C5)C(=O)N,1,True,0.9155008435249329,1
CN(C)CC=C(C1=CC=C(C=C1)Br)C2=CN=CC=C2,1,True,0.6991160750389099,1
C1CN(CCN1CCC2=C(C=C3C(=C2)CC(=O)N3)Cl)C4=NSC5=CC=CC=C54.Cl,1,True,0.6185801982879638,1
C1=CN(C=N1)CC(O)(P(=O)(O)O)P(=O)(O)O,1,False,0.4550716280937195,1
