dataset,mol_id,SMILES,y_true,y_prob,y_pred,threshold,error_type
DILIst_external,acetaminophen,CC(=O)Nc1ccc(O)cc1,1,0.0613,0,0.6908,FN
DILIst_external,clofibrate,CCOC(=O)C(C)(C)Oc1ccc(Cl)cc1,1,0.2619,0,0.6908,FN
DILIst_external,cyclophosphamide,O=P1(N(CCCl)CCCl)NCCCO1,1,0.5173,0,0.6908,FN
DILIst_external,fluoxetine,CNCCC(Oc1ccc(C(F)(F)F)cc1)c1ccccc1,1,0.125,0,0.6908,FN
DILIst_external,gemfibrozil,Cc1ccc(C)c(OCCCC(C)(C)C(=O)O)c1,1,0.1866,0,0.6908,FN
DILIst_external,phenobarbital,CCC1(c2ccccc2)C(=O)NC(=O)NC1=O,1,0.7576,1,0.6908,TP
DILIst_external,rifampin,COC1C=COC2(C)Oc3c(C)c(O)c4c(O)c(c(C=NN5CCN(C)CC5)c(O)c4c3C2=O)NC(=O)C(C)=CC=CC(C)C(O)C(C)C(O)C(C)C(OC(C)=O)C1C,1,0.994,1,0.6908,TP
DILIst_external,tetracycline,CN(C)C1C(=O)C(C(N)=O)=C(O)C2(O)C(=O)C3=C(O)c4c(O)cccc4C(C)(O)C3CC12,1,0.9822,1,0.6908,TP
DILIst_external,abacavir,Nc1nc(NC2CC2)c2ncn(C3C=CC(CO)C3)c2n1,1,0.9142,1,0.6908,TP
DILIst_external,aciclovir,Nc1nc2c(ncn2COCCO)c(=O)[nH]1,1,0.9505,1,0.6908,TP
DILIst_external,allopurinol,O=c1[nH]cnc2[nH]ncc12,1,0.9818,1,0.6908,TP
DILIst_external,amineptine,O=C(O)CCCCCCNC1c2ccccc2CCc2ccccc21,1,0.0909,0,0.6908,FN
DILIst_external,amiodarone,CCCCc1oc2ccccc2c1C(=O)c1cc(I)c(OCCN(CC)CC)c(I)c1,1,0.3632,0,0.6908,FN
DILIst_external,amitriptyline,CN(C)CCC=C1c2ccccc2CCc2ccccc21,1,0.2702,0,0.6908,FN
DILIst_external,amphotericin b,CC1C=CC=CC=CC=CC=CC=CC=CC(OC2OC(C)C(O)C(N)C2O)CC2OC(O)(CC(O)CC(O)C(O)CCC(O)CC(O)CC(=O)OC(C)C(C)C1O)CC(O)C2C(=O)O,1,0.1594,0,0.6908,FN
DILIst_external,ampicillin,CC1(C)SC2C(NC(=O)C(N)c3ccccc3)C(=O)N2C1C(=O)O,1,0.5363,0,0.6908,FN
DILIst_external,donepezil,COc1cc2c(cc1OC)C(=O)C(CC1CCN(Cc3ccccc3)CC1)C2,1,0.07,0,0.6908,FN
DILIst_external,aminohippurate,Nc1ccc(C(=O)NCC(=O)O)cc1,0,0.2852,0,0.6908,TN
DILIst_external,bicalutamide,CC(O)(CS(=O)(=O)c1ccc(F)cc1)C(=O)Nc1ccc(C#N)c(C(F)(F)F)c1,1,0.9448,1,0.6908,TP
DILIst_external,captopril,CC(CS)C(=O)N1CCCC1C(=O)O,1,0.131,0,0.6908,FN
DILIst_external,carboplatin,O=C(O)C1(C(=O)O)CCC1,1,0.0178,0,0.6908,FN
DILIst_external,ceftazidime,CC(C)(ON=C(C(=O)NC1C(=O)N2C(C(=O)[O-])=C(C[n+]3ccccc3)CSC12)c1csc(N)n1)C(=O)O,1,0.9905,1,0.6908,TP
DILIst_external,chlorpromazine,CN(C)CCCN1c2ccccc2Sc2ccc(Cl)cc21,1,0.4365,0,0.6908,FN
DILIst_external,corticotropin,CSCCC(NC(=O)C(CO)NC(=O)C(Cc1ccc(O)cc1)NC(=O)C(N)CO)C(=O)NC(CCC(=O)O)C(=O)NC(Cc1cnc[nH]1)C(=O)NC(Cc1ccccc1)C(=O)NC(CCCNC(=N)N)C(=O)NC(Cc1c[nH]c2ccccc12)C(=O)NCC(=O)NC(CCCCN)C(=O)N1CCCC1C(=O)NC(C(=O)NCC(=O)NC(CCCCN)C(=O)NC(CCCCN)C(=O)NC(CCCNC(=N)N)C(=O)NC(CCCNC(=N)N)C(=O)N1CCCC1C(=O)NC(C(=O)NC(CCCCN)C(=O)NC(C(=O)NC(Cc1ccc(O)cc1)C(=O)N1CCCC1C(=O)NC(CC(N)=O)C(=O)NCC(=O)NC(C)C(=O)NC(CCC(=O)O)C(=O)NC(CC(=O)O)C(=O)NC(CCC(=O)O)C(=O)NC(CO)C(=O)NC(C)C(=O)NC(CCC(=O)O)C(=O)NC(C)C(=O)NC(Cc1ccccc1)C(=O)N1CCCC1C(=O)NC(CC(C)C)C(=O)NC(CCC(=O)O)C(=O)NC(Cc1ccccc1)C(=O)O)C(C)C)C(C)C)C(C)C,0,0.7837,1,0.6908,FP
DILIst_external,dantrolene,O=C1CN(N=Cc2ccc(-c3ccc([N+](=O)[O-])cc3)o2)C(=O)N1,1,0.9988,1,0.6908,TP
DILIst_external,propoxyphene,CCC(=O)OC(Cc1ccccc1)(c1ccccc1)C(C)CN(C)C,1,0.0334,0,0.6908,FN
DILIst_external,diclofenac,O=C(O)Cc1ccccc1Nc1c(Cl)cccc1Cl,1,0.9497,1,0.6908,TP
DILIst_external,diflunisal,O=C(O)c1cc(-c2ccc(F)cc2F)ccc1O,1,0.9894,1,0.6908,TP
DILIst_external,famotidine,NC(N)=Nc1nc(CSCCC(N)=NS(N)(=O)=O)cs1,1,0.919,1,0.6908,TP
DILIst_external,felbamate,NC(=O)OCC(COC(N)=O)c1ccccc1,1,0.1896,0,0.6908,FN
DILIst_external,hydroxyurea,NC(=O)NO,1,0.0515,0,0.6908,FN
DILIst_external,imatinib,Cc1ccc(NC(=O)c2ccc(CN3CCN(C)CC3)cc2)cc1Nc1nccc(-c2cccnc2)n1,1,0.9555,1,0.6908,TP
DILIst_external,imipramine,CN(C)CCCN1c2ccccc2CCc2ccccc21,1,0.0404,0,0.6908,FN
DILIst_external,labetalol,CC(CCc1ccccc1)NCC(O)c1ccc(O)c(C(N)=O)c1,1,0.0269,0,0.6908,FN
DILIst_external,mefenamic acid,Cc1cccc(Nc2ccccc2C(=O)O)c1C,1,0.9767,1,0.6908,TP
DILIst_external,meloxicam,Cc1cnc(NC(=O)C2=C(O)c3ccccc3S(=O)(=O)N2C)s1,1,0.9957,1,0.6908,TP
DILIst_external,methyldopa,CC(N)(Cc1ccc(O)c(O)c1)C(=O)O,1,0.0023,0,0.6908,FN
DILIst_external,nefazodone,CCc1nn(CCCN2CCN(c3cccc(Cl)c3)CC2)c(=O)n1CCOc1ccccc1,1,0.9044,1,0.6908,TP
DILIst_external,olsalazine,O=C(O)c1cc(N=Nc2ccc(O)c(C(=O)O)c2)ccc1O,1,0.9592,1,0.6908,TP
DILIst_external,paroxetine,Fc1ccc(C2CCNCC2COc2ccc3c(c2)OCO3)cc1,1,0.2305,0,0.6908,FN
DILIst_external,pentamidine,N=C(N)c1ccc(OCCCCCOc2ccc(C(=N)N)cc2)cc1,1,0.6917,1,0.6908,TP
DILIst_external,pioglitazone,CCc1ccc(CCOc2ccc(CC3SC(=O)NC3=O)cc2)nc1,1,0.6615,0,0.6908,FN
DILIst_external,ranitidine,CNC(=C[N+](=O)[O-])NCCSCc1ccc(CN(C)C)o1,1,0.5752,0,0.6908,FN
DILIst_external,rifabutin,COC1C=COC2(C)Oc3c(C)c(O)c4c(O)c(c5c(c4c3C2=O)=NC2(CCN(CC(C)C)CC2)N=5)NC(=O)C(C)=CC=CC(C)C(O)C(C)C(O)C(C)C(OC(C)=O)C1C,1,0.9939,1,0.6908,TP
DILIst_external,rosiglitazone,CN(CCOc1ccc(CC2SC(=O)NC2=O)cc1)c1ccccn1,1,0.9776,1,0.6908,TP
DILIst_external,indocyanine green,CC1(C)C(=CC=CC=CC=CC2=[N+](CCCCS(=O)(=O)[O-])c3ccc4ccccc4c3C2(C)C)N(CCCCS(=O)(=O)O)c2ccc3ccccc3c21,0,0.9073,1,0.6908,FP
DILIst_external,spironolactone,CC(=O)SC1CC2=CC(=O)CCC2(C)C2CCC3(C)C(CCC34CCC(=O)O4)C12,1,0.1293,0,0.6908,FN
DILIst_external,sulfadiazine,Nc1ccc(S(=O)(=O)Nc2ncccn2)cc1,1,0.9987,1,0.6908,TP
DILIst_external,sulfasalazine,O=C(O)c1cc(N=Nc2ccc(S(=O)(=O)Nc3ccccn3)cc2)ccc1O,1,0.9858,1,0.6908,TP
DILIst_external,theophylline,Cn1c(=O)c2[nH]cnc2n(C)c1=O,0,0.9024,1,0.6908,FP
DILIst_external,tizanidine,Clc1ccc2nsnc2c1NC1=NCCN1,1,0.9421,1,0.6908,TP
DILIst_external,vancomycin,CNC(CC(C)C)C(=O)NC1C(=O)NC(CC(N)=O)C(=O)NC2C(=O)NC3C(=O)NC(C(=O)NC(C(=O)O)c4cc(O)cc(O)c4-c4cc3ccc4O)C(O)c3ccc(c(Cl)c3)Oc3cc2cc(c3OC2OC(CO)C(O)C(O)C2OC2CC(C)(N)C(O)C(C)O2)Oc2ccc(cc2Cl)C1O,1,0.9259,1,0.6908,TP
DILIst_external,zolpidem,Cc1ccc(-c2nc3ccc(C)cn3c2CC(=O)N(C)C)cc1,0,0.8399,1,0.6908,FP
DILIst_external,finasteride,CC(C)(C)NC(=O)C1CCC2C3CCC4NC(=O)C=CC4(C)C3CCC12C,1,0.1883,0,0.6908,FN
DILIst_external,glimepiride,CCC1=C(C)CN(C(=O)NCCc2ccc(S(=O)(=O)NC(=O)NC3CCC(C)CC3)cc2)C1=O,1,0.9437,1,0.6908,TP
DILIst_external,venlafaxine,COc1ccc(C(CN(C)C)C2(O)CCCCC2)cc1,1,0.0021,0,0.6908,FN
DILIst_external,amlodipine,CCOC(=O)C1=C(COCCN)NC(C)=C(C(=O)OC)C1c1ccccc1Cl,1,0.5686,0,0.6908,FN
DILIst_external,vinblastine,CCC1(O)CC2CN(CCc3c([nH]c4ccccc34)C(C(=O)OC)(c3cc4c(cc3OC)N(C)C3C(O)(C(=O)OC)C(OC(C)=O)C5(CC)C=CCN6CCC43C65)C2)C1,0,0.9723,1,0.6908,FP
DILIst_external,prednisone,CC12C=CC(=O)C=C1CCC1C2C(=O)CC2(C)C1CCC2(O)C(=O)CO,1,0.0439,0,0.6908,FN
DILIst_external,lorazepam,O=C1Nc2ccc(Cl)cc2C(c2ccccc2Cl)=NC1O,0,0.9802,1,0.6908,FP
DILIst_external,raloxifene,O=C(c1ccc(OCCN2CCCCC2)cc1)c1c(-c2ccc(O)cc2)sc2cc(O)ccc12,0,0.7865,1,0.6908,FP
DILIst_external,mifepristone,CC#CC1(O)CCC2C3CCC4=CC(=O)CCC4=C3C(c3ccc(N(C)C)cc3)CC21C,0,0.0637,0,0.6908,TN
DILIst_external,clomipramine,CN(C)CCCN1c2ccccc2CCc2ccc(Cl)cc21,1,0.2625,0,0.6908,FN
DILIst_external,pravastatin,CCC(C)C(=O)OC1CC(O)C=C2C=CC(C)C(CCC(O)CC(O)CC(=O)O)C21,1,0.0116,0,0.6908,FN
DILIst_external,progesterone,CC(=O)C1CCC2C3CCC4=CC(=O)CCC4(C)C3CCC12C,1,0.4599,0,0.6908,FN
DILIst_external,ibuprofen,CC(C)Cc1ccc(C(C)C(=O)O)cc1,1,0.847,1,0.6908,TP
DILIst_external,promethazine,CC(CN1c2ccccc2Sc2ccccc21)N(C)C,1,0.6426,0,0.6908,FN
DILIst_external,omeprazole,COc1ccc2nc(S(=O)Cc3ncc(C)c(OC)c3C)[nH]c2c1,1,0.9838,1,0.6908,TP
DILIst_external,carvedilol,COc1ccccc1OCCNCC(O)COc1cccc2[nH]c3ccccc3c12,1,0.9476,1,0.6908,TP
DILIst_external,pergolide,CCCN1CC(CSC)CC2c3cccc4[nH]cc(c34)CC21,0,0.5201,0,0.6908,TN
DILIst_external,nisoldipine,COC(=O)C1=C(C)NC(C)=C(C(=O)OCC(C)C)C1c1ccccc1[N+](=O)[O-],0,0.8506,1,0.6908,FP
DILIst_external,methyltestosterone,CC12CCC(=O)C=C1CCC1C2CCC2(C)C1CCC2(C)O,1,0.6991,1,0.6908,TP
DILIst_external,testosterone,CC12CCC(=O)C=C1CCC1C2CCC2(C)C(O)CCC12,1,0.7837,1,0.6908,TP
DILIst_external,praziquantel,O=C(C1CCCCC1)N1CC(=O)N2CCc3ccccc3C2C1,0,0.0078,0,0.6908,TN
DILIst_external,diazepam,CN1C(=O)CN=C(c2ccccc2)c2cc(Cl)ccc21,0,0.925,1,0.6908,FP
DILIst_external,clomiphene,CCN(CC)CCOc1ccc(C(=C(Cl)c2ccccc2)c2ccccc2)cc1,1,0.5347,0,0.6908,FN
DILIst_external,isotretinoin,CC(C=CC1=C(C)CCCC1(C)C)=CC=CC(C)=CC(=O)O,1,0.248,0,0.6908,FN
DILIst_external,glipizide,Cc1cnc(C(=O)NCCc2ccc(S(=O)(=O)NC(=O)NC3CCCCC3)cc2)cn1,1,0.9761,1,0.6908,TP
DILIst_external,clotrimazole,Clc1ccccc1C(c1ccccc1)(c1ccccc1)n1ccnc1,1,0.694,1,0.6908,TP
DILIst_external,amoxapine,Clc1ccc2c(c1)C(N1CCNCC1)=Nc1ccccc1O2,0,0.6783,0,0.6908,TN
DILIst_external,iothalamate sodium,CNC(=O)c1c(I)c(NC(C)=O)c(I)c(C(=O)O)c1I,0,0.0347,0,0.6908,TN
DILIst_external,olanzapine,Cc1cc2c(s1)Nc1ccccc1N=C2N1CCN(C)CC1,1,0.6067,0,0.6908,FN
DILIst_external,primidone,CCC1(c2ccccc2)C(=O)NCNC1=O,0,0.0391,0,0.6908,TN
DILIst_external,vinorelbine,CCC1=CC2CN(C1)Cc1c([nH]c3ccccc13)C(C(=O)OC)(c1cc3c(cc1OC)N(C)C1C(O)(C(=O)OC)C(OC(C)=O)C4(CC)C=CCN5CCC31C54)C2,0,0.9728,1,0.6908,FP
DILIst_external,anastrozole,CC(C)(C#N)c1cc(Cn2cncn2)cc(C(C)(C)C#N)c1,1,0.6697,0,0.6908,FN
DILIst_external,rabeprazole,COCCCOc1ccnc(CS(=O)c2nc3ccccc3[nH]2)c1C,1,0.9388,1,0.6908,TP
DILIst_external,quetiapine,OCCOCCN1CCN(C2=Nc3ccccc3Sc3ccccc32)CC1,1,0.5241,0,0.6908,FN
DILIst_external,famciclovir,CC(=O)OCC(CCn1cnc2cnc(N)nc21)COC(C)=O,0,0.9517,1,0.6908,FP
DILIst_external,bromocriptine,CC(C)CC1C(=O)N2CCCC2C2(O)OC(NC(=O)C3C=C4c5cccc6[nH]c(Br)c(c56)CC4N(C)C3)(C(C)C)C(=O)N12,1,0.9141,1,0.6908,TP
DILIst_external,chlorambucil,O=C(O)CCCc1ccc(N(CCCl)CCCl)cc1,1,0.0431,0,0.6908,FN
DILIst_external,clozapine,CN1CCN(C2=Nc3cc(Cl)ccc3Nc3ccccc32)CC1,1,0.3823,0,0.6908,FN
DILIst_external,dacarbazine,CN(C)N=Nc1nc[nH]c1C(N)=O,1,0.5129,0,0.6908,FN
DILIst_external,enalapril,CCOC(=O)C(CCc1ccccc1)NC(C)C(=O)N1CCCC1C(=O)O,1,0.307,0,0.6908,FN
DILIst_external,glibenclamide,COc1ccc(Cl)cc1C(=O)NCCc1ccc(S(=O)(=O)NC(=O)NC2CCCCC2)cc1,1,0.9605,1,0.6908,TP
DILIst_external,isoniazid,NNC(=O)c1ccncc1,1,0.9294,1,0.6908,TP
DILIst_external,lansoprazole,Cc1c(OCC(F)(F)F)ccnc1CS(=O)c1nc2ccccc2[nH]1,1,0.9578,1,0.6908,TP
DILIst_external,metoprolol,COCCc1ccc(OCC(O)CNC(C)C)cc1,1,0.0032,0,0.6908,FN
DILIst_external,naltrexone,O=C1CCC2(O)C3Cc4ccc(O)c5c4C2(CCN3CC2CC2)C1O5,0,0.0075,0,0.6908,TN
DILIst_external,nifedipine,COC(=O)C1=C(C)NC(C)=C(C(=O)OC)C1c1ccccc1[N+](=O)[O-],1,0.8772,1,0.6908,TP
DILIst_external,nizatidine,CNC(=C[N+](=O)[O-])NCCSCc1csc(CN(C)C)n1,1,0.7259,1,0.6908,TP
DILIst_external,dextrose,OCC1OC(O)C(O)C(O)C1O,0,0.032,0,0.6908,TN
DILIst_external,sodium lactate,CC(O)C(=O)O,0,0.0236,0,0.6908,TN
DILIst_external,clorazepate,O=C(O)C1N=C(c2ccccc2)c2cc(Cl)ccc2NC1=O,0,0.971,1,0.6908,FP
DILIst_external,protirelin,NC(=O)C1CCCN1C(=O)C(Cc1cnc[nH]1)NC(=O)C1CCC(=O)N1,0,0.6535,0,0.6908,TN
DILIst_external,sincalide,CSCCC(NC(=O)C(Cc1ccc(OS(=O)(=O)O)cc1)NC(=O)C(N)CC(=O)O)C(=O)NCC(=O)NC(Cc1c[nH]c2ccccc12)C(=O)NC(CCSC)C(=O)NC(CC(=O)O)C(=O)NC(Cc1ccccc1)C(N)=O,0,0.9211,1,0.6908,FP
DILIst_external,secretin,CC(C)CC(NC(=O)CNC(=O)C(CCC(N)=O)NC(=O)C(CC(C)C)NC(=O)C(CC(C)C)NC(=O)C(CCCNC(=N)N)NC(=O)C(CCC(N)=O)NC(=O)C(CC(C)C)NC(=O)C(CCCNC(=N)N)NC(=O)C(C)NC(=O)C(CO)NC(=O)C(CC(=O)O)NC(=O)C(CCCNC(=N)N)NC(=O)C(CC(C)C)NC(=O)C(CCCNC(=N)N)NC(=O)C(CO)NC(=O)C(CC(C)C)NC(=O)C(CCC(=O)O)NC(=O)C(CO)NC(=O)C(NC(=O)C(Cc1ccccc1)NC(=O)C(NC(=O)CNC(=O)C(CC(=O)O)NC(=O)C(CO)NC(=O)C(N)Cc1ncc[nH]1)C(C)O)C(C)O)C(=O)NC(C(=O)O)C(C)C,0,0.5694,0,0.6908,TN
DILIst_external,cupric chloride,[Cl][Cu][Cl],0,0.1855,0,0.6908,TN
DILIst_external,trientine hydrochloride,NCCNCCNCCN,0,0.0116,0,0.6908,TN
DILIst_external,cyclosporine,CC=CCC(C)C(O)C1C(=O)NC(CC)C(=O)N(C)CC(=O)N(C)C(CC(C)C)C(=O)NC(C(C)C)C(=O)N(C)C(CC(C)C)C(=O)NC(C)C(=O)NC(C)C(=O)N(C)C(CC(C)C)C(=O)N(C)C(CC(C)C)C(=O)N(C)C(C(C)C)C(=O)N1C,1,0.5541,0,0.6908,FN
DILIst_external,decitabine,Nc1ncn(C2CC(O)C(CO)O2)c(=O)n1,0,0.9731,1,0.6908,FP
DILIst_external,doxycycline,CC1c2cccc(O)c2C(O)=C2C(=O)C3(O)C(O)=C(C(N)=O)C(=O)C(N(C)C)C3C(O)C21,1,0.9867,1,0.6908,TP
DILIst_external,felodipine,CCOC(=O)C1=C(C)NC(C)=C(C(=O)OC)C1c1cccc(Cl)c1Cl,1,0.3987,0,0.6908,FN
DILIst_external,fluphenazine,OCCN1CCN(CCCN2c3ccccc3Sc3ccc(C(F)(F)F)cc32)CC1,0,0.4702,0,0.6908,TN
DILIst_external,gefitinib,COc1cc2ncnc(Nc3ccc(F)c(Cl)c3)c2cc1OCCCN1CCOCC1,1,0.9924,1,0.6908,TP
DILIst_external,haloperidol,O=C(CCCN1CCC(O)(c2ccc(Cl)cc2)CC1)c1ccc(F)cc1,1,0.0294,0,0.6908,FN
DILIst_external,mesalazine,Nc1ccc(O)c(C(=O)O)c1,1,0.0237,0,0.6908,FN
DILIst_external,minocycline,CN(C)c1ccc(O)c2c1CC1CC3C(N(C)C)C(=O)C(C(N)=O)=C(O)C3(O)C(=O)C1=C2O,1,0.8825,1,0.6908,TP
DILIst_external,ioversol,O=C(NCC(O)CO)c1c(I)c(C(=O)NCC(O)CO)c(I)c(N(CCO)C(=O)CO)c1I,0,0.0216,0,0.6908,TN
DILIst_external,oxaprozin,O=C(O)CCc1nc(-c2ccccc2)c(-c2ccccc2)o1,1,0.9926,1,0.6908,TP
DILIst_external,prazosin,COc1cc2nc(N3CCN(C(=O)c4ccco4)CC3)nc(N)c2cc1OC,0,0.9931,1,0.6908,FP
DILIst_external,prochlorperazine,CN1CCN(CCCN2c3ccccc3Sc3ccc(Cl)cc32)CC1,1,0.5116,0,0.6908,FN
DILIst_external,corticorelin ovine triflutate,CCC(C)C(NC(=O)C(CC(=O)O)NC(=O)C(CC(C)C)NC(=O)C(CC(C)C)NC(=O)C(CCCCN)NC(=O)C(CCCNC(=N)N)NC(=O)C(CC(N)=O)NC(=O)C(CO)NC(=O)C(Cc1cnc[nH]1)NC(=O)C(C)NC(=O)C(CCC(N)=O)NC(=O)C(CCC(N)=O)NC(=O)C(C)NC(=O)C(CC(C)C)NC(=O)C(CCC(N)=O)NC(=O)C(CC(=O)O)NC(=O)C(C)NC(=O)C(CCCCN)NC(=O)C(NC(=O)C(CCSC)NC(=O)C(CCC(=O)O)NC(=O)C(CC(C)C)NC(=O)C(NC(=O)C(CCC(=O)O)NC(=O)C(CCCNC(=N)N)NC(=O)C(CC(C)C)NC(=O)C(CC(C)C)NC(=O)C(Cc1cnc[nH]1)NC(=O)C(Cc1ccccc1)NC(=O)C(NC(=O)C(CC(C)C)NC(=O)C(CC(=O)O)NC(=O)C(CC(C)C)NC(=O)C(CO)NC(=O)C(NC(=O)C1CCCN1C(=O)C1CCCN1C(=O)C(CCC(=O)O)NC(=O)C(CCC(N)=O)NC(=O)C(N)CO)C(C)CC)C(C)O)C(C)C)C(C)O)C(=O)NC(C)C(N)=O,0,0.6604,0,0.6908,TN
DILIst_external,sodium thiosulfate,O=S(O)(O)=S,0,0.3984,0,0.6908,TN
DILIst_external,sirolimus,COC1CC2CCC(C)C(O)(O2)C(=O)C(=O)N2CCCCC2C(=O)OC(C(C)CC2CCC(O)C(OC)C2)CC(=O)C(C)C=C(C)C(O)C(OC)C(=O)C(C)CC(C)C=CC=CC=C1C,1,0.8909,1,0.6908,TP
DILIst_external,tacrolimus,C=CCC1C=C(C)CC(C)CC(OC)C2OC(O)(C(=O)C(=O)N3CCCCC3C(=O)OC(C(C)=CC3CCC(O)C(OC)C3)C(C)C(O)CC1=O)C(C)CC2OC,1,0.9387,1,0.6908,TP
DILIst_external,thalidomide,O=C1CCC(N2C(=O)c3ccccc3C2=O)C(=O)N1,1,0.8273,1,0.6908,TP
DILIst_external,thioridazine,CSc1ccc2c(c1)N(CCC1CCCCN1C)c1ccccc1S2,1,0.7012,1,0.6908,TP
DILIst_external,topiramate,CC1(C)OC2COC3(COS(N)(=O)=O)OC(C)(C)OC3C2O1,1,0.501,0,0.6908,FN
DILIst_external,trifluoperazine,CN1CCN(CCCN2c3ccccc3Sc3ccc(C(F)(F)F)cc32)CC1,0,0.5083,0,0.6908,TN
DILIst_external,triptorelin pamoate,CC(C)CC(NC(=O)C(Cc1c[nH]c2ccccc12)NC(=O)C(Cc1ccc(O)cc1)NC(=O)C(CO)NC(=O)C(Cc1c[nH]c2ccccc12)NC(=O)C(Cc1cnc[nH]1)NC(=O)C1CCC(=O)N1)C(=O)NC(CCCN=C(N)N)C(=O)N1CCCC1C(=O)NCC(N)=O,1,0.7687,1,0.6908,TP
DILIst_external,alatrofloxacin mesylate,CC(N)C(=O)NC(C)C(=O)NC1C2CN(c3nc4c(cc3F)c(=O)c(C(=O)O)cn4-c3ccc(F)cc3F)CC21,1,0.987,1,0.6908,TP
DILIst_external,vorinostat,O=C(CCCCCCC(=O)Nc1ccccc1)NO,0,0.2315,0,0.6908,TN
DILIst_external,nesiritide,CCC(C)C1NC(=O)C(CCCNC(=N)N)NC(=O)C(CC(=O)O)NC(=O)C(CCSC)NC(=O)C(CCCCN)NC(=O)C(CCCNC(=N)N)NC(=O)CNC(=O)C(Cc2ccccc2)NC(=O)C(NC(=O)CNC(=O)C(CO)NC(=O)CNC(=O)C(CCC(N)=O)NC(=O)C(NC(=O)C(CCSC)NC(=O)C(CCCCN)NC(=O)C2CCCN2C(=O)C(N)CO)C(C)C)CSSCC(C(=O)NC(CCCCN)C(=O)NC(C(=O)NC(CC(C)C)C(=O)NC(CCCNC(=N)N)C(=O)NC(CCCNC(=N)N)C(=O)NC(Cc2c[nH]cn2)C(=O)O)C(C)C)NC(=O)CNC(=O)C(CC(C)C)NC(=O)CNC(=O)C(CO)NC(=O)C(CO)NC(=O)C(CO)NC(=O)C(CO)NC1=O,0,0.525,0,0.6908,TN
DILIst_external,ganirelix acetate,CCNC(=NCCCCC(NC(=O)C(Cc1ccc(O)cc1)NC(=O)C(CO)NC(=O)C(Cc1cccnc1)NC(=O)C(Cc1ccc(Cl)cc1)NC(=O)C(Cc1ccc2ccccc2c1)NC(C)=O)C(=O)NC(CC(C)C)C(=O)NC(CCCCN=C(NCC)NCC)C(=O)N1CCCC1C(=O)NC(C)C(N)=O)NCC,0,0.8305,1,0.6908,FP
DILIst_external,methylprednisolone,CC1CC2C(C(O)CC3(C)C2CCC3(O)C(=O)CO)C2(C)C=CC(=O)C=C12,1,0.017,0,0.6908,FN
DILIst_external,gamma hydroxybutyric acid,O=C(O)CCCO,0,0.0167,0,0.6908,TN
DILIst_external,tegaserod,CCCCCN=C(N)NN=Cc1c[nH]c2ccc(OC)cc12,0,0.5288,0,0.6908,TN
DILIst_external,penicillamine,CC(C)(S)C(N)C(=O)O,1,0.0168,0,0.6908,FN
DILIst_external,pramlintide,CCC(C)C(NC(=O)C1CCCN1C(=O)CNC(=O)C(Cc1ccccc1)NC(=O)C(CC(N)=O)NC(=O)C(CC(N)=O)NC(=O)C(CO)NC(=O)C(CO)NC(=O)C(Cc1c[nH]cn1)NC(=O)C(NC(=O)C(CC(C)C)NC(=O)C(Cc1ccccc1)NC(=O)C(CC(N)=O)NC(=O)C(C)NC(=O)C(CC(C)C)NC(=O)C(CCCNC(=N)N)NC(=O)C(CCC(N)=O)NC(=O)C(NC(=O)C(C)NC(=O)C1CSSCC(NC(=O)C(N)CCCCN)C(=O)NC(CC(N)=O)C(=O)NC(C(C)O)C(=O)NC(C)C(=O)NC(C(C)O)C(=O)N1)C(C)O)C(C)C)C(=O)NC(CC(C)C)C(=O)N1CCCC1C(=O)N1CCCC1C(=O)NC(C(=O)NC(CC(N)=O)C(=O)NC(C(=O)NCC(=O)NC(CO)C(=O)NC(CC(N)=O)C(=O)NC(C(=O)NC(Cc1ccc(O)cc1)C(N)=O)C(C)O)C(C)C)C(C)O,0,0.5859,0,0.6908,TN
DILIst_external,lanthanum carbonate,O=C(O)O,0,0.0402,0,0.6908,TN
DILIst_external,alprazolam,Cc1nnc2n1-c1ccc(Cl)cc1C(c1ccccc1)=NC2,1,0.9381,1,0.6908,TP
DILIst_external,altretamine,CN(C)c1nc(N(C)C)nc(N(C)C)n1,0,0.2345,0,0.6908,TN
DILIst_external,amantadine,NC12CC3CC(CC(C3)C1)C2,0,0.5581,0,0.6908,TN
DILIst_external,4-aminosalicylic acid,Nc1ccc(C(=O)O)c(O)c1,1,0.0266,0,0.6908,FN
DILIst_external,amoxicillin,CC1(C)SC2C(NC(=O)C(N)c3ccc(O)cc3)C(=O)N2C1C(=O)O,1,0.7782,1,0.6908,TP
DILIst_external,atropine,CN1C2CCC1CC(OC(=O)C(CO)c1ccccc1)C2,0,0.0117,0,0.6908,TN
DILIst_external,trospium,O=C(OC1CC2CCC(C1)[N+]21CCCC1)C(O)(c1ccccc1)c1ccccc1,0,0.4646,0,0.6908,TN
DILIst_external,gadofosveset trisodium,O=C(O)CN(CCN(CC(=O)O)CC(COP(=O)(O)OC1CCC(c2ccccc2)(c2ccccc2)CC1)N(CC(=O)O)CC(=O)O)CC(=O)O,0,0.7769,1,0.6908,FP
DILIst_external,clonazepam,O=C1CN=C(c2ccccc2Cl)c2cc([N+](=O)[O-])ccc2N1,1,0.9969,1,0.6908,TP
DILIst_external,exenatide,CCC(C)C(NC(=O)C(Cc1ccccc1)NC(=O)C(CC(C)C)NC(=O)C(CCCNC(=N)N)NC(=O)C(NC(=O)C(C)NC(=O)C(CCC(=O)O)NC(=O)C(CCC(=O)O)NC(=O)C(CCC(=O)O)NC(=O)C(CCSC)NC(=O)C(CCC(N)=O)NC(=O)C(CCCCN)NC(=O)C(CO)NC(=O)C(CC(C)C)NC(=O)C(CC(=O)O)NC(=O)C(CO)NC(=O)C(NC(=O)C(Cc1ccccc1)NC(=O)C(NC(=O)CNC(=O)C(CCC(=O)O)NC(=O)CNC(=O)C(N)Cc1c[nH]cn1)C(C)O)C(C)O)C(C)C)C(=O)NC(CCC(=O)O)C(=O)NC(Cc1c[nH]c2ccccc12)C(=O)NC(CC(C)C)C(=O)NC(CCCCN)C(=O)NC(CC(N)=O)C(=O)NCC(=O)NCC(=O)N1CCCC1C(=O)NC(CO)C(=O)NC(CO)C(=O)NCC(=O)NC(C)C(=O)N1CCCC1C(=O)N1CCCC1C(=O)N1CCCC1C(=O)NC(CO)C(N)=O,0,0.7686,1,0.6908,FP
DILIst_external,danazol,C#CC1(O)CCC2C3CCC4=Cc5oncc5CC4(C)C3CCC21C,1,0.2825,0,0.6908,FN
DILIst_external,daunorubicin,COc1cccc2c1C(=O)c1c(O)c3c(c(O)c1C2=O)CC(O)(C(C)=O)CC3OC1CC(N)C(O)C(C)O1,0,0.9887,1,0.6908,FP
DILIst_external,doxapram,CCN1CC(CCN2CCOCC2)C(c2ccccc2)(c2ccccc2)C1=O,0,0.0619,0,0.6908,TN
DILIst_external,febuxostat,Cc1nc(-c2ccc(OCC(C)C)c(C#N)c2)sc1C(=O)O,1,0.9958,1,0.6908,TP
DILIst_external,granisetron,CN1C2CCCC1CC(NC(=O)c1nn(C)c3ccccc13)C2,0,0.1446,0,0.6908,TN
DILIst_external,griseofulvin,COC1=CC(=O)CC(C)C12Oc1c(Cl)c(OC)cc(OC)c1C2=O,1,0.9218,1,0.6908,TP
DILIst_external,hydralazine,NNc1nncc2ccccc12,1,0.9594,1,0.6908,TP
DILIst_external,ifosfamide,O=P1(NCCCl)OCCCN1CCCl,1,0.521,0,0.6908,FN
DILIst_external,deferasirox,O=C(O)c1ccc(-n2nc(-c3ccccc3O)nc2-c2ccccc2O)cc1,1,0.947,1,0.6908,TP
DILIst_external,sunitinib,CCN(CC)CCNC(=O)c1c(C)[nH]c(C=C2C(=O)Nc3ccc(F)cc32)c1C,1,0.9261,1,0.6908,TP
DILIst_external,methylnaltrexone bromide,C[N+]1(CC2CC2)CCC23c4c5ccc(O)c4OC2C(=O)CCC3(O)C1C5,0,0.0093,0,0.6908,TN
DILIst_external,desvenlafaxine,CN(C)CC(c1ccc(O)cc1)C1(O)CCCCC1,1,0.0009,0,0.6908,FN
DILIst_external,lomustine,O=NN(CCCl)C(=O)NC1CCCCC1,1,0.068,0,0.6908,FN
DILIst_external,telbivudine,Cc1cn(C2CC(O)C(CO)O2)c(=O)[nH]c1=O,0,0.99,1,0.6908,FP
DILIst_external,methocarbamol,COc1ccccc1OCC(O)COC(N)=O,0,0.0275,0,0.6908,TN
DILIst_external,modafinil,NC(=O)CS(=O)C(c1ccccc1)c1ccccc1,1,0.6821,0,0.6908,FN
DILIst_external,fesoterodine,CC(C)C(=O)Oc1ccc(CO)cc1C(CCN(C(C)C)C(C)C)c1ccccc1,0,0.0244,0,0.6908,TN
DILIst_external,naloxone,C=CCN1CCC23c4c5ccc(O)c4OC2C(=O)CCC3(O)C1C5,0,0.0139,0,0.6908,TN
DILIst_external,naproxen,COc1ccc2cc(C(C)C(=O)O)ccc2c1,1,0.9156,1,0.6908,TP
DILIst_external,nateglinide,CC(C)C1CCC(C(=O)NC(Cc2ccccc2)C(=O)O)CC1,0,0.0188,0,0.6908,TN
DILIst_external,neomycin,NCC1OC(OC2C(CO)OC(OC3C(O)C(N)CC(N)C3OC3OC(CN)C(O)C(O)C3N)C2O)C(N)C(O)C1O,0,0.0722,0,0.6908,TN
DILIst_external,levocetirizine dihydrochloride,O=C(O)COCCN1CCN(C(c2ccccc2)c2ccc(Cl)cc2)CC1,1,0.0429,0,0.6908,FN
DILIst_external,nystatin,CC1C=CC=CCCC=CC=CC=CC=CC(OC2OC(C)C(O)C(N)C2O)CC2OC(O)(CC(O)C(O)CCC(O)CC(O)CC(O)CC(=O)OC(C)C(C)C1O)CC(O)C2C(=O)O,0,0.1041,0,0.6908,TN
DILIst_external,oxytetracycline,CN(C)C1C(=O)C(C(N)=O)=C(O)C2(O)C(=O)C3=C(O)c4c(O)cccc4C(C)(O)C3C(O)C12,0,0.9885,1,0.6908,FP
DILIst_external,pantoprazole,COc1ccnc(CS(=O)c2nc3ccc(OC(F)F)cc3[nH]2)c1OC,1,0.9972,1,0.6908,TP
DILIst_external,prednisolone,CC12C=CC(=O)C=C1CCC1C2C(O)CC2(C)C1CCC2(O)C(=O)CO,1,0.0107,0,0.6908,FN
DILIst_external,procarbazine,CNNCc1ccc(C(=O)NC(C)C)cc1,1,0.324,0,0.6908,FN
DILIst_external,secobarbital,C=CCC1(C(C)CCC)C(=O)NC(=O)NC1=O,0,0.3991,0,0.6908,TN
DILIst_external,sotalol,CC(C)NCC(O)c1ccc(NS(C)(=O)=O)cc1,0,0.3103,0,0.6908,TN
DILIst_external,thiabendazole,c1ccc2[nH]c(-c3cscn3)nc2c1,1,0.9884,1,0.6908,TP
DILIst_external,tinidazole,CCS(=O)(=O)CCn1c([N+](=O)[O-])cnc1C,1,0.975,1,0.6908,TP
DILIst_external,maraviroc,Cc1nnc(C(C)C)n1C1CC2CCC(C1)N2CCC(NC(=O)C1CCC(F)(F)CC1)c1ccccc1,1,0.5103,0,0.6908,FN
DILIst_external,raltegravir,Cc1nnc(C(=O)NC(C)(C)c2nc(C(=O)NCc3ccc(F)cc3)c(O)c(=O)n2C)o1,1,0.9837,1,0.6908,TP
DILIst_external,clevidipine,CCCC(=O)OCOC(=O)C1=C(C)NC(C)=C(C(=O)OC)C1c1cccc(Cl)c1Cl,0,0.8068,1,0.6908,FP
DILIst_external,regadenoson,CNC(=O)c1cnn(-c2nc(N)c3ncn(C4OC(CO)C(O)C4O)c3n2)c1,0,0.9896,1,0.6908,FP
DILIst_external,warfarin,CC(=O)CC(c1ccccc1)c1c(O)c2ccccc2oc1=O,1,0.9483,1,0.6908,TP
DILIst_external,zaleplon,CCN(C(C)=O)c1cccc(-c2ccnc3c(C#N)cnn23)c1,0,0.9853,1,0.6908,FP
DILIst_external,ferumoxytol,[Fe+2],0,0.013,0,0.6908,TN
DILIst_external,etravirine,Cc1cc(C#N)cc(C)c1Oc1nc(Nc2ccc(C#N)cc2)nc(N)c1Br,1,0.9822,1,0.6908,TP
DILIst_external,silodosin,CC(Cc1cc2c(c(C(N)=O)c1)N(CCCO)CC2)NCCOc1ccccc1OCC(F)(F)F,0,0.6508,0,0.6908,TN
DILIst_external,fospropofol,CC(C)c1cccc(C(C)C)c1OCOP(=O)(O)O,1,0.3087,0,0.6908,FN
DILIst_external,bendamustine,Cn1c(CCCC(=O)O)nc2cc(N(CCCl)CCCl)ccc21,0,0.3591,0,0.6908,TN
DILIst_external,tolvaptan,Cc1ccccc1C(=O)Nc1ccc(C(=O)N2CCCC(O)c3cc(Cl)ccc32)c(C)c1,1,0.8465,1,0.6908,TP
DILIst_external,eltrombopag olamine,Cc1ccc(-n2[nH]c(C)c(N=Nc3cccc(-c4cccc(C(=O)O)c4)c3O)c2=O)cc1C,1,0.9641,1,0.6908,TP
DILIst_external,tapentadol,CCC(c1cccc(O)c1)C(C)CN(C)C,0,0.0011,0,0.6908,TN
DILIst_external,prasugrel hydrochloride,CC(=O)Oc1cc2c(s1)CCN(C(C(=O)C1CC1)c1ccccc1F)C2,1,0.9066,1,0.6908,TP
DILIst_external,saxagliptin,N#CC1CC2CC2N1C(=O)C(N)C12CC3CC(CC(O)(C3)C1)C2,0,0.011,0,0.6908,TN
DILIst_external,romidepsin,CC=C1NC(=O)C2CSSCCC=CC(CC(=O)NC(C(C)C)C(=O)N2)OC(=O)C(C(C)C)NC1=O,0,0.8926,1,0.6908,FP
DILIst_external,dronedarone,CCCCc1oc2ccc(NS(C)(=O)=O)cc2c1C(=O)c1ccc(OCCCN(CCCC)CCCC)cc1,1,0.9867,1,0.6908,TP
DILIst_external,pazopanib,Cc1ccc(Nc2nccc(N(C)c3ccc4c(C)n(C)nc4c3)n2)cc1S(N)(=O)=O,1,0.9904,1,0.6908,TP
DILIst_external,ecallantide,CCC(C)C1NC(=O)C(Cc2ccccc2)NC(=O)C(CCC(=O)O)NC(=O)C(CCC(=O)O)NC(=O)C2CSSCC3NC(=O)C(CCC(=O)O)NC(=O)C(CCC(=O)O)NC(=O)C(CC(C)C)NC(=O)C(CO)NC(=O)C(CCC(=O)O)NC(=O)C(Cc4ccccc4)NC(=O)C(CCCNC(=N)N)NC(=O)C(CC(N)=O)NC(=O)C(CCC(N)=O)NC(=O)C(CC(N)=O)NC(=O)CNC(=O)C(CCC(=O)O)NC(=O)C(CSSCC(NC(=O)C4CCCN4C(=O)CNC(=O)C(CC(=O)O)NC(=O)C(CC(=O)O)NC(=O)C(C)NC(=O)C(CCCCN)NC(=O)C(Cc4ccccc4)NC(=O)C(C)NC(=O)C(NC(=O)C(Cc4ccccc4)NC(=O)C(CO)NC(=O)C(Cc4cnc[nH]4)NC(=O)C(CCSC)NC(=O)C(C)NC(=O)C(N)CCC(=O)O)CSSCC(C(=O)NC(C(=O)NC(CCCNC(=N)N)C(=O)NC(CC(=O)O)C(=O)O)C(C)O)NC(=O)C(CCSC)NC(=O)C(CCCCN)NC(=O)C(CCCCN)NC3=O)C(=O)NC(CCCNC(=N)N)C(=O)NC(C)C(=O)NC(C)C(=O)NC(Cc3cnc[nH]3)C(=O)N3CCCC3C(=O)NC(CCCNC(=N)N)C(=O)NC(Cc3c[nH]c4ccccc34)C(=O)NC(Cc3ccccc3)C(=O)NC(Cc3ccccc3)C(=O)NC(CC(N)=O)C(=O)NC(C(C)CC)C(=O)NC(Cc3ccccc3)C(=O)NC(C(C)O)C(=O)NC(CCCNC(=N)N)C(=O)NC(CCC(N)=O)C(=O)N2)NC(=O)CNC(=O)CNC(=O)C(Cc2ccc(O)cc2)NC1=O,0,0.6952,1,0.6908,FP
DILIst_external,lumiracoxib,Cc1ccc(Nc2c(F)cccc2Cl)c(CC(=O)O)c1,1,0.976,1,0.6908,TP
DILIst_external,oxyphenisatin,O=C1Nc2ccccc2C1(c1ccc(O)cc1)c1ccc(O)cc1,1,0.8308,1,0.6908,TP
DILIst_external,isaxonine,CC(C)Nc1ncccn1,1,0.2552,0,0.6908,FN
DILIst_external,pipamazine,NC(=O)C1CCN(CCCN2c3ccccc3Sc3ccc(Cl)cc32)CC1,1,0.4111,0,0.6908,FN
DILIst_external,fiduxosin ,COc1cccc2c1C1CN(CCCCn3c(=O)[nH]c4c(sc5ncc(-c6ccccc6)nc54)c3=O)CC1CO2,1,0.9702,1,0.6908,TP
DILIst_external,phenoxypropazine,CC(COc1ccccc1)NN,1,0.0157,0,0.6908,FN
DILIst_external,histamine diphosphate,NCCc1cnc[nH]1,0,0.598,0,0.6908,TN
DILIst_external,meperidine,CCOC(=O)C1(c2ccccc2)CCN(C)CC1,0,0.0073,0,0.6908,TN
DILIst_external,methadone,CCC(=O)C(CC(C)N(C)C)(c1ccccc1)c1ccccc1,0,0.0272,0,0.6908,TN
DILIst_external,cortisone acetate,CC(=O)OCC(=O)C1(O)CCC2C3CCC4=CC(=O)CCC4(C)C3C(=O)CC21C,0,0.3343,0,0.6908,TN
DILIst_external,dyphylline,Cn1c(=O)c2c(ncn2CC(O)CO)n(C)c1=O,0,0.758,1,0.6908,FP
DILIst_external,levorphanol,CN1CCC23CCCCC2C1Cc1ccc(O)cc13,0,0.0062,0,0.6908,TN
DILIst_external,propantheline,CC(C)[N+](C)(CCOC(=O)C1c2ccccc2Oc2ccccc21)C(C)C,0,0.1547,0,0.6908,TN
DILIst_external,mecamylamine,CNC1(C)C2CCC(C2)C1(C)C,0,0.4082,0,0.6908,TN
DILIst_external,methsuximide,CN1C(=O)CC(C)(c2ccccc2)C1=O,0,0.0175,0,0.6908,TN
DILIst_external,mepenzolate,C[N+]1(C)CCCC(OC(=O)C(O)(c2ccccc2)c2ccccc2)C1,0,0.0462,0,0.6908,TN
DILIst_external,triprolidine,Cc1ccc(C(=CCN2CCCC2)c2ccccn2)cc1,0,0.0541,0,0.6908,TN
DILIst_external,dichlorphenamide,NS(=O)(=O)c1cc(Cl)c(Cl)c(S(N)(=O)=O)c1,0,0.9326,1,0.6908,FP
DILIst_external,diethylpropion,CCN(CC)C(C)C(=O)c1ccccc1,0,0.0069,0,0.6908,TN
DILIst_external,biperiden,OC(CCN1CCCCC1)(c1ccccc1)C1CC2C=CC1C2,0,0.0043,0,0.6908,TN
DILIst_external,isosorbide dinitrate,O=[N+]([O-])OC1COC2C(O[N+](=O)[O-])COC12,0,0.32,0,0.6908,TN
DILIst_external,mepivacaine,Cc1cccc(C)c1NC(=O)C1CCCCN1C,0,0.0103,0,0.6908,TN
DILIst_external,bendroflumethiazide,NS(=O)(=O)c1cc2c(cc1C(F)(F)F)NC(Cc1ccccc1)NS2(=O)=O,1,0.9667,1,0.6908,TP
DILIst_external,phendimetrazine,CC1C(c2ccccc2)OCCN1C,0,0.0045,0,0.6908,TN
DILIst_external,ethosuximide,CCC1(C)CC(=O)NC1=O,0,0.1892,0,0.6908,TN
DILIst_external,benzphetamine,CC(Cc1ccccc1)N(C)Cc1ccccc1,0,0.1758,0,0.6908,TN
DILIst_external,glycopyrrolate,C[N+]1(C)CCC(OC(=O)C(O)(c2ccccc2)C2CCCC2)C1,0,0.0049,0,0.6908,TN
DILIst_external,metaxalone,Cc1cc(C)cc(OCC2CNC(=O)O2)c1,1,0.3839,0,0.6908,FN
DILIst_external,oxazepam,O=C1Nc2ccc(Cl)cc2C(c2ccccc2)=NC1O,0,0.9825,1,0.6908,FP
DILIst_external,protriptyline,CNCCCC1c2ccccc2C=Cc2ccccc21,0,0.5659,0,0.6908,TN
DILIst_external,cosyntropin,CSCCC(NC(=O)C(CO)NC(=O)C(Cc1ccc(O)cc1)NC(=O)C(N)CO)C(=O)NC(CCC(=O)O)C(=O)NC(Cc1c[nH]cn1)C(=O)NC(Cc1ccccc1)C(=O)NC(CCCNC(=N)N)C(=O)NC(Cc1c[nH]c2ccccc12)C(=O)NCC(=O)NC(CCCCN)C(=O)N1CCCC1C(=O)NC(C(=O)NCC(=O)NC(CCCCN)C(=O)NC(CCCCN)C(=O)NC(CCCNC(=N)N)C(=O)NC(CCCNC(=N)N)C(=O)N1CCCC1C(=O)NC(C(=O)NC(CCCCN)C(=O)NC(C(=O)NC(Cc1ccc(O)cc1)C(=O)N1CCCC1C(=O)O)C(C)C)C(C)C)C(C)C,0,0.8096,1,0.6908,FP
DILIst_external,pancuronium,CC(=O)OC1CC2CCC3C(CCC4(C)C3CC([N+]3(C)CCCCC3)C4OC(C)=O)C2(C)CC1[N+]1(C)CCCCC1,0,0.1256,0,0.6908,TN
DILIst_external,pentagastrin,CSCCC(NC(=O)C(Cc1c[nH]c2ccccc12)NC(=O)CCNC(=O)OC(C)(C)C)C(=O)NC(CC(=O)O)C(=O)NC(Cc1ccccc1)C(N)=O,0,0.8877,1,0.6908,FP
DILIst_external,terbutaline,CC(C)(C)NCC(O)c1cc(O)cc(O)c1,1,0.0009,0,0.6908,FN
DILIst_external,calcitonin salmon,CC(C)CC(NC(=O)C(CCCCN)NC(=O)CNC(=O)C(CC(C)C)NC(=O)C(NC(=O)C1CSSCC(N)C(=O)NC(CO)C(=O)NC(CC(N)=O)C(=O)NC(CC(C)C)C(=O)NC(CO)C(=O)NC(C(C)O)C(=O)N1)C(C)C)C(=O)NC(CO)C(=O)NC(CCC(N)=O)C(=O)NC(CCC(=O)O)C(=O)NC(CC(C)C)C(=O)NC(Cc1cnc[nH]1)C(=O)NC(CCCCN)C(=O)NC(CC(C)C)C(=O)NC(CCC(N)=O)C(=O)NC(C(=O)NC(Cc1ccc(O)cc1)C(=O)N1CCCC1C(=O)NC(CCCNC(=N)N)C(=O)NC(C(=O)NC(CC(N)=O)C(=O)NC(C(=O)NCC(=O)NC(CO)C(=O)NCC(=O)NC(C(=O)N1CCCC1C(N)=O)C(C)O)C(C)O)C(C)O)C(C)O,0,0.5476,0,0.6908,TN
DILIst_external,pentetic acid,O=C(O)CN(CCN(CC(=O)O)CC(=O)O)CCN(CC(=O)O)CC(=O)O,0,0.0143,0,0.6908,TN
DILIst_external,somatropin recombinant,CCC(C)C(NC(=O)C(C)NC(=O)C(CC(=O)O)NC(=O)C(C)NC(=O)C(N)Cc1cnc[nH]1)C(=O)NC(Cc1ccccc1)C(=O)NC(C(=O)NC(CO)C(=O)NC(CO)C(=O)NC(Cc1ccc(O)cc1)C(=O)NC(CCCNC(=N)N)C(=O)NC(CCCNC(=N)N)C(=O)NC(C(=O)NC(CC(C)C)C(=O)NCC(=O)NC(CCC(N)=O)C(=O)NC(CC(C)C)C(=O)NC(Cc1ccc(O)cc1)C(=O)NC(C)C(=O)NC(CCCNC(=N)N)C(=O)NC(CCCCN)C(=O)NC(CC(C)C)C(=O)NC(CC(C)C)C(=O)NC(Cc1cnc[nH]1)C(=O)NC(CCC(=O)O)C(=O)NC(C(=O)NC(CCSC)C(=O)NC(CC(=O)O)C(=O)NC(CCCNC(=N)N)C(=O)NC(CCC(N)=O)C(=O)NC(CCC(N)=O)C(=O)NCC(=O)NC(CCC(=O)O)C(=O)NC(CCCNC(=N)N)C(=O)NC(CC(N)=O)C(=O)NC(CCC(N)=O)C(=O)NC(CCC(=O)O)C(=O)NC(CCC(N)=O)C(=O)NC(CCCNC(=N)N)C(=O)NC(CO)C(=O)NC(CCCNC(=N)N)C(=O)NC(Cc1ccccc1)C(=O)NC(CC(N)=O)C(=O)O)C(C)CC)C(C)CC)C(C)O,0,0.7001,1,0.6908,FP
DILIst_external,fluorescein,O=C1OC2(c3ccc(O)cc3Oc3cc(O)ccc32)c2ccccc21,0,0.9277,1,0.6908,FP
DILIst_external,carboprost tromethamine,CCCCCC(C)(O)C=CC1C(O)CC(O)C1CC=CCCCC(=O)O,0,0.0009,0,0.6908,TN
DILIst_external,calcitriol,C=C1C(=CC=C2CCCC3(C)C2CCC3C(C)CCCC(C)(C)O)CC(O)CC1O,0,0.0016,0,0.6908,TN
DILIst_external,nabilone,CCCCCCC(C)(C)c1cc(O)c2c(c1)OC(C)(C)C1CCC(=O)CC21,0,0.0487,0,0.6908,TN
DILIst_external,vecuronium,CC(=O)OC1CC2CCC3C(CCC4(C)C3CC([N+]3(C)CCCCC3)C4OC(C)=O)C2(C)CC1N1CCCCC1,0,0.1151,0,0.6908,TN
DILIst_external,atracurium,COc1ccc(CC2c3cc(OC)c(OC)cc3CC[N+]2(C)CCC(=O)OCCCCCOC(=O)CC[N+]2(C)CCc3cc(OC)c(OC)cc3C2Cc2ccc(OC)c(OC)c2)cc1OC,0,0.6383,0,0.6908,TN
DILIst_external,sufentanil,CCC(=O)N(c1ccccc1)C1(COC)CCN(CCc2cccs2)CC1,0,0.0914,0,0.6908,TN
DILIst_external,alfentanil,CCC(=O)N(c1ccccc1)C1(COC)CCN(CCn2nnn(CC)c2=O)CC1,0,0.2686,0,0.6908,TN
DILIst_external,rubidium chloride rb-82,[Rb+],0,0.0256,0,0.6908,TN
DILIst_external,urofollitropin,CCC(C)C1NC(=O)C(Cc2ccc(O)cc2)NC(=O)C(N)CSSCC(C(=O)N2CCCC2C(=O)NC(CC(C)C)C(=O)NCC(N)=O)NC(=O)C(CC(N)=O)NC(=O)C(C(C)O)NC1=O,0,0.0675,0,0.6908,TN
DILIst_external,teriparatide,CCC(C)C(NC(=O)C(CCC(=O)O)NC(=O)C(CO)NC(=O)C(NC(=O)C(N)CO)C(C)C)C(=O)NC(CCC(N)=O)C(=O)NC(CC(C)C)C(=O)NC(CCSC)C(=O)NC(Cc1c[nH]cn1)C(=O)NC(CC(N)=O)C(=O)NC(CC(C)C)C(=O)NCC(=O)NC(CCCCN)C(=O)NC(Cc1c[nH]cn1)C(=O)NC(CC(C)C)C(=O)NC(CC(N)=O)C(=O)NC(CO)C(=O)NC(CCSC)C(=O)NC(CCC(=O)O)C(=O)NC(CCCNC(=N)N)C(=O)NC(C(=O)NC(CCC(=O)O)C(=O)NC(Cc1c[nH]c2ccccc12)C(=O)NC(CC(C)C)C(=O)NC(CCCNC(=N)N)C(=O)NC(CCCCN)C(=O)NC(CCCCN)C(=O)NC(CC(C)C)C(=O)NC(CCC(N)=O)C(=O)NC(CC(=O)O)C(=O)NC(C(=O)NC(Cc1c[nH]cn1)C(=O)NC(CC(N)=O)C(=O)NC(Cc1ccccc1)C(=O)O)C(C)C)C(C)C,0,0.8185,1,0.6908,FP
DILIst_external,rimantadine,CC(N)C12CC3CC(CC(C3)C1)C2,0,0.5149,0,0.6908,TN
DILIst_external,fenoldopam,Oc1ccc(C2CNCCc3c2cc(O)c(O)c3Cl)cc1,0,0.0727,0,0.6908,TN
DILIst_external,calcium acetate,CC(=O)O,0,0.0701,0,0.6908,TN
DILIst_external,mivacurium,COc1cc2c(cc1OC)C(Cc1cc(OC)c(OC)c(OC)c1)[N+](C)(CCCOC(=O)CCC=CCCC(=O)OCCC[N+]1(C)CCc3cc(OC)c(OC)cc3C1Cc1cc(OC)c(OC)c(OC)c1)CC2,0,0.6779,0,0.6908,TN
DILIst_external,perindopril,CCCC(NC(C)C(=O)N1C(C(=O)O)CC2CCCCC21)C(=O)OCC,0,0.2191,0,0.6908,TN
DILIst_external,tamsulosin,CCOc1ccccc1OCCNC(C)Cc1ccc(OC)c(S(N)(=O)=O)c1,1,0.7104,1,0.6908,TP
DILIst_external,dolasetron,O=C(OC1CC2CC3CC(C1)N2CC3=O)c1c[nH]c2ccccc12,0,0.4042,0,0.6908,TN
DILIst_external,remifentanil,CCC(=O)N(c1ccccc1)C1(C(=O)OC)CCN(CCC(=O)OC)CC1,1,0.6002,0,0.6908,FN
DILIst_external,sibutramine,CC(C)CC(N(C)C)C1(c2ccc(Cl)cc2)CCC1,1,0.1831,0,0.6908,FN
DILIst_external,tiagabine,Cc1ccsc1C(=CCCN1CCCC(C(=O)O)C1)c1sccc1C,0,0.3783,0,0.6908,TN
DILIst_external,ropinirole,CCCN(CCC)CCc1cccc2c1CC(=O)N2,1,0.0889,0,0.6908,FN
DILIst_external,pramipexole,CCCNC1CCc2nc(N)sc2C1,0,0.4609,0,0.6908,TN
DILIst_external,miglitol,OCCN1CC(O)C(O)C(O)C1CO,0,0.0104,0,0.6908,TN
DILIst_external,delavirdine,CC(C)Nc1cccnc1N1CCN(C(=O)c2cc3cc(NS(C)(=O)=O)ccc3[nH]2)CC1,0,0.9883,1,0.6908,FP
DILIst_external,tiludronate,O=P(O)(O)C(Sc1ccc(Cl)cc1)P(=O)(O)O,0,0.6062,0,0.6908,TN
DILIst_external,eptifibatide,NC(=O)C1CSSCCC(=O)NC(CCCCN=C(N)N)C(=O)NCC(=O)NC(CC(=O)O)C(=O)NC(Cc2c[nH]c3ccccc23)C(=O)N2CCCC2C(=O)N1,0,0.8155,1,0.6908,FP
DILIst_external,eprosartan,CCCCc1ncc(C=C(Cc2cccs2)C(=O)O)n1Cc1ccc(C(=O)O)cc1,0,0.9427,1,0.6908,FP
DILIst_external,repaglinide,CCOc1cc(CC(=O)NC(CC(C)C)c2ccccc2N2CCCCC2)ccc1C(=O)O,1,0.8635,1,0.6908,TP
DILIst_external,irbesartan,CCCCC1=NC2(CCCC2)C(=O)N1Cc1ccc(-c2ccccc2-c2nn[nH]n2)cc1,1,0.8106,1,0.6908,TP
DILIst_external,naratriptan,CNS(=O)(=O)CCc1ccc2[nH]cc(C3CCN(C)CC3)c2c1,0,0.7573,1,0.6908,FP
DILIst_external,zolmitriptan,CN(C)CCc1c[nH]c2ccc(CC3COC(=O)N3)cc12,0,0.4167,0,0.6908,TN
DILIst_external,nelfinavir,Cc1c(O)cccc1C(=O)NC(CSc1ccccc1)C(O)CN1CC2CCCCC2CC1C(=O)NC(C)(C)C,1,0.933,1,0.6908,TP
DILIst_external,rivastigmine,CCN(C)C(=O)Oc1cccc(C(C)N(C)C)c1,1,0.0315,0,0.6908,FN
DILIst_external,ziprasidone,O=C1Cc2cc(CCN3CCN(c4nsc5ccccc45)CC3)c(Cl)cc2N1,1,0.8641,1,0.6908,TP
DILIst_external,risedronate,O=P(O)(O)C(O)(Cc1cccnc1)P(=O)(O)O,0,0.2484,0,0.6908,TN
DILIst_external,candesartan,CCOc1nc2cccc(C(=O)O)c2n1Cc1ccc(-c2ccccc2-c2nn[nH]n2)cc1,1,0.995,1,0.6908,TP
DILIst_external,clopidogrel,COC(=O)C(c1ccccc1Cl)N1CCc2sccc2C1,1,0.538,0,0.6908,FN
DILIst_external,rizatriptan,CN(C)CCc1c[nH]c2ccc(Cn3cncn3)cc12,0,0.6418,0,0.6908,TN
DILIst_external,bivalirudin,CCC(C)C(NC(=O)C(CCC(=O)O)NC(=O)C(CCC(=O)O)NC(=O)C(Cc1ccccc1)NC(=O)C(CC(=O)O)NC(=O)CNC(=O)C(CC(N)=O)NC(=O)CNC(=O)CNC(=O)CNC(=O)CNC(=O)C1CCCN1C(=O)C(CCCNC(=N)N)NC(=O)C1CCCN1C(=O)C(N)Cc1ccccc1)C(=O)N1CCCC1C(=O)NC(CCC(=O)O)C(=O)NC(CCC(=O)O)C(=O)NC(Cc1ccc(O)cc1)C(=O)NC(CC(C)C)C(=O)O,0,0.6267,0,0.6908,TN
DILIst_external,fluorouracil,O=c1[nH]cc(F)c(=O)[nH]1,1,0.9482,1,0.6908,TP
DILIst_external,argatroban,CC1CNc2c(cccc2S(=O)(=O)NC(CCCN=C(N)N)C(=O)N2CCC(C)CC2C(=O)O)C1,0,0.7281,1,0.6908,FP
DILIst_external,sildenafil,CCCc1nn(C)c2c(=O)[nH]c(-c3cc(S(=O)(=O)N4CCN(C)CC4)ccc3OCC)nc12,1,0.9942,1,0.6908,TP
DILIst_external,acarbose,CC1OC(OC2C(CO)OC(OC(C(O)CO)C(O)C(O)C=O)C(O)C2O)C(O)C(O)C1NC1C=C(CO)C(O)C(O)C1O,1,0.6632,0,0.6908,FN
DILIst_external,acebutolol,CCCC(=O)Nc1ccc(OCC(O)CNC(C)C)c(C(C)=O)c1,1,0.0237,0,0.6908,FN
DILIst_external,tirofiban,CCCCS(=O)(=O)NC(Cc1ccc(OCCCCC2CCNCC2)cc1)C(=O)O,0,0.2781,0,0.6908,TN
DILIst_external,dofetilide,CN(CCOc1ccc(NS(C)(=O)=O)cc1)CCc1ccc(NS(C)(=O)=O)cc1,0,0.9464,1,0.6908,FP
DILIst_external,acetylcysteine,CC(=O)NC(CS)C(=O)O,0,0.0647,0,0.6908,TN
DILIst_external,acitretin,COc1cc(C)c(C=CC(C)=CC=CC(C)=CC(=O)O)c(C)c1C,1,0.7562,1,0.6908,TP
DILIst_external,adenosine,Nc1ncnc2c1ncn2C1OC(CO)C(O)C1O,0,0.9845,1,0.6908,FP
DILIst_external,almotriptan,CN(C)CCc1c[nH]c2ccc(CS(=O)(=O)N3CCCC3)cc12,0,0.5021,0,0.6908,TN
DILIst_external,frovatriptan,CNC1CCc2[nH]c3ccc(C(N)=O)cc3c2C1,0,0.331,0,0.6908,TN
DILIst_external,oxcarbazepine,NC(=O)N1c2ccccc2CC(=O)c2ccccc21,1,0.9811,1,0.6908,TP
DILIst_external,rifapentine,COC1C=COC2(C)Oc3c(C)c(O)c4c(O)c(c(C=NN5CCN(C6CCCC6)CC5)c(O)c4c3C2=O)NC(=O)C(C)=CC=CC(C)C(O)C(C)C(O)C(C)C(OC(C)=O)C1C,0,0.9932,1,0.6908,FP
DILIst_external,levetiracetam,CCC(C(N)=O)N1CCCC1=O,1,0.0221,0,0.6908,FN
DILIst_external,alpidem,CCCN(CCC)C(=O)Cc1c(-c2ccc(Cl)cc2)nc2ccc(Cl)cn12,1,0.3999,0,0.6908,FN
DILIst_external,perflutren,FC(F)(F)C(F)(F)C(F)(F)F,0,0.1179,0,0.6908,TN
DILIst_external,alosetron,Cc1[nH]cnc1CN1CCc2c(c3ccccc3n2C)C1=O,1,0.5801,0,0.6908,FN
DILIst_external,levothyroxine,NC(Cc1cc(I)c(Oc2cc(I)c(O)c(I)c2)c(I)c1)C(=O)O,1,0.044,0,0.6908,FN
DILIst_external,linezolid,CC(=O)NCC1CN(c2ccc(N3CCOCC3)c(F)c2)C(=O)O1,1,0.9306,1,0.6908,TP
DILIst_external,gemifloxacin,CON=C1CN(c2nc3c(cc2F)c(=O)c(C(=O)O)cn3C2CC2)CC1CN,1,0.9859,1,0.6908,TP
DILIst_external,desloratadine,Clc1ccc2c(c1)CCc1cccnc1C2=C1CCNCC1,1,0.2248,0,0.6908,FN
DILIst_external,galantamine,COc1ccc2c3c1OC1CC(O)C=CC31CCN(C)C2,0,0.0046,0,0.6908,TN
DILIst_external,cefditoren,CON=C(C(=O)NC1C(=O)N2C(C(=O)O)=C(C=Cc3scnc3C)CSC12)c1csc(N)n1,0,0.9958,1,0.6908,FP
DILIst_external,zoledronate,O=P(O)(O)C(O)(Cn1ccnc1)P(=O)(O)O,1,0.4362,0,0.6908,FN
DILIst_external,caspofungin,CCC(C)CC(C)CCCCCCCCC(=O)NC1CC(O)C(NCCN)NC(=O)C2C(O)CCN2C(=O)C(C(O)CCN)NC(=O)C(C(O)C(O)c2ccc(O)cc2)NC(=O)C2CC(O)CN2C(=O)C(C(C)O)NC1=O,0,0.204,0,0.6908,TN
DILIst_external,atovaquone,O=C1C(=O)c2ccccc2C(O)=C1C1CCC(c2ccc(Cl)cc2)CC1,0,0.6976,1,0.6908,FP
DILIst_external,voriconazole,CC(c1ncncc1F)C(O)(Cn1cncn1)c1ccc(F)cc1F,1,0.9683,1,0.6908,TP
DILIst_external,olmesartan,CCCc1nc(C(C)(C)O)c(C(=O)O)n1Cc1ccc(-c2ccccc2-c2nn[nH]n2)cc1,0,0.8789,1,0.6908,FP
DILIst_external,alfuzosin,COc1cc2nc(N(C)CCCNC(=O)C3CCCO3)nc(N)c2cc1OC,1,0.9395,1,0.6908,TP
DILIst_external,aztreonam,CC1C(NC(=O)C(=NOC(C)(C)C(=O)O)c2csc(N)n2)C(=O)N1S(=O)(=O)O,0,0.9786,1,0.6908,FP
DILIst_external,dutasteride,CC12C=CC(=O)NC1CCC1C2CCC2(C)C(C(=O)Nc3cc(C(F)(F)F)ccc3C(F)(F)F)CCC12,0,0.6205,0,0.6908,TN
DILIst_external,baclofen,NCC(CC(=O)O)c1ccc(Cl)cc1,1,0.1504,0,0.6908,FN
DILIst_external,benziodarone,CCc1oc2ccccc2c1C(=O)c1cc(I)c(O)c(I)c1,1,0.9531,1,0.6908,TP
DILIst_external,ertapenem,CC(O)C1C(=O)N2C(C(=O)O)=C(SC3CNC(C(=O)Nc4cccc(C(=O)O)c4)C3)C(C)C12,0,0.9744,1,0.6908,FP
DILIst_external,fondaparinux sodium,COC1OC(COS(=O)(=O)O)C(OC2OC(C(=O)O)C(OC3OC(COS(=O)(=O)O)C(OC4OC(C(=O)O)C(OC5OC(COS(=O)(=O)O)C(O)C(O)C5NS(=O)(=O)O)C(O)C4O)C(OS(=O)(=O)O)C3NS(=O)(=O)O)C(O)C2OS(=O)(=O)O)C(O)C1NS(=O)(=O)O,1,0.8573,1,0.6908,TP
DILIst_external,miglustat,CCCCN1CC(O)C(O)C(O)C1CO,0,0.0122,0,0.6908,TN
DILIst_external,gadobenate dimeglumine,O=C(O)CN(CCN(CC(=O)O)CC(=O)O)CCN(CC(=O)O)C(COCc1ccccc1)C(=O)O,0,0.0516,0,0.6908,TN
DILIst_external,rifaximin,COC1C=COC2(C)Oc3c(C)c(O)c4c(O)c(c5c(nc6cc(C)ccn65)c4c3C2=O)NC(=O)C(C)=CC=CC(C)C(O)C(C)C(O)C(C)C(OC(C)=O)C1C,0,0.989,1,0.6908,FP
DILIst_external,tadalafil,CN1CC(=O)N2C(Cc3c([nH]c4ccccc34)C2c2ccc3c(c2)OCO3)C1=O,0,0.9558,1,0.6908,FP
DILIst_external,palonosetron,O=C1c2cccc3c2C(CCC3)CN1C1CN2CCC1CC2,0,0.1206,0,0.6908,TN
DILIst_external,betaxolol,CC(C)NCC(O)COc1ccc(CCOCC2CC2)cc1,0,0.0028,0,0.6908,TN
DILIst_external,vardenafil,CCCc1nc(C)c2c(=O)[nH]c(-c3cc(S(=O)(=O)N4CCN(CC)CC4)ccc3OCC)nn12,0,0.9889,1,0.6908,FP
DILIst_external,bisoprolol,CC(C)NCC(O)COc1ccc(COCCOC(C)C)cc1,0,0.0038,0,0.6908,TN
DILIst_external,bleomycin,Cc1c(N)nc(C(CC(N)=O)NCC(N)C(N)=O)nc1C(=O)NC(C(=O)NC(C)C(O)C(C)C(=O)NC(C(=O)NCCc1nc(-c2nc(C(=O)NCCC[S+](C)C)cs2)cs1)C(C)O)C(OC1OC(CO)C(O)C(O)C1OC1OC(CO)C(O)C(OC(N)=O)C1O)c1cnc[nH]1,0,0.9356,1,0.6908,FP
DILIst_external,atomoxetine,CNCCC(Oc1ccccc1C)c1ccccc1,1,0.0571,0,0.6908,FN
DILIst_external,acamprosate,CC(=O)NCCCS(=O)(=O)O,1,0.0977,0,0.6908,FN
DILIst_external,aripiprazole,O=C1CCc2ccc(OCCCCN3CCN(c4cccc(Cl)c4Cl)CC3)cc2N1,0,0.3496,0,0.6908,TN
DILIst_external,budesonide,CCCC1OC2CC3C4CCC5=CC(=O)C=CC5(C)C4C(O)CC3(C)C2(C(=O)CO)O1,0,0.1274,0,0.6908,TN
DILIst_external,eplerenone,COC(=O)C1CC2=CC(=O)CCC2(C)C23OC2CC2(C)C(CCC24CCC(=O)O4)C13,0,0.1775,0,0.6908,TN
DILIst_external,butorphanol,Oc1ccc2c(c1)C13CCCCC1(O)C(C2)N(CC1CCC1)CC3,0,0.0054,0,0.6908,TN
DILIst_external,cabergoline,C=CCN1CC(C(=O)N(CCCN(C)C)C(=O)NCC)CC2c3cccc4[nH]cc(c34)CC21,0,0.8303,1,0.6908,FP
DILIst_external,ezetimibe,O=C1C(CCC(O)c2ccc(F)cc2)C(c2ccc(O)cc2)N1c1ccc(F)cc1,1,0.9312,1,0.6908,TP
DILIst_external,ibandronate,CCCCCN(C)CCC(O)(P(=O)(O)O)P(=O)(O)O,0,0.0445,0,0.6908,TN
DILIst_external,carbenicillin,CC1(C)SC2C(NC(=O)C(C(=O)O)c3ccccc3)C(=O)N2C1C(=O)O,1,0.8996,1,0.6908,TP
DILIst_external,cefaclor,NC(C(=O)NC1C(=O)N2C(C(=O)O)=C(Cl)CSC12)c1ccccc1,1,0.8738,1,0.6908,TP
DILIst_external,enfuvirtide,CCC(C)C(NC(=O)C(CC(C)C)NC(=O)C(CO)NC(=O)C(Cc1cnc[nH]1)NC(=O)C(NC(=O)C(CC(C)C)NC(=O)C(CO)NC(=O)C(NC(=O)C(Cc1ccc(O)cc1)NC(C)=O)C(C)O)C(C)CC)C(=O)NC(CCC(=O)O)C(=O)NC(CCC(=O)O)C(=O)NC(CO)C(=O)NC(CCC(N)=O)C(=O)NC(CC(N)=O)C(=O)NC(CCC(N)=O)C(=O)NC(CCC(N)=O)C(=O)NC(CCC(=O)O)C(=O)NC(CCCCN)C(=O)NC(CC(N)=O)C(=O)NC(CCC(=O)O)C(=O)NC(CCC(N)=O)C(=O)NC(CCC(=O)O)C(=O)NC(CC(C)C)C(=O)NC(CC(C)C)C(=O)NC(CCC(=O)O)C(=O)NC(CC(C)C)C(=O)NC(CC(=O)O)C(=O)NC(CCCCN)C(=O)NC(Cc1c[nH]c2ccccc12)C(=O)NC(C)C(=O)NC(CO)C(=O)NC(CC(C)C)C(=O)NC(Cc1c[nH]c2ccccc12)C(=O)NC(CC(N)=O)C(=O)NC(Cc1c[nH]c2ccccc12)C(=O)NC(Cc1ccccc1)C(N)=O,0,0.814,1,0.6908,FP
DILIst_external,cefazolin,Cc1nnc(SCC2=C(C(=O)O)N3C(=O)C(NC(=O)Cn4cnnn4)C3SC2)s1,1,0.9938,1,0.6908,TP
DILIst_external,cefepime,CON=C(C(=O)NC1C(=O)N2C(C(=O)[O-])=C(C[N+]3(C)CCCC3)CSC12)c1csc(N)n1,1,0.8993,1,0.6908,TP
DILIst_external,cefixime,C=CC1=C(C(=O)O)N2C(=O)C(NC(=O)C(=NOCC(=O)O)c3csc(N)n3)C2SC1,0,0.9867,1,0.6908,FP
DILIst_external,cefoperazone,CCN1CCN(C(=O)NC(C(=O)NC2C(=O)N3C(C(=O)O)=C(CSc4nnnn4C)CSC23)c2ccc(O)cc2)C(=O)C1=O,1,0.9939,1,0.6908,TP
DILIst_external,cefotaxime,CON=C(C(=O)NC1C(=O)N2C(C(=O)O)=C(COC(C)=O)CSC12)c1csc(N)n1,1,0.9768,1,0.6908,TP
DILIst_external,cefoxitin,COC1(NC(=O)Cc2cccs2)C(=O)N2C(C(=O)O)=C(COC(N)=O)CSC21,0,0.9781,1,0.6908,FP
DILIst_external,cefpodoxime,COCC1=C(C(=O)O)N2C(=O)C(NC(=O)C(=NOC)c3csc(N)n3)C2SC1,0,0.9812,1,0.6908,FP
DILIst_external,cefprozil,CC=CC1=C(C(=O)O)N2C(=O)C(NC(=O)C(N)c3ccc(O)cc3)C2SC1,1,0.9895,1,0.6908,TP
DILIst_external,ceftibuten,Nc1nc(C(=CCC(=O)O)C(=O)NC2C(=O)N3C(C(=O)O)=CCSC23)cs1,0,0.984,1,0.6908,FP
DILIst_external,nitazoxanide,CC(=O)Oc1ccccc1C(=O)Nc1ncc([N+](=O)[O-])s1,0,0.9979,1,0.6908,FP
DILIst_external,cefuroxime,CON=C(C(=O)NC1C(=O)N2C(C(=O)O)=C(COC(N)=O)CSC12)c1ccco1,1,0.9778,1,0.6908,TP
DILIst_external,micafungin,CCCCCOc1ccc(-c2cc(-c3ccc(C(=O)NC4CC(O)C(O)NC(=O)C5C(O)C(C)CN5C(=O)C(C(O)CC(N)=O)NC(=O)C(C(O)C(O)c5ccc(O)c(OS(=O)(=O)O)c5)NC(=O)C5CC(O)CN5C(=O)C(C(C)O)NC4=O)cc3)no2)cc1,1,0.9487,1,0.6908,TP
DILIst_external,darifenacin,NC(=O)C(c1ccccc1)(c1ccccc1)C1CCN(CCc2ccc3c(c2)CCO3)C1,0,0.0734,0,0.6908,TN
DILIst_external,cephalexin,CC1=C(C(=O)O)N2C(=O)C(NC(=O)C(N)c3ccccc3)C2SC1,1,0.9528,1,0.6908,TP
DILIst_external,solifenacin,O=C(OC1CN2CCC1CC2)N1CCc2ccccc2C1c1ccccc1,0,0.0386,0,0.6908,TN
DILIst_external,ranolazine,COc1ccccc1OCC(O)CN1CCN(CC(=O)Nc2c(C)cccc2C)CC1,0,0.7874,1,0.6908,FP
DILIst_external,chlordiazepoxide,CN=C1CN(O)C(c2ccccc2)=c2cc(Cl)ccc2=N1,1,0.8091,1,0.6908,TP
DILIst_external,atazanavir,COC(=O)NC(C(=O)NC(Cc1ccccc1)C(O)CN(Cc1ccc(-c2ccccn2)cc1)NC(=O)C(NC(=O)OC)C(C)(C)C)C(C)(C)C,1,0.955,1,0.6908,TP
DILIst_external,daptomycin,CCCCCCCCCC(=O)NC(Cc1c[nH]c2ccccc12)C(=O)NC(CC(N)=O)C(=O)NC(CC(=O)O)C(=O)NC1C(=O)NCC(=O)NC(CCCN)C(=O)NC(CC(=O)O)C(=O)NC(C)C(=O)NC(CC(=O)O)C(=O)NCC(=O)NC(CO)C(=O)NC(C(C)CC(=O)O)C(=O)NC(CC(=O)c2ccccc2N)C(=O)OC1C,1,0.7167,1,0.6908,TP
DILIst_external,chlormezanone,CN1C(=O)CCS(=O)(=O)C1c1ccc(Cl)cc1,1,0.4388,0,0.6908,FN
DILIst_external,anidulafungin,CCCCCOc1ccc(-c2ccc(-c3ccc(C(=O)NC4CC(O)C(O)NC(=O)C5C(O)C(C)CN5C(=O)C(C(C)O)NC(=O)C(C(O)C(O)c5ccc(O)cc5)NC(=O)C5CC(O)CN5C(=O)C(C(C)O)NC4=O)cc3)cc2)cc1,0,0.8796,1,0.6908,FP
DILIst_external,rasagiline,C#CCNC1CCc2ccccc21,0,0.0487,0,0.6908,TN
DILIst_external,chloroquine,CCN(CC)CCCC(C)Nc1ccnc2cc(Cl)ccc12,1,0.156,0,0.6908,FN
DILIst_external,chlorothiazide,NS(=O)(=O)c1cc2c(cc1Cl)NC=NS2(=O)=O,1,0.9747,1,0.6908,TP
DILIst_external,cinacalcet,CC(NCCCc1cccc(C(F)(F)F)c1)c1cccc2ccccc12,0,0.6303,0,0.6908,TN
DILIst_external,conivaptan,Cc1nc2c([nH]1)CCN(C(=O)c1ccc(NC(=O)c3ccccc3-c3ccccc3)cc1)c1ccccc1-2,0,0.9308,1,0.6908,FP
DILIst_external,nebivolol,OC(CNCC(O)C1CCc2cc(F)ccc2O1)C1CCc2cc(F)ccc2O1,0,0.3507,0,0.6908,TN
DILIst_external,chlorthalidone,NS(=O)(=O)c1cc(C2(O)NC(=O)c3ccccc32)ccc1Cl,0,0.9915,1,0.6908,FP
DILIst_external,erlotinib,C#Cc1cccc(Nc2ncnc3cc(OCCOC)c(OCCOC)cc23)c1,1,0.9873,1,0.6908,TP
DILIst_external,alvimopan,CC1CN(CC(Cc2ccccc2)C(=O)NCC(=O)O)CCC1(C)c1cccc(O)c1,0,0.495,0,0.6908,TN
DILIst_external,cidofovir,Nc1ccn(CC(CO)OCP(=O)(O)O)c(=O)n1,0,0.67,0,0.6908,TN
DILIst_external,ramelteon,CCC(=O)NCCC1CCc2ccc3c(c21)CCO3,0,0.2617,0,0.6908,TN
DILIst_external,cimetidine,CN=C(NC#N)NCCSCc1nc[nH]c1C,1,0.8003,1,0.6908,TP
DILIst_external,tipranavir,CCCC1(CCc2ccccc2)CC(O)=C(C(CC)c2cccc(NS(=O)(=O)c3ccc(C(F)(F)F)cn3)c2)C(=O)O1,1,0.9389,1,0.6908,TP
DILIst_external,tigecycline,CN(C)c1cc(NC(=O)CNC(C)(C)C)c(O)c2c1CC1CC3C(N(C)C)C(=O)C(C(N)=O)=C(O)C3(O)C(=O)C1=C2O,0,0.8024,1,0.6908,FP
DILIst_external,cladribine,Nc1nc(Cl)nc2c1ncn2C1CC(O)C(CO)O1,0,0.9907,1,0.6908,FP
DILIst_external,clindamycin,CCCC1CC(C(=O)NC(C(C)Cl)C2OC(SC)C(O)C(O)C2O)N(C)C1,1,0.2982,0,0.6908,FN
DILIst_external,clonidine,Clc1cccc(Cl)c1NC1=NCCN1,0,0.6242,0,0.6908,TN
DILIst_external,nelarabine,COc1nc(N)nc2c1ncn2C1OC(CO)C(O)C1O,1,0.9723,1,0.6908,TP
DILIst_external,lenalidomide,Nc1cccc2c1CN(C1CCC(=O)NC1=O)C2=O,1,0.597,0,0.6908,FN
DILIst_external,lubiprostone,CCCCC(F)(F)C1(O)CCC2C(CC(=O)C2CCCCCCC(=O)O)O1,0,0.0339,0,0.6908,TN
DILIst_external,sorafenib,CNC(=O)c1cc(Oc2ccc(NC(=O)Nc3ccc(Cl)c(C(F)(F)F)c3)cc2)ccn1,1,0.9927,1,0.6908,TP
DILIst_external,varenicline,c1cnc2cc3c(cc2n1)C1CNCC3C1,1,0.3388,0,0.6908,FN
DILIst_external,dasatinib,Cc1nc(Nc2ncc(C(=O)Nc3c(C)cccc3Cl)s2)cc(N2CCN(CCO)CC2)n1,1,0.9688,1,0.6908,TP
DILIst_external,cyclobenzaprine,CN(C)CCC=C1c2ccccc2C=Cc2ccccc21,1,0.9514,1,0.6908,TP
DILIst_external,sitagliptin,NC(CC(=O)N1CCn2c(nnc2C(F)(F)F)C1)Cc1cc(F)c(F)cc1F,1,0.9448,1,0.6908,TP
DILIst_external,paliperidone,Cc1nc2n(c(=O)c1CCN1CCC(c3noc4cc(F)ccc34)CC1)CCCC2O,0,0.9381,1,0.6908,FP
DILIst_external,posaconazole,CCC(C(C)O)n1ncn(-c2ccc(N3CCN(c4ccc(OCC5COC(Cn6cncn6)(c6ccc(F)cc6F)C5)cc4)CC3)cc2)c1=O,0,0.899,1,0.6908,FP
DILIst_external,cyproheptadine,CN1CCC(=C2c3ccccc3C=Cc3ccccc32)CC1,1,0.9341,1,0.6908,TP
DILIst_external,temsirolimus,COC1CC2CCC(C)C(O)(O2)C(=O)C(=O)N2CCCCC2C(=O)OC(C(C)CC2CCC(OC(=O)C(C)(CO)CO)C(OC)C2)CC(=O)C(C)C=C(C)C(O)C(OC)C(=O)C(C)CC(C)C=CC=CC=C1C,0,0.9171,1,0.6908,FP
DILIst_external,tetrahydrobiopterin,CC(O)C(O)C1CNc2nc(N)[nH]c(=O)c2N1,0,0.6997,1,0.6908,FP
DILIst_external,milnacipran,CCN(CC)C(=O)C1(c2ccccc2)CC1CN,1,0.0042,0,0.6908,FN
DILIst_external,everolimus,COC1CC2CCC(C)C(O)(O2)C(=O)C(=O)N2CCCCC2C(=O)OC(C(C)CC2CCC(OCCO)C(OC)C2)CC(=O)C(C)C=C(C)C(O)C(OC)C(=O)C(C)CC(C)C=CC=CC=C1C,0,0.8883,1,0.6908,FP
DILIst_external,cephradine,CC1=C(C(=O)O)N2C(=O)C(NC(=O)C(N)C3=CCC=CC3)C2SC1,0,0.8062,1,0.6908,FP
DILIst_external,ceftizoxime,CON=C(C(=O)NC1C(=O)N2C(C(=O)O)=CCSC12)c1csc(N)n1,0,0.975,1,0.6908,FP
DILIst_external,mycophenolate mofetil,COc1c(C)c2c(c(O)c1CC=C(C)CCC(=O)OCCN1CCOCC1)C(=O)OC2,1,0.3325,0,0.6908,FN
DILIst_external,cefdinir,C=CC1=C(C(=O)O)N2C(=O)C(NC(=O)C(=NO)c3csc(N)n3)C2SC1,1,0.9888,1,0.6908,TP
DILIst_external,sterile water,O,0,0.03,0,0.6908,TN
DILIst_external,disopyramide,CC(C)N(CCC(C(N)=O)(c1ccccc1)c1ccccn1)C(C)C,1,0.0671,0,0.6908,FN
DILIst_external,interferon alfa-2b,CCCN(CCOc1c(Cl)cc(Cl)cc1Cl)C(=O)n1ccnc1,1,0.9286,1,0.6908,TP
DILIst_external,doxazosin,COc1cc2nc(N3CCN(C(=O)C4COc5ccccc5O4)CC3)nc(N)c2cc1OC,0,0.9875,1,0.6908,FP
DILIst_external,doxepin,CN(C)CCC=C1c2ccccc2COc2ccccc21,1,0.7664,1,0.6908,TP
DILIst_external,epoetin alfa,COC1C(O)CC(=O)OC(C)CC=CC=CC(OC2CC(C)(O)C(O)C(C)O2)C(C)CC(CCO)C1OC1OC(C)C(OC2CC(C)(O)C(O)C(C)O2)C(N(C)C)C1O,0,0.4247,0,0.6908,TN
DILIst_external,droperidol,O=C(CCCN1CC=C(n2c(=O)[nH]c3ccccc32)CC1)c1ccc(F)cc1,0,0.4066,0,0.6908,TN
DILIst_external,efavirenz,O=C1Nc2ccc(Cl)cc2C(C#CC2CC2)(C(F)(F)F)O1,1,0.8697,1,0.6908,TP
DILIst_external,estazolam,Clc1ccc2c(c1)C(c1ccccc1)=NCc1nncn1-2,0,0.9456,1,0.6908,FP
DILIst_external,estramustine,CC12CCC3c4ccc(OC(=O)N(CCCl)CCCl)cc4CCC3C1CCC2O,1,0.0235,0,0.6908,FN
DILIst_external,ethambutol,CCC(CO)NCCNC(CC)CO,1,0.0061,0,0.6908,FN
DILIst_external,ethionamide,CCc1cc(C(N)=S)ccn1,1,0.9205,1,0.6908,TP
DILIst_external,etomidate,CCOC(=O)c1cncn1C(C)c1ccccc1,0,0.9555,1,0.6908,FP
DILIst_external,fialuridine,O=c1[nH]c(=O)n(C2OC(CO)C(O)C2F)cc1I,1,0.9825,1,0.6908,TP
DILIst_external,flecainide,O=C(NCC1CCCCN1)c1cc(OCC(F)(F)F)ccc1OCC(F)(F)F,1,0.0889,0,0.6908,FN
DILIst_external,fludarabine,Nc1nc(F)nc2c1ncn2C1OC(CO)C(O)C1O,0,0.9854,1,0.6908,FP
DILIst_external,flumazenil,CCOC(=O)c1ncn2c1CN(C)C(=O)c1cc(F)ccc1-2,0,0.9942,1,0.6908,FP
DILIst_external,flurazepam,CCN(CC)CCN1C(=O)CN=C(c2ccccc2F)c2cc(Cl)ccc21,1,0.7142,1,0.6908,TP
DILIst_external,foscarnet,O=C(O)P(=O)(O)O,0,0.1706,0,0.6908,TN
DILIst_external,fosfomycin,CC1OC1P(=O)(O)O,1,0.3024,0,0.6908,FN
DILIst_external,fosinopril,CCC(=O)OC(OP(=O)(CCCCc1ccccc1)CC(=O)N1CC(C2CCCCC2)CC1C(=O)O)C(C)C,1,0.3587,0,0.6908,FN
DILIst_external,fosphenytoin,O=C1NC(c2ccccc2)(c2ccccc2)C(=O)N1COP(=O)(O)O,1,0.964,1,0.6908,TP
DILIst_external,gemcitabine,Nc1ccn(C2OC(CO)C(O)C2(F)F)c(=O)n1,1,0.9822,1,0.6908,TP
DILIst_external,hydrochlorothiazide,NS(=O)(=O)c1cc2c(cc1Cl)NCNS2(=O)=O,1,0.8819,1,0.6908,TP
DILIst_external,idarubicin,CC(=O)C1(O)Cc2c(O)c3c(c(O)c2C(OC2CC(N)C(O)C(C)O2)C1)C(=O)c1ccccc1C3=O,0,0.9379,1,0.6908,FP
DILIst_external,indapamide,CC1Cc2ccccc2N1NC(=O)c1ccc(Cl)c(S(N)(=O)=O)c1,0,0.9719,1,0.6908,FP
DILIst_external,iodipamide meglumine,O=C(CCCCC(=O)Nc1c(I)cc(I)c(C(=O)O)c1I)Nc1c(I)cc(I)c(C(=O)O)c1I,0,0.3277,0,0.6908,TN
DILIst_external,irinotecan,CCc1c2c(nc3ccc(OC(=O)N4CCC(N5CCCCC5)CC4)cc13)-c1cc3c(c(=O)n1C2)COC(=O)C3(O)CC,1,0.9083,1,0.6908,TP
DILIst_external,isradipine,COC(=O)C1=C(C)NC(C)=C(C(=O)OC(C)C)C1c1cccc2nonc12,1,0.9817,1,0.6908,TP
DILIst_external,riboflavin,Cc1cc2nc3c(=O)[nH]c(=O)nc-3n(CC(O)C(O)C(O)CO)c2cc1C,0,0.7719,1,0.6908,FP
DILIst_external,lamotrigine,Nc1nnc(-c2cccc(Cl)c2Cl)c(N)n1,1,0.979,1,0.6908,TP
DILIst_external,lisinopril,NCCCCC(NC(CCc1ccccc1)C(=O)O)C(=O)N1CCCC1C(=O)O,1,0.1443,0,0.6908,FN
DILIst_external,loracarbef,NC(C(=O)NC1C(=O)N2C(C(=O)O)=C(Cl)CCC12)c1ccccc1,1,0.8604,1,0.6908,TP
DILIst_external,losartan,CCCCc1nc(Cl)c(CO)n1Cc1ccc(-c2ccccc2-c2nn[nH]n2)cc1,1,0.8726,1,0.6908,TP
DILIst_external,loxapine,CN1CCN(C2=Nc3ccccc3Oc3ccc(Cl)cc32)CC1,0,0.5815,0,0.6908,TN
DILIst_external,mebanazine,CC(NN)c1ccccc1,1,0.0144,0,0.6908,FN
DILIst_external,mechlorethamine,CN(CCCl)CCCl,0,0.2009,0,0.6908,TN
DILIst_external,vitamin e,Cc1c(C)c2c(c(C)c1O)CCC(C)(CCCC(C)CCCC(C)CCCC(C)C)O2,0,0.0608,0,0.6908,TN
DILIst_external,melphalan,NC(Cc1ccc(N(CCCl)CCCl)cc1)C(=O)O,1,0.011,0,0.6908,FN
DILIst_external,meprobamate,CCCC(C)(COC(N)=O)COC(N)=O,0,0.0426,0,0.6908,TN
DILIst_external,meropenem,CC(O)C1C(=O)N2C(C(=O)O)=C(SC3CNC(C(=O)N(C)C)C3)C(C)C12,1,0.2594,0,0.6908,FN
DILIst_external,methazolamide,CC(=O)N=c1sc(S(N)(=O)=O)nn1C,1,0.9868,1,0.6908,TP
DILIst_external,methoxsalen,COc1c2occc2cc2ccc(=O)oc12,1,0.9971,1,0.6908,TP
DILIst_external,methylphenidate,COC(=O)C(c1ccccc1)C1CCCCN1,1,0.0163,0,0.6908,FN
DILIst_external,methylscopolamine bromide,C[N+]1(C)C2CC(OC(=O)C(CO)c3ccccc3)CC1C1OC12,0,0.0065,0,0.6908,TN
DILIst_external,metoclopramide,CCN(CC)CCNC(=O)c1cc(Cl)c(N)cc1OC,1,0.3283,0,0.6908,FN
DILIst_external,mexiletine,Cc1cccc(C)c1OCC(C)N,1,0.0072,0,0.6908,FN
DILIst_external,midazolam,Cc1ncc2n1-c1ccc(Cl)cc1C(c1ccccc1F)=NC2,0,0.9757,1,0.6908,FP
DILIst_external,mirtazapine,CN1CCN2c3ncccc3Cc3ccccc3C2C1,1,0.0971,0,0.6908,FN
DILIst_external,moexipril,CCOC(=O)C(CCc1ccccc1)NC(C)C(=O)N1Cc2cc(OC)c(OC)cc2CC1C(=O)O,0,0.9723,1,0.6908,FP
DILIst_external,folic acid,Nc1nc2ncc(CNc3ccc(C(=O)NC(CCC(=O)O)C(=O)O)cc3)nc2c(=O)[nH]1,0,0.992,1,0.6908,FP
DILIst_external,nabumetone,COc1ccc2cc(CCC(C)=O)ccc2c1,0,0.9208,1,0.6908,FP
DILIst_external,nafcillin,CCOc1ccc2ccccc2c1C(=O)NC1C(=O)N2C1SC(C)(C)C2C(=O)O,1,0.9885,1,0.6908,TP
DILIst_external,nalbuphine,Oc1ccc2c3c1OC1C(O)CCC4(O)C(C2)N(CC2CCC2)CCC314,0,0.0089,0,0.6908,TN
DILIst_external,nicardipine,COC(=O)C1=C(C)NC(C)=C(C(=O)OCCN(C)Cc2ccccc2)C1c1cccc([N+](=O)[O-])c1,0,0.9675,1,0.6908,FP
DILIst_external,nimodipine,COCCOC(=O)C1=C(C)NC(C)=C(C(=O)OC(C)C)C1c1cccc([N+](=O)[O-])c1,0,0.8883,1,0.6908,FP
DILIst_external,niperotidine,CN(C)Cc1ccc(CSCCNC(=C[N+](=O)[O-])NCc2ccc3c(c2)OCO3)o1,1,0.9559,1,0.6908,TP
DILIst_external,nitroglycerin,O=[N+]([O-])OCC(CO[N+](=O)[O-])O[N+](=O)[O-],0,0.1305,0,0.6908,TN
DILIst_external,nortriptyline,CNCCC=C1c2ccccc2CCc2ccccc21,1,0.4275,0,0.6908,FN
DILIst_external,octreotide,CC(O)C(CO)NC(=O)C1CSSCC(NC(=O)C(N)Cc2ccccc2)C(=O)NC(Cc2ccccc2)C(=O)NC(Cc2c[nH]c3ccccc23)C(=O)NC(CCCCN)C(=O)NC(C(C)O)C(=O)N1,1,0.7159,1,0.6908,TP
DILIst_external,ondansetron,Cc1nccn1CC1CCc2c(c3ccccc3n2C)C1=O,1,0.2462,0,0.6908,FN
DILIst_external,diphenoxylate,CCOC(=O)C1(c2ccccc2)CCN(CCC(C#N)(c2ccccc2)c2ccccc2)CC1,0,0.1079,0,0.6908,TN
DILIst_external,oxacillin,Cc1onc(-c2ccccc2)c1C(=O)NC1C(=O)N2C1SC(C)(C)C2C(=O)O,1,0.989,1,0.6908,TP
DILIst_external,ambenonium,CC[N+](CC)(CCNC(=O)C(=O)NCC[N+](CC)(CC)Cc1ccccc1Cl)Cc1ccccc1Cl,0,0.517,0,0.6908,TN
DILIst_external,penicillin v,CC1(C)SC2C(NC(=O)COc3ccccc3)C(=O)N2C1C(=O)O,0,0.5591,0,0.6908,TN
DILIst_external,perphenazine,OCCN1CCN(CCCN2c3ccccc3Sc3ccc(Cl)cc32)CC1,1,0.1081,0,0.6908,FN
DILIst_external,pindolol,CC(C)NCC(O)COc1cccc2[nH]ccc12,0,0.088,0,0.6908,TN
DILIst_external,piperacillin,CCN1CCN(C(=O)NC(C(=O)NC2C(=O)N3C2SC(C)(C)C3C(=O)O)c2ccccc2)C(=O)C1=O,0,0.973,1,0.6908,FP
DILIst_external,piroxicam,CN1C(C(=O)Nc2ccccn2)=C(O)c2ccccc2S1(=O)=O,1,0.9929,1,0.6908,TP
DILIst_external,pirprofen,CC(C(=O)O)c1ccc(N2CC=CC2)c(Cl)c1,1,0.6512,0,0.6908,FN
DILIst_external,salsalate,O=C(Oc1ccccc1C(=O)O)c1ccccc1O,1,0.9627,1,0.6908,TP
DILIst_external,probenecid,CCCN(CCC)S(=O)(=O)c1ccc(C(=O)O)cc1,0,0.7956,1,0.6908,FP
DILIst_external,procainamide,CCN(CC)CCNC(=O)c1ccc(N)cc1,1,0.0578,0,0.6908,FN
DILIst_external,propafenone,CCCNCC(O)COc1ccccc1C(=O)CCc1ccccc1,1,0.1282,0,0.6908,FN
DILIst_external,quazepam,Fc1ccccc1C1=NCC(=S)N(CC(F)(F)F)c2ccc(Cl)cc21,0,0.9544,1,0.6908,FP
DILIst_external,quinidine,C=CC1CN2CCC1CC2C(O)c1ccnc2ccc(OC)cc12,1,0.0435,0,0.6908,FN
DILIst_external,ramipril,CCOC(=O)C(CCc1ccccc1)NC(C)C(=O)N1C(C(=O)O)CC2CCCC21,1,0.2721,0,0.6908,FN
DILIst_external,reserpine,COC(=O)C1C2CC3c4[nH]c5cc(OC)ccc5c4CCN3CC2CC(OC(=O)c2cc(OC)c(OC)c(OC)c2)C1OC,0,0.9676,1,0.6908,FP
DILIst_external,ribavirin,NC(=O)c1ncn(C2OC(CO)C(O)C2O)n1,0,0.9758,1,0.6908,FP
DILIst_external,succimer,O=C(O)C(S)C(S)C(=O)O,1,0.0374,0,0.6908,FN
DILIst_external,sumatriptan,CNS(=O)(=O)Cc1ccc2[nH]cc(CCN(C)C)c2c1,0,0.8033,1,0.6908,FP
DILIst_external,temazepam,CN1C(=O)C(O)N=C(c2ccccc2)c2cc(Cl)ccc21,0,0.9237,1,0.6908,FP
DILIst_external,teniposide,COc1cc(C2c3cc4c(cc3C(OC3OC5COC(c6cccs6)OC5C(O)C3O)C3COC(=O)C23)OCO4)cc(OC)c1O,1,0.9857,1,0.6908,TP
DILIst_external,terazosin,COc1cc2nc(N3CCN(C(=O)C4CCCO4)CC3)nc(N)c2cc1OC,0,0.9796,1,0.6908,FP
DILIst_external,thiotepa,S=P(N1CC1)(N1CC1)N1CC1,1,0.4624,0,0.6908,FN
DILIst_external,timolol,CC(C)(C)NCC(O)COc1nsnc1N1CCOCC1,0,0.3437,0,0.6908,TN
DILIst_external,tramadol,COc1cccc(C2(O)CCCCC2CN(C)C)c1,0,0.0018,0,0.6908,TN
DILIst_external,trandolapril,CCOC(=O)C(CCc1ccccc1)NC(C)C(=O)N1C(C(=O)O)CC2CCCCC21,1,0.3589,0,0.6908,FN
DILIst_external,tranylcypromine,NC1CC1c1ccccc1,1,0.0589,0,0.6908,FN
DILIst_external,trazodone,O=c1n(CCCN2CCN(c3cccc(Cl)c3)CC2)nc2ccccn12,1,0.902,1,0.6908,TP
DILIst_external,triamterene,Nc1nc(N)c2nc(-c3ccccc3)c(N)nc2n1,1,0.9697,1,0.6908,TP
DILIst_external,triazolam,Cc1nnc2n1-c1ccc(Cl)cc1C(c1ccccc1Cl)=NC2,0,0.9334,1,0.6908,FP
DILIst_external,trihexyphenidyl,OC(CCN1CCCCC1)(c1ccccc1)C1CCCCC1,0,0.0042,0,0.6908,TN
DILIst_external,fenclozic acid,O=C(O)Cc1csc(-c2ccc(Cl)cc2)n1,1,0.9981,1,0.6908,TP
DILIst_external,aceclofenac,O=C(O)COC(=O)Cc1ccccc1Nc1c(Cl)cccc1Cl,1,0.9065,1,0.6908,TP
DILIst_external,valaciclovir,CC(C)C(N)C(=O)OCCOCn1cnc2c(=O)[nH]c(N)nc21,1,0.9287,1,0.6908,TP
DILIst_external,valsartan,CCCCC(=O)N(Cc1ccc(-c2ccccc2-c2nn[nH]n2)cc1)C(C(=O)O)C(C)C,1,0.7724,1,0.6908,TP
DILIst_external,tetrabamate,CCCCCOC(CN1C(=O)N(CC(COCCCC)OC(N)=O)C(=O)C(CC)(c2ccccc2)C1=O)OC(N)=O,1,0.7682,1,0.6908,TP
DILIst_external,vincristine,CCC1(O)CC2CN(CCc3c([nH]c4ccccc34)C(C(=O)OC)(c3cc4c(cc3OC)N(C=O)C3C(O)(C(=O)OC)C(OC(C)=O)C5(CC)C=CCN6CCC43C65)C2)C1,1,0.9875,1,0.6908,TP
DILIst_external,zafirlukast,COc1cc(C(=O)NS(=O)(=O)c2ccccc2C)ccc1Cc1cn(C)c2ccc(NC(=O)OC3CCCC3)cc12,1,0.9552,1,0.6908,TP
DILIst_external,zimelidine,CN(C)CC=C(c1ccc(Br)cc1)c1cccnc1,1,0.6094,0,0.6908,FN
DILIst_external,caffeine,Cn1c(=O)c2c(ncn2C)n(C)c1=O,0,0.8278,1,0.6908,FP
DILIst_external,memantine,CC12CC3CC(C)(C1)CC(N)(C3)C2,1,0.3859,0,0.6908,FN
DILIst_external,rosuvastatin,CC(C)c1nc(N(C)S(C)(=O)=O)nc(-c2ccc(F)cc2)c1C=CC(O)CC(O)CC(=O)O,1,0.9825,1,0.6908,TP
DILIst_external,telithromycin,CCC1OC(=O)C(C)C(=O)C(C)C(OC2OC(C)CC(N(C)C)C2O)C(C)(OC)CC(C)C(=O)C(C)C2N(CCCCn3cnc(-c4cccnc4)c3)C(=O)OC12C,1,0.9571,1,0.6908,TP
DILIst_external,entacapone,CCN(CC)C(=O)C(C#N)=Cc1cc(O)c(O)c([N+](=O)[O-])c1,1,0.9263,1,0.6908,TP
DILIst_external,valdecoxib,Cc1onc(-c2ccccc2)c1-c1ccc(S(N)(=O)=O)cc1,1,0.9973,1,0.6908,TP
DILIst_external,thiamine,Cc1ncc(C[n+]2csc(CCO)c2C)c(N)n1,0,0.9439,1,0.6908,FP
DILIst_external,cyanocobalamin,CC1=C2N=C(C=C3NC(=C(C)C4=NC(C)(C5N=C1C(C)(CCC(=O)NCC(C)OP(=O)(O)OC1C(CO)OC([n+]6c[nH]c7cc(C)c(C)cc76)C1O)C5CC(N)=O)C(C)(CC(N)=O)C4CCC(=N)[O-])C(C)(CC(N)=O)C3CCC(=N)O)C(C)(C)C2CCC(=N)O,0,0.8734,1,0.6908,FP
DILIst_external,cromoglicate,O=C(O)c1cc(=O)c2c(OCC(O)COc3cccc4oc(C(=O)O)cc(=O)c34)cccc2o1,1,0.9928,1,0.6908,TP
DILIst_external,leuprolide,CCNC(=O)C1CCCN1C(=O)C(CCCN=C(N)N)NC(=O)C(CC(C)C)NC(=O)C(CC(C)C)NC(=O)C(Cc1ccc(O)cc1)NC(=O)C(CO)NC(=O)C(Cc1c[nH]c2ccccc12)NC(=O)C(Cc1cnc[nH]1)NC(=O)C1CCC(=O)N1,1,0.8074,1,0.6908,TP
DILIst_external,eletriptan,CN1CCCC1Cc1c[nH]c2ccc(CCS(=O)(=O)c3ccccc3)cc12,0,0.765,1,0.6908,FP
DILIst_external,hydroxychloroquine,CCN(CCO)CCCC(C)Nc1ccnc2cc(Cl)ccc12,1,0.0882,0,0.6908,FN
DILIst_external,ximelagatran,CCOC(=O)CNC(C(=O)N1CCC1C(=O)NCc1ccc(C(N)=NO)cc1)C1CCCCC1,1,0.7069,1,0.6908,TP
DILIst_external,pamabrom,Cn1c(=O)c2[nH]c(Br)nc2n(C)c1=O,0,0.9892,1,0.6908,FP
DILIst_external,bacitracin,CCC(C)C(N)C1=NC(C(=O)NC(CC(C)C)C(=O)NC(CCC(=O)O)C(=O)NC(C(=O)NC2CCCCNC(=O)C(CC(N)=O)NC(=O)C(CC(=O)O)NC(=O)C(Cc3cnc[nH]3)NC(=O)C(Cc3ccccc3)NC(=O)C(C(C)CC)NC(=O)C(CCCN)NC2=O)C(C)CC)CS1,0,0.5092,0,0.6908,TN
DILIst_external,paromomycin,NCC1OC(OC2C(CO)OC(OC3C(O)C(N)CC(N)C3OC3OC(CO)C(O)C(O)C3N)C2O)C(N)C(O)C1O,0,0.1263,0,0.6908,TN
DILIst_external,telmisartan,CCCc1nc2c(C)cc(-c3nc4ccccc4n3C)cc2n1Cc1ccc(-c2ccccc2C(=O)O)cc1,1,0.8731,1,0.6908,TP
DILIst_external,methysergide,CCC(CO)NC(=O)C1C=C2c3cccc4c3c(cn4C)CC2N(C)C1,0,0.5638,0,0.6908,TN
DILIst_external,methylergonovine,CCC(CO)NC(=O)C1C=C2c3cccc4[nH]cc(c34)CC2N(C)C1,0,0.5296,0,0.6908,TN
DILIst_external,pyridostigmine,CN(C)C(=O)Oc1ccc[n+](C)c1,0,0.5658,0,0.6908,TN
DILIst_external,loperamide,CN(C)C(=O)C(CCN1CCC(O)(c2ccc(Cl)cc2)CC1)(c1ccccc1)c1ccccc1,0,0.289,0,0.6908,TN
DILIst_external,glafenine,O=C(OCC(O)CO)c1ccccc1Nc1ccnc2cc(Cl)ccc12,1,0.9929,1,0.6908,TP
DILIst_external,mepazine,CN1CCCC(CN2c3ccccc3Sc3ccccc32)C1,1,0.6949,1,0.6908,TP
DILIst_external,nandrolone decanoate,CCCCCCCCCC(=O)OC1CCC2C3CCC4=CC(=O)CCC4C3CCC12C,1,0.1541,0,0.6908,FN
DILIst_external,auranofin,CC(=O)OCC1OC(S)C(OC(C)=O)C(OC(C)=O)C1OC(C)=O,1,0.6571,0,0.6908,FN
DILIst_external,bisacodyl,CC(=O)Oc1ccc(C(c2ccc(OC(C)=O)cc2)c2ccccn2)cc1,0,0.9275,1,0.6908,FP
DILIst_external,leucovorin,Nc1nc2c(c(=O)[nH]1)N(C=O)C(CNc1ccc(C(=O)NC(CCC(=O)O)C(=O)O)cc1)CN2,0,0.9482,1,0.6908,FP
DILIst_external,lapatinib,CS(=O)(=O)CCNCc1ccc(-c2ccc3ncnc(Nc4ccc(OCc5cccc(F)c5)c(Cl)c4)c3c2)o1,1,0.9853,1,0.6908,TP
DILIst_external,oseltamivir,CCOC(=O)C1=CC(OC(CC)CC)C(NC(C)=O)C(N)C1,0,0.0122,0,0.6908,TN
DILIst_external,alaproclate,CC(N)C(=O)OC(C)(C)Cc1ccc(Cl)cc1,1,0.0523,0,0.6908,FN
DILIst_external,apomorphine,CN1CCc2cccc3c2C1Cc1ccc(O)c(O)c1-3,0,0.066,0,0.6908,TN
DILIst_external,dihydroergotamine,CN1CC(C(=O)NC2(C)OC3(O)C4CCCN4C(=O)C(Cc4ccccc4)N3C2=O)CC2c3cccc4[nH]cc(c34)CC21,0,0.9827,1,0.6908,FP
DILIst_external,norethindrone acetate,C#CC1(OC(C)=O)CCC2C3CCC4=CC(=O)CCC4C3CCC21C,0,0.1146,0,0.6908,TN
DILIst_external,exametazime,CC(=NO)C(C)NCC(C)(C)CNC(C)C(C)=NO,0,0.0045,0,0.6908,TN
DILIst_external,Argipressin,NC(=O)CCC1NC(=O)C(Cc2ccccc2)NC(=O)C(Cc2ccc(O)cc2)NC(=O)C(N)CSSCC(C(=O)N2CCCC2C(=O)NC(CCCN=C(N)N)C(=O)NCC(N)=O)NC(=O)C(CC(N)=O)NC1=O,0,0.4618,0,0.6908,TN
DILIst_external,plerixafor,c1cc(CN2CCCNCCNCCCNCC2)ccc1CN1CCCNCCNCCCNCC1,0,0.0653,0,0.6908,TN
DILIst_external,tyramine,NCCc1ccc(O)cc1,0,0.0073,0,0.6908,TN
DILIst_external,gadolinium ethoxybenzyl DTPA,CCOc1ccc(CC(CN(CCN(CC(=O)O)CC(=O)O)CC(=O)O)N(CC(=O)O)CC(=O)O)cc1,0,0.0686,0,0.6908,TN
DILIst_external,levomefolate calcium,CN1c2c(nc(N)[nH]c2=O)NCC1CNc1ccc(C(=O)NC(CCC(=O)O)C(=O)O)cc1,0,0.9636,1,0.6908,FP
DILIst_external,sitaxsentan,Cc1cc2c(cc1CC(=O)c1sccc1S(=O)(=O)Nc1onc(C)c1Cl)OCO2,1,0.9948,1,0.6908,TP
DILIst_external,Flucloxacillin,Cc1onc(-c2c(F)cccc2Cl)c1C(=O)NC1C(=O)N2C1SC(C)(C)C2C(=O)O,1,0.9977,1,0.6908,TP
DILIst_external,Halothane,FC(F)(F)C(Cl)Br,1,0.6215,0,0.6908,FN
DILIst_external,Dabigatran,Cn1c(CNc2ccc(C(=N)N)cc2)nc2cc(C(=O)N(CCC(=O)O)c3ccccn3)ccc21,1,0.9667,1,0.6908,TP
DILIst_external,Gliclazide,Cc1ccc(S(=O)(=O)NC(=O)NN2CC3CCCC3C2)cc1,1,0.9786,1,0.6908,TP
DILIst_external,Imipenem,CC(O)C1C(=O)N2C(C(=O)O)=C(SCCN=CN)CC12,1,0.3948,0,0.6908,FN
DILIst_external,Lopinavir,Cc1cccc(C)c1OCC(=O)NC(Cc1ccccc1)C(O)CC(Cc1ccccc1)NC(=O)C(C(C)C)N1CCCNC1=O,1,0.9476,1,0.6908,TP
DILIst_external,Molindone,CCc1c(C)[nH]c2c1C(=O)C(CN1CCOCC1)CC2,1,0.11,0,0.6908,FN
DILIst_external,Plicamycin,COC(C(=O)C(O)C(C)O)C1Cc2cc3cc(OC4CC(OC5CC(O)C(O)C(C)O5)C(O)C(C)O4)c(C)c(O)c3c(O)c2C(=O)C1OC1CC(OC2CC(OC3CC(C)(O)C(O)C(C)O3)C(O)C(C)O2)C(O)C(C)O1,1,0.9758,1,0.6908,TP
DILIst_external,Rilpivirine,Cc1cc(C=CC#N)cc(C)c1Nc1ccnc(Nc2ccc(C#N)cc2)n1,1,0.9682,1,0.6908,TP
DILIst_external,Tibolone,C#CC1(O)CCC2C3C(C)CC4=C(CCC(=O)C4)C3CCC21C,1,0.0691,0,0.6908,FN
DILIst_external,Tobramycin,NCC1OC(OC2C(N)CC(N)C(OC3OC(CO)C(O)C(N)C3O)C2O)C(N)CC1O,1,0.0128,0,0.6908,FN
DILIst_external,Vismodegib,CS(=O)(=O)c1ccc(C(=O)Nc2ccc(Cl)c(-c3ccccn3)c2)c(Cl)c1,1,0.9761,1,0.6908,TP
DILIst_external,Acrivastine,Cc1ccc(C(=CCN2CCCC2)c2cccc(C=CC(=O)O)n2)cc1,0,0.4285,0,0.6908,TN
DILIst_external,Amobarbital,CCC1(CCC(C)C)C(=O)NC(=O)NC1=O,0,0.2008,0,0.6908,TN
DILIst_external,Artemether,COC1OC2OC3(C)CCC4C(C)CCC(C1C)C24OO3,0,0.0878,0,0.6908,TN
DILIst_external,Bitolterol,Cc1ccc(C(=O)Oc2ccc(C(O)CNC(C)(C)C)cc2OC(=O)c2ccc(C)cc2)cc1,0,0.802,1,0.6908,FP
DILIst_external,Butalbital,C=CCC1(CC(C)C)C(=O)NC(=O)NC1=O,0,0.2452,0,0.6908,TN
DILIst_external,Butobarbital,CCCCC1(CC)C(=O)NC(=O)NC1=O,0,0.4276,0,0.6908,TN
DILIst_external,Carmustine,O=NN(CCCl)C(=O)NCCCl,0,0.1865,0,0.6908,TN
DILIst_external,Chlortetracycline,CN(C)C1C(=O)C(C(N)=O)=C(O)C2(O)C(=O)C3=C(O)c4c(O)ccc(Cl)c4C(C)(O)C3CC12,0,0.9848,1,0.6908,FP
DILIst_external,Cilastatin,CC1(C)CC1C(=O)NC(=CCCCCSCC(N)C(=O)O)C(=O)O,0,0.056,0,0.6908,TN
DILIst_external,Cisapride,COc1cc(N)c(Cl)cc1C(=O)NC1CCN(CCCOc2ccc(F)cc2)CC1OC,0,0.933,1,0.6908,FP
DILIst_external,Cobicistat,CC(C)c1nc(CN(C)C(=O)NC(CCN2CCOCC2)C(=O)NC(CCC(Cc2ccccc2)NC(=O)OCc2cncs2)Cc2ccccc2)cs1,0,0.9608,1,0.6908,FP
DILIst_external,Ergotamine,CN1CC(C(=O)NC2(C)OC3(O)C4CCCN4C(=O)C(Cc4ccccc4)N3C2=O)C=C2c3cccc4[nH]cc(c34)CC21,0,0.9669,1,0.6908,FP
DILIst_external,Ethacrynate,C=C(CC)C(=O)c1ccc(OCC(=O)O)c(Cl)c1Cl,0,0.899,1,0.6908,FP
DILIst_external,Homatropine,CN1C2CCC1CC(OC(=O)C(O)c1ccccc1)C2,0,0.0326,0,0.6908,TN
DILIst_external,Ipratropium,CC(C)[N+]1(C)C2CCC1CC(OC(=O)C(CO)c1ccccc1)C2,0,0.0078,0,0.6908,TN
DILIst_external,Levamisole,c1ccc(C2CN3CCSC3=N2)cc1,0,0.1539,0,0.6908,TN
DILIst_external,Liraglutide,CCCCCCCCCCCCCCCC(=O)NC(CCC(=O)NCCCCC(NC(=O)C(C)NC(=O)C(C)NC(=O)C(CCC(N)=O)NC(=O)CNC(=O)C(CCC(=O)O)NC(=O)C(CC(C)C)NC(=O)C(Cc1ccc(O)cc1)NC(=O)C(CO)NC(=O)C(CO)NC(=O)C(NC(=O)C(CC(=O)O)NC(=O)C(CO)NC(=O)C(NC(=O)C(Cc1ccccc1)NC(=O)C(NC(=O)CNC(=O)C(CCC(=O)O)NC(=O)C(C)NC(=O)C(N)Cc1cnc[nH]1)C(C)O)C(C)O)C(C)C)C(=O)NC(CCC(=O)O)C(=O)NC(Cc1ccccc1)C(=O)NC(C(=O)NC(C)C(=O)NC(Cc1c[nH]c2ccccc12)C(=O)NC(CC(C)C)C(=O)NC(C(=O)NC(CCCNC(=N)N)C(=O)NCC(=O)NC(CCCNC(=N)N)C(=O)NCC(=O)O)C(C)C)C(C)CC)C(=O)O,0,0.6886,0,0.6908,TN
DILIst_external,Proguanil,CC(C)N=C(N)N=C(N)Nc1ccc(Cl)cc1,0,0.2615,0,0.6908,TN
DILIst_external,Salmeterol,OCc1cc(C(O)CNCCCCCCOCCCCc2ccccc2)ccc1O,0,0.0024,0,0.6908,TN
DILIst_external,Tazobactam,CC1(Cn2ccnn2)C(C(=O)O)N2C(=O)CC2S1(=O)=O,0,0.927,1,0.6908,FP
DILIst_external,Thiopental,CCCC(C)C1(CC)C(=O)NC(=S)NC1=O,0,0.2503,0,0.6908,TN
DILIst_external,Ticarcillin,CC1(C)SC2C(NC(=O)C(C(=O)O)c3ccsc3)C(=O)N2C1C(=O)O,0,0.8885,1,0.6908,FP
DILIst_external,Tiotropium,C[N+]1(C)C2CC(OC(=O)C(O)(c3cccs3)c3cccs3)CC1C1OC12,0,0.5458,0,0.6908,TN
DILIst_external,Zanamivir,CC(=O)NC1C(N=C(N)N)C=C(C(=O)O)OC1C(O)C(O)CO,0,0.0853,0,0.6908,TN
DILIst_external,ACEMETACIN,COc1ccc2c(c1)c(CC(=O)OCC(=O)O)c(C)n2C(=O)c1ccc(Cl)cc1,1,0.9919,1,0.6908,TP
DILIst_external,ACETARSOL,CC(=O)Nc1cc([As](=O)(O)O)ccc1O,1,0.3564,0,0.6908,FN
DILIst_external,Alimemazine,CC(CN(C)C)CN1c2ccccc2Sc2ccccc21,1,0.6753,0,0.6908,FN
DILIst_external,ANDROSTANOLONE,CC12CCC3C(CCC4CC(=O)CCC43C)C1CCC2O,1,0.8954,1,0.6908,TP
DILIst_external,Artemisinin,CC1CCC2C(C)C(=O)OC3OC4(C)CCC1C32OO4,1,0.2217,0,0.6908,FN
DILIst_external,Artesunate,CC1CCC2C(C)C(OC(=O)CCC(=O)O)OC3OC4(C)CCC1C32OO4,1,0.0501,0,0.6908,FN
DILIst_external,CALCIUM CARBIMIDE,N=C=N,1,0.0641,0,0.6908,FN
DILIst_external,CARBIMAZOLE,CCOC(=O)n1ccn(C)c1=S,1,0.9663,1,0.6908,TP
DILIst_external,Cerivastatin,COCc1c(C(C)C)nc(C(C)C)c(C=CC(O)CC(O)CC(=O)O)c1-c1ccc(F)cc1,1,0.5149,0,0.6908,FN
DILIst_external,CILAZAPRIL,CCOC(=O)C(CCc1ccccc1)NC1CCCN2CCCC(C(=O)O)N2C1=O,1,0.3953,0,0.6908,FN
DILIst_external,CINITAPRIDE,CCOc1cc(N)c([N+](=O)[O-])cc1C(=O)NC1CCN(CC2CC=CCC2)CC1,1,0.7415,1,0.6908,TP
DILIst_external,CLOMETHIAZOLE,Cc1ncsc1CCCl,1,0.9491,1,0.6908,TP
DILIst_external,CLOTIAZEPAM,CCc1cc2c(s1)N(C)C(=O)CN=C2c1ccccc1Cl,1,0.8094,1,0.6908,TP
DILIst_external,COCAINE,COC(=O)C1C(OC(=O)c2ccccc2)CC2CCC1N2C,1,0.0161,0,0.6908,FN
DILIst_external,CYPROTERONE,CC(=O)C1(O)CCC2C3C=C(Cl)C4=CC(=O)C5CC5C4(C)C3CCC21C,1,0.1545,0,0.6908,FN
DILIst_external,Dehydroepiandrosterone,CC12CCC3C(CC=C4CC(O)CCC43C)C1CCC2=O,1,0.6262,0,0.6908,FN
DILIst_external,Desflurane,FC(F)OC(F)C(F)(F)F,1,0.0984,0,0.6908,FN
DILIst_external,DICOUMAROL,O=c1oc2ccccc2c(O)c1Cc1c(O)c2ccccc2oc1=O,1,0.9888,1,0.6908,TP
DILIst_external,EBASTINE,CC(C)(C)c1ccc(C(=O)CCCN2CCC(OC(c3ccccc3)c3ccccc3)CC2)cc1,1,0.0191,0,0.6908,FN
DILIst_external,ENFLURANE,FC(F)OC(F)(F)C(F)Cl,1,0.1405,0,0.6908,FN
DILIst_external,ESTRIOL,CC12CCC3c4ccc(O)cc4CCC3C1CC(O)C2O,1,0.0074,0,0.6908,FN
DILIst_external,Ethinylestradiol,C#CC1(O)CCC2C3CCc4cc(O)ccc4C3CCC21C,1,0.0519,0,0.6908,FN
DILIst_external,ETRETINATE,CCOC(=O)C=C(C)C=CC=C(C)C=Cc1c(C)cc(OC)c(C)c1C,1,0.7823,1,0.6908,TP
DILIst_external,FLUPENTIXOL,OCCN1CCN(CCC=C2c3ccccc3Sc3ccc(C(F)(F)F)cc32)CC1,1,0.2546,0,0.6908,FN
DILIst_external,Fusidic Acid,CC(=O)OC1CC2(C)C(CC(O)C3C4(C)CCC(O)C(C)C4CCC32C)C1=C(CCC=C(C)C)C(=O)O,1,0.014,0,0.6908,FN
DILIst_external,GLUCOSAMINE,NC1C(O)OC(CO)C(O)C1O,1,0.0198,0,0.6908,FN
DILIst_external,Growth Hormone,CC(C)CC1NC(=O)C(CCC(=O)O)NC(=O)C2CSSCC3NC(=O)C(C)NC(=O)C4CCCN4C(=O)C(CC(N)=O)NC(=O)C(CSSCC(NC(=O)C(Cc4ccc(O)cc4)NC(=O)C(CC(N)=O)NC(=O)C(CO)NC(=O)C(CO)NC(=O)C(N)CC(N)=O)C(=O)N2)NC(=O)C(CSSC(C(=O)NC(Cc2ccc(O)cc2)C(=O)O)NC(=O)CNC(=O)C(C(C)O)NC3=O)NC1=O,1,0.7921,1,0.6908,TP
DILIst_external,JOSAMYCIN,COC1C(OC(C)=O)CC(=O)OC(C)CC=CC=CC(O)C(C)CC(CC=O)C1OC1OC(C)C(OC2CC(C)(O)C(OC(=O)CC(C)C)C(C)O2)C(N(C)C)C1O,1,0.6449,0,0.6908,FN
DILIst_external,LEVOMEPROMAZINE,COc1ccc2c(c1)N(CC(C)CN(C)C)c1ccccc1S2,1,0.5251,0,0.6908,FN
DILIst_external,Melperone,CC1CCN(CCCC(=O)c2ccc(F)cc2)CC1,1,0.056,0,0.6908,FN
DILIst_external,METAMIZOLE,Cc1c(N(C)CS(=O)(=O)O)c(=O)n(-c2ccccc2)n1C,1,0.8893,1,0.6908,TP
DILIst_external,Methoxyflurane,COC(F)(F)C(Cl)Cl,1,0.1805,0,0.6908,FN
DILIst_external,NIFLUMIC ACID,O=C(O)c1cccnc1Nc1cccc(C(F)(F)F)c1,1,0.9961,1,0.6908,TP
DILIst_external,Pivmecillinam,CC(C)(C)C(=O)OCOC(=O)C1N2C(=O)C(N=CN3CCCCCC3)C2SC1(C)C,1,0.2191,0,0.6908,FN
DILIst_external,RITODRINE,CC(NCCc1ccc(O)cc1)C(O)c1ccc(O)cc1,1,0.0092,0,0.6908,FN
DILIst_external,ROFECOXIB,CS(=O)(=O)c1ccc(C2=C(c3ccccc3)C(=O)OC2)cc1,1,0.9676,1,0.6908,TP
DILIst_external,ROXITHROMYCIN,CCC1OC(=O)C(C)C(OC2CC(C)(OC)C(O)C(C)O2)C(C)C(OC2OC(C)CC(N(C)C)C2O)C(C)(O)CC(C)C(=NOCOCCOC)C(C)C(O)C1(C)O,1,0.6426,0,0.6908,FN
DILIst_external,STANOZOLOL,CC12Cc3cn[nH]c3CC1CCC1C2CCC2(C)C1CCC2(C)O,1,0.5834,0,0.6908,FN
DILIst_external,TENOXICAM,CN1C(C(=O)Nc2ccccn2)=C(O)c2sccc2S1(=O)=O,1,0.9909,1,0.6908,TP
DILIst_external,TIRATRICOL,O=C(O)Cc1cc(I)c(Oc2ccc(O)c(I)c2)c(I)c1,1,0.4249,0,0.6908,FN
DILIst_external,hexachlorophene,Oc1c(Cl)cc(Cl)c(Cl)c1Cc1c(O)c(Cl)cc(Cl)c1Cl,1,0.516,0,0.6908,FN
DILIst_external,methapyrilene,CN(C)CCN(Cc1cccs1)c1ccccn1,1,0.0771,0,0.6908,FN
DILIst_external,tripelennamine,CN(C)CCN(Cc1ccccc1)c1ccccn1,1,0.0085,0,0.6908,FN
DILIst_external,meticillin,COc1cccc(OC)c1C(=O)NC1C(=O)N2C1SC(C)(C)C2C(=O)O,1,0.8668,1,0.6908,TP
DILIst_external,hycanthone,CCN(CC)CCNc1ccc(CO)c2sc3ccccc3c(=O)c12,1,0.7379,1,0.6908,TP
DILIst_external,novobiocin,COC1C(OC(N)=O)C(O)C(Oc2ccc3c(O)c(NC(=O)c4ccc(O)c(CC=C(C)C)c4)c(=O)oc3c2C)OC1(C)C,1,0.9947,1,0.6908,TP
DILIst_external,bepridil,CC(C)COCC(CN(Cc1ccccc1)c1ccccc1)N1CCCC1,1,0.0111,0,0.6908,FN
DILIst_external,betahistine,CNCCc1ccccn1,1,0.1786,0,0.6908,FN
DILIst_external,ciprofibrate,CC(C)(Oc1ccc(C2CC2(Cl)Cl)cc1)C(=O)O,1,0.0959,0,0.6908,FN
DILIst_external,diethylcarbamazine,CCN(CC)C(=O)N1CCN(C)CC1,1,0.0387,0,0.6908,FN
DILIst_external,fenoterol,CC(Cc1ccc(O)cc1)NCC(O)c1cc(O)cc(O)c1,1,0.008,0,0.6908,FN
DILIst_external,ethynodiol diacetate,C#CC1(OC(C)=O)CCC2C3CCC4=CC(OC(C)=O)CCC4C3CCC21C,1,0.0485,0,0.6908,FN
DILIst_external,atractyloside,C=C1C2CCC3C4(C)CC(OC5OC(CO)C(OS(=O)(=O)O)C(OS(=O)(=O)O)C5OC(=O)CC(C)C)CC(C(=O)O)C4CCC3(C2)C1O,1,0.7228,1,0.6908,TP
DILIst_external,amodiaquine,CCN(CC)Cc1cc(Nc2ccnc3cc(Cl)ccc23)ccc1O,1,0.6258,0,0.6908,FN
DILIst_external,glutethimide,CCC1(c2ccccc2)CCC(=O)NC1=O,1,0.0915,0,0.6908,FN
DILIst_external,demecarium bromide,CN(CCCCCCCCCCN(C)C(=O)Oc1cccc([N+](C)(C)C)c1)C(=O)Oc1cccc([N+](C)(C)C)c1,1,0.5769,0,0.6908,FN
DILIst_external,cefalotin,CC(=O)OCC1=C(C(=O)O)N2C(=O)C(NC(=O)Cc3cccs3)C2SC1,1,0.9627,1,0.6908,TP
DILIst_external,uracil mustard,O=c1[nH]cc(N(CCCl)CCCl)c(=O)[nH]1,1,0.7771,1,0.6908,TP
DILIst_external,methylphenobarbital,CCC1(c2ccccc2)C(=O)NC(=O)N(C)C1=O,1,0.2905,0,0.6908,FN
DILIst_external,acenocoumarol,CC(=O)CC(c1ccc([N+](=O)[O-])cc1)c1c(O)c2ccccc2oc1=O,1,0.9954,1,0.6908,TP
DILIst_external,indacrinone,CC1(c2ccccc2)Cc2cc(OCC(=O)O)c(Cl)c(Cl)c2C1=O,1,0.7119,1,0.6908,TP
DILIst_external,ciglitazone,CC1(COc2ccc(CC3SC(=O)NC3=O)cc2)CCCCC1,1,0.6329,0,0.6908,FN
DILIst_external,fluspirilene,O=C1NCN(c2ccccc2)C12CCN(CCCC(c1ccc(F)cc1)c1ccc(F)cc1)CC2,1,0.2723,0,0.6908,FN
DILIst_external,carbon tetrachloride,ClC(Cl)(Cl)Cl,1,0.081,0,0.6908,FN
DILIst_external,aurothioglucose,OCC1OC(S)C(O)C(O)C1O,1,0.0631,0,0.6908,FN
DILIst_external,phenothiazine,c1ccc2c(c1)Nc1ccccc1S2,1,0.9316,1,0.6908,TP
DILIst_external,allyl alcohol,C=CCO,1,0.101,0,0.6908,FN
DILIst_external,bromobenzene,Brc1ccccc1,1,0.3781,0,0.6908,FN
DILIst_external,azatadine,CN1CCC(=C2c3ccccc3CCc3cccnc32)CC1,1,0.0234,0,0.6908,FN
DILIst_external,allyl formate,C=CCOC=O,1,0.1919,0,0.6908,FN
DILIst_external,tauroursodeoxycholic acid,CC(CCC(=O)NCCS(=O)(=O)O)C1CCC2C3C(O)CC4CC(O)CCC4(C)C3CCC12C,1,0.107,0,0.6908,FN
DILIst_external,octylmethoxycinnamate,CCCCC(CC)COC(=O)C=Cc1ccc(OC)cc1,1,0.3608,0,0.6908,FN
DILIst_external,ketotifen,CN1CCC(=C2c3ccccc3CC(=O)c3sccc32)CC1,0,0.3817,0,0.6908,TN
DILIst_external,pyridoxal phosphate,Cc1ncc(COP(=O)(O)O)c(C=O)c1O,0,0.8526,1,0.6908,FP
DILIst_external,miconazole,Clc1ccc(COC(Cn2ccnc2)c2ccc(Cl)cc2Cl)c(Cl)c1,0,0.5547,0,0.6908,TN
DILIst_external,astemizole,COc1ccc(CCN2CCC(Nc3nc4ccccc4n3Cc3ccc(F)cc3)CC2)cc1,0,0.219,0,0.6908,TN
DILIst_external,beclomethasone,CC1CC2C3CCC4=CC(=O)C=CC4(C)C3(Cl)C(O)CC2(C)C1(O)C(=O)CO,0,0.0151,0,0.6908,TN
DILIst_external,gallamine triethiodide,CC[N+](CC)(CC)CCOc1cccc(OCC[N+](CC)(CC)CC)c1OCC[N+](CC)(CC)CC,0,0.0193,0,0.6908,TN
DILIst_external,melatonin,COc1ccc2[nH]cc(CCNC(C)=O)c2c1,0,0.6689,0,0.6908,TN
DILIst_external,nocodazole,COC(=O)Nc1nc2ccc(C(=O)c3cccs3)cc2[nH]1,0,0.9992,1,0.6908,FP
DILIst_external,zomepirac,Cc1cc(CC(=O)O)n(C)c1C(=O)c1ccc(Cl)cc1,0,0.9945,1,0.6908,FP
DILIst_external,alloxan,O=C1NC(=O)C(=O)C(=O)N1,0,0.1717,0,0.6908,TN
DILIst_external,anileridine,CCOC(=O)C1(c2ccccc2)CCN(CCc2ccc(N)cc2)CC1,0,0.0168,0,0.6908,TN
DILIst_external,mometasone,CC1CC2C3CCC4=CC(=O)C=CC4(C)C3(Cl)C(O)CC2(C)C1(O)C(=O)CCl,0,0.028,0,0.6908,TN
DILIst_external,ergonovine,CC(CO)NC(=O)C1C=C2c3cccc4[nH]cc(c34)CC2N(C)C1,0,0.5014,0,0.6908,TN
DILIst_external,econazole,Clc1ccc(COC(Cn2ccnc2)c2ccc(Cl)cc2Cl)cc1,0,0.6909,1,0.6908,FP
DILIst_external,sulconazole nitrate,Clc1ccc(CSC(Cn2ccnc2)c2ccc(Cl)cc2Cl)cc1,0,0.6634,0,0.6908,TN
DILIst_external,sulfabenzamide,Nc1ccc(S(=O)(=O)NC(=O)c2ccccc2)cc1,0,0.9947,1,0.6908,FP
DILIst_external,cephapirin,CC(=O)OCC1=C(C(=O)O)N2C(=O)C(NC(=O)CSc3ccncc3)C2SC1,0,0.9872,1,0.6908,FP
DILIst_external,azlocillin,CC1(C)SC2C(NC(=O)C(NC(=O)N3CCNC3=O)c3ccccc3)C(=O)N2C1C(=O)O,0,0.9584,1,0.6908,FP
DILIst_external,butoconazole,Clc1ccc(CCC(Cn2ccnc2)Sc2c(Cl)cccc2Cl)cc1,0,0.249,0,0.6908,TN
DILIst_external,ragaglitazar,CCOC(Cc1ccc(OCCN2c3ccccc3Oc3ccccc32)cc1)C(=O)O,0,0.8483,1,0.6908,FP
DILIst_external,isoxicam,Cc1cc(NC(=O)C2=C(O)c3ccccc3S(=O)(=O)N2C)no1,0,0.9972,1,0.6908,FP
DILIst_external,latamoxef,COC1(NC(=O)C(C(=O)O)c2ccc(O)cc2)C(=O)N2C(C(=O)O)=C(CSc3nnnn3C)COC21,0,0.9895,1,0.6908,FP
DILIst_external,Abiraterone,CC12CCC(O)CC1=CCC1C2CCC2(C)C(c3cccnc3)=CCC12,1,0.1184,0,0.6908,FN
DILIst_external,Acetorphan,CC(=O)SCC(Cc1ccccc1)C(=O)NCC(=O)OCc1ccccc1,1,0.7385,1,0.6908,TP
DILIst_external,Alfacalcidol,C=C1C(=CC=C2CCCC3(C)C2CCC3C(C)CCCC(C)C)CC(O)CC1O,1,0.012,0,0.6908,FN
DILIst_external,Ambroxol,Nc1c(Br)cc(Br)cc1CNC1CCC(O)CC1,1,0.1717,0,0.6908,FN
DILIst_external,Aminolevulinic acid,NCC(=O)CCC(=O)O,1,0.01,0,0.6908,FN
DILIst_external,Amisulpride,CCN1CCCC1CNC(=O)c1cc(S(=O)(=O)CC)c(N)cc1OC,1,0.5422,0,0.6908,FN
DILIst_external,Ampiroxicam,CCOC(=O)OC(C)OC1=C(C(=O)Nc2ccccn2)N(C)S(=O)(=O)c2ccccc21,1,0.9971,1,0.6908,TP
DILIst_external,Anethole,CC=Cc1ccc(OC)cc1,1,0.1253,0,0.6908,FN
DILIst_external,Arbekacin,NCCC(O)C(=O)NC1CC(N)C(OC2OC(CN)CCC2N)C(O)C1OC1OC(CO)C(O)C(N)C1O,1,0.0111,0,0.6908,FN
DILIst_external,Axitinib,CNC(=O)c1ccccc1Sc1ccc2c(C=Cc3ccccn3)n[nH]c2c1,1,0.887,1,0.6908,TP
DILIst_external,Azelnidipine,CC1=C(C(=O)OC(C)C)C(c2cccc([N+](=O)[O-])c2)C(C(=O)OC2CN(C(c3ccccc3)c3ccccc3)C2)=C(N)N1,1,0.9715,1,0.6908,TP
DILIst_external,Bacampicillin,CCOC(=O)OC(C)OC(=O)C1N2C(=O)C(NC(=O)C(N)c3ccccc3)C2SC1(C)C,1,0.9493,1,0.6908,TP
DILIst_external,Benidipine,COC(=O)C1=C(C)NC(C)=C(C(=O)OC2CCCN(Cc3ccccc3)C2)C1c1cccc([N+](=O)[O-])c1,1,0.9505,1,0.6908,TP
DILIst_external,Beraprost,CC#CCC(C)C(O)C=CC1C(O)CC2Oc3c(CCCC(=O)O)cccc3C21,1,0.0198,0,0.6908,FN
DILIst_external,Boceprevir,CC(C)(C)NC(=O)NC(C(=O)N1CC2C(C1C(=O)NC(CC1CCC1)C(=O)C(N)=O)C2(C)C)C(C)(C)C,1,0.5567,0,0.6908,FN
DILIst_external,Bromazepam,O=C1CN=C(c2ccccn2)c2cc(Br)ccc2N1,1,0.9805,1,0.6908,TP
DILIst_external,Bromhexine,CN(Cc1cc(Br)cc(Br)c1N)C1CCCCC1,1,0.717,1,0.6908,TP
DILIst_external,Bromisoval,CC(C)C(Br)C(=O)NC(N)=O,1,0.1719,0,0.6908,FN
DILIst_external,Brotizolam,Cc1nnc2n1-c1sc(Br)cc1C(c1ccccc1Cl)=NC2,1,0.9401,1,0.6908,TP
DILIst_external,Bucillamine,CC(C)(S)C(=O)NC(CS)C(=O)O,1,0.029,0,0.6908,FN
DILIst_external,Buflomedil,COc1cc(OC)c(C(=O)CCCN2CCCC2)c(OC)c1,1,0.1106,0,0.6908,FN
DILIst_external,Buprenorphine,COC12CCC3(CC1C(C)(O)C(C)(C)C)C1Cc4ccc(O)c5c4C3(CCN1CC1CC1)C2O5,1,0.0116,0,0.6908,FN
DILIst_external,Cabazitaxel,COC1C(=O)C2(C)C(OC)CC3OCC3(OC(C)=O)C2C(OC(=O)c2ccccc2)C2(O)CC(OC(=O)C(O)C(NC(=O)OC(C)(C)C)c3ccccc3)C(C)=C1C2(C)C,1,0.9866,1,0.6908,TP
DILIst_external,Cefcapene,CCC=C(C(=O)NC1C(=O)N2C(C(=O)O)=C(COC(N)=O)CSC12)c1csc(N)n1,1,0.9596,1,0.6908,TP
DILIst_external,Cefmetazole,COC1(NC(=O)CSCC#N)C(=O)N2C(C(=O)O)=C(CSc3nnnn3C)CSC21,1,0.9405,1,0.6908,TP
DILIst_external,Cefozopran,CON=C(C(=O)NC1C(=O)N2C(C(=O)[O-])=C(C[n+]3ccn4ncccc43)CSC12)c1nsc(N)n1,1,0.9738,1,0.6908,TP
DILIst_external,Cefpirome,CON=C(C(=O)NC1C(=O)N2C(C(=O)[O-])=C(C[n+]3cccc4c3CCC4)CSC12)c1csc(N)n1,1,0.9768,1,0.6908,TP
DILIst_external,Celiprolol,CCN(CC)C(=O)Nc1ccc(OCC(O)CNC(C)(C)C)c(C(C)=O)c1,1,0.0348,0,0.6908,FN
DILIst_external,Chlormadinone,CC(=O)C1(O)CCC2C3C=C(Cl)C4=CC(=O)CCC4(C)C3CCC21C,1,0.1179,0,0.6908,FN
DILIst_external,Cibenzoline,c1ccc(C2(c3ccccc3)CC2C2=NCCN2)cc1,1,0.4469,0,0.6908,FN
DILIst_external,Cilnidipine,COCCOC(=O)C1=C(C)NC(C)=C(C(=O)OCC=Cc2ccccc2)C1c1cccc([N+](=O)[O-])c1,1,0.9847,1,0.6908,TP
DILIst_external,Clobazam,CN1C(=O)CC(=O)N(c2ccccc2)c2cc(Cl)ccc21,1,0.7783,1,0.6908,TP
DILIst_external,Clobetasol,CC1CC2C3CCC4=CC(=O)C=CC4(C)C3(F)C(O)CC2(C)C1(O)C(=O)CCl,1,0.0803,0,0.6908,FN
DILIst_external,Clodronic acid,O=P(O)(O)C(Cl)(Cl)P(=O)(O)O,1,0.1378,0,0.6908,FN
DILIst_external,Clofazimine,CC(C)N=c1cc2n(-c3ccc(Cl)cc3)c3ccccc3nc-2cc1Nc1ccc(Cl)cc1,1,0.6215,0,0.6908,FN
DILIst_external,Cloperastine,Clc1ccc(C(OCCN2CCCCC2)c2ccccc2)cc1,1,0.0167,0,0.6908,FN
DILIst_external,Crizotinib,CC(Oc1cc(-c2cnn(C3CCNCC3)c2)cnc1N)c1c(Cl)ccc(F)c1Cl,1,0.9233,1,0.6908,TP
DILIst_external,Curcumin,COc1cc(C=CC(=O)CC(=O)C=Cc2ccc(O)c(OC)c2)ccc1O,1,0.9723,1,0.6908,TP
DILIst_external,Cyamemazine,CC(CN(C)C)CN1c2ccccc2Sc2ccc(C#N)cc21,1,0.4586,0,0.6908,FN
DILIst_external,Cyclothiazide,NS(=O)(=O)c1cc2c(cc1Cl)NC(C1CC3C=CC1C3)NS2(=O)=O,1,0.843,1,0.6908,TP
DILIst_external,Desogestrel,C#CC1(O)CCC2C3CCC4=CCCCC4C3C(=C)CC21CC,1,0.0794,0,0.6908,FN
DILIst_external,Diacerein,CC(=O)Oc1cccc2c1C(=O)c1c(OC(C)=O)cc(C(=O)O)cc1C2=O,1,0.9782,1,0.6908,TP
DILIst_external,Dihydrocodeine,COc1ccc2c3c1OC1C(O)CCC4C(C2)N(C)CCC341,1,0.0025,0,0.6908,FN
DILIst_external,Dirithromycin,CCC1OC(=O)C(C)C(OC2CC(C)(OC)C(O)C(C)O2)C(C)C(OC2OC(C)CC(N(C)C)C2O)C(C)(O)CC(C)C2NC(COCCOC)OC(C2C)C1(C)O,1,0.2032,0,0.6908,FN
DILIst_external,Domperidone,O=c1[nH]c2ccccc2n1CCCN1CCC(n2c(=O)[nH]c3cc(Cl)ccc32)CC1,1,0.7013,1,0.6908,TP
DILIst_external,Doxifluridine,CC1OC(n2cc(F)c(=O)[nH]c2=O)C(O)C1O,1,0.9783,1,0.6908,TP
DILIst_external,Droxidopa,NC(C(=O)O)C(O)c1ccc(O)c(O)c1,1,0.0071,0,0.6908,FN
DILIst_external,Dydrogesterone,CC(=O)C1CCC2C3C=CC4=CC(=O)CCC4(C)C3CCC12C,1,0.5144,0,0.6908,FN
DILIst_external,Edaravone,CC1=NN(c2ccccc2)C(=O)C1,1,0.8002,1,0.6908,TP
DILIst_external,Eperisone,CCc1ccc(C(=O)C(C)CN2CCCCC2)cc1,1,0.0156,0,0.6908,FN
DILIst_external,Epinastine,NC1=NCC2c3ccccc3Cc3ccccc3N12,1,0.9747,1,0.6908,TP
DILIst_external,Eribulin Mesylate,C=C1CC2CCC34CC5OC6C(OC7CCC(CC(=O)CC8C(CC9OC(CCC1O2)CC(C)C9=C)OC(CC(O)CN)C8OC)OC7C6O3)C5O4,1,0.1116,0,0.6908,FN
DILIst_external,Ethanol,CCO,1,0.1105,0,0.6908,FN
DILIst_external,Ethylene glycol,OCCO,1,0.0496,0,0.6908,FN
DILIst_external,Etizolam,CCc1cc2c(s1)-n1c(C)nnc1CN=C2c1ccccc1Cl,1,0.9487,1,0.6908,TP
DILIst_external,Etoricoxib,Cc1ccc(-c2ncc(Cl)cc2-c2ccc(S(C)(=O)=O)cc2)cn1,1,0.9848,1,0.6908,TP
DILIst_external,Flomoxef,COC1(NC(=O)CSC(F)F)C(=O)N2C(C(=O)O)=C(CSc3nnnn3CCO)COC21,1,0.8645,1,0.6908,TP
DILIst_external,Fluindione,O=C1c2ccccc2C(=O)C1c1ccc(F)cc1,1,0.9744,1,0.6908,TP
DILIst_external,Flunitrazepam,CN1C(=O)CN=C(c2ccccc2F)c2cc([N+](=O)[O-])ccc21,1,0.9957,1,0.6908,TP
DILIst_external,Flupirtine,CCOC(=O)Nc1ccc(NCc2ccc(F)cc2)nc1N,1,0.9884,1,0.6908,TP
DILIst_external,Fominoben,CN(CC(=O)N1CCOCC1)Cc1c(Cl)cccc1NC(=O)c1ccccc1,1,0.7259,1,0.6908,TP
DILIst_external,Fosfluconazole,O=P(O)(O)OC(Cn1cncn1)(Cn1cncn1)c1ccc(F)cc1F,1,0.9916,1,0.6908,TP
DILIst_external,Fudosteine,NC(CSCCCO)C(=O)O,1,0.0124,0,0.6908,FN
DILIst_external,Gabapentin Enacarbil,CC(OC(=O)NCC1(CC(=O)O)CCCCC1)OC(=O)C(C)C,1,0.0497,0,0.6908,FN
DILIst_external,Gabexate,CCOC(=O)c1ccc(OC(=O)CCCCCN=C(N)N)cc1,1,0.4114,0,0.6908,FN
DILIst_external,Garenoxacin,CC1NCc2cc(-c3ccc4c(=O)c(C(=O)O)cn(C5CC5)c4c3OC(F)F)ccc21,1,0.9612,1,0.6908,TP
DILIst_external,Glutathione,NC(CCC(=O)NC(CS)C(=O)NCC(=O)O)C(=O)O,1,0.0255,0,0.6908,FN
DILIst_external,Glycerol,OCC(O)CO,1,0.0055,0,0.6908,FN
DILIst_external,Glycyrrhizin,CC1(C(=O)O)CCC2(C)CCC3(C)C(=CC(=O)C4C5(C)CCC(OC6OC(C(=O)O)C(O)C(O)C6OC6OC(C(=O)O)C(O)C(O)C6O)C(C)(C)C5CCC43C)C2C1,1,0.832,1,0.6908,TP
DILIst_external,Halofantrine,CCCCN(CCCC)CCC(O)c1cc2c(Cl)cc(Cl)cc2c2cc(C(F)(F)F)ccc12,1,0.58,0,0.6908,FN
DILIst_external,Heptaminol,CC(N)CCCC(C)(C)O,1,0.0094,0,0.6908,FN
DILIst_external,Hypericin,Cc1cc(=O)c2c(O)c3c(O)cc(O)c4c5c(O)cc(O)c6c(O)c7c(=O)cc(C)c8c1c2c(c34)c(c65)c78,1,0.9778,1,0.6908,TP
DILIst_external,Ibudilast,CC(C)C(=O)c1c(C(C)C)nn2ccccc12,1,0.7218,1,0.6908,TP
DILIst_external,Iloprost,CC#CCC(C)C(O)C=CC1C(O)CC2CC(=CCCCC(=O)O)CC21,1,0.0015,0,0.6908,FN
DILIst_external,Irsogladine,Nc1nc(N)nc(-c2cc(Cl)ccc2Cl)n1,1,0.9869,1,0.6908,TP
DILIst_external,Isepamicin,CNC1C(O)C(OC2C(NC(=O)C(O)CN)CC(N)C(OC3OC(CN)C(O)C(O)C3O)C2O)OCC1(C)O,1,0.0091,0,0.6908,FN
DILIst_external,Isosorbide,OC1COC2C(O)COC12,1,0.0109,0,0.6908,FN
DILIst_external,Itopride,COc1ccc(C(=O)NCc2ccc(OCCN(C)C)cc2)cc1OC,1,0.8756,1,0.6908,TP
DILIst_external,Lafutidine,O=C(CS(=O)Cc1ccco1)NCC=CCOc1cc(CN2CCCCC2)ccn1,1,0.8087,1,0.6908,TP
DILIst_external,Lanreotide,CC(C)C1NC(=O)C(CCCCN)NC(=O)C(Cc2c[nH]c3ccccc23)NC(=O)C(Cc2ccc(O)cc2)NC(=O)C(NC(=O)C(N)Cc2ccc3ccccc3c2)CSSCC(C(=O)NC(C(N)=O)C(C)O)NC1=O,1,0.6648,0,0.6908,FN
DILIst_external,Lercanidipine,COC(=O)C1=C(C)NC(C)=C(C(=O)OC(C)(C)CN(C)CCC(c2ccccc2)c2ccccc2)C1c1cccc([N+](=O)[O-])c1,1,0.9583,1,0.6908,TP
DILIst_external,Lodenosine,Nc1ncnc2c1ncn2C1OC(CO)CC1F,1,0.9957,1,0.6908,TP
DILIst_external,Lormetazepam,CN1C(=O)C(O)N=C(c2ccccc2Cl)c2cc(Cl)ccc21,1,0.9041,1,0.6908,TP
DILIst_external,Lornoxicam,CN1C(C(=O)Nc2ccccn2)=C(O)c2sc(Cl)cc2S1(=O)=O,1,0.9919,1,0.6908,TP
DILIst_external,Loxoprofen,CC(C(=O)O)c1ccc(CC2CCCC2=O)cc1,1,0.3614,0,0.6908,FN
DILIst_external,Manidipine,COC(=O)C1=C(C)NC(C)=C(C(=O)OCCN2CCN(C(c3ccccc3)c3ccccc3)CC2)C1c1cccc([N+](=O)[O-])c1,1,0.9609,1,0.6908,TP
DILIst_external,Mazindol,OC1(c2ccc(Cl)cc2)c2ccccc2C2=NCCN21,1,0.3276,0,0.6908,FN
DILIst_external,Menatetrenone,CC(C)=CCCC(C)=CCCC(C)=CCCC(C)=CCC1=C(C)C(=O)c2ccccc2C1=O,1,0.124,0,0.6908,FN
DILIst_external,Mequitazine,c1ccc2c(c1)Sc1ccccc1N2CC1CN2CCC1CC2,1,0.7773,1,0.6908,TP
DILIst_external,Metopimazine,CS(=O)(=O)c1ccc2c(c1)N(CCCN1CCC(C(N)=O)CC1)c1ccccc1S2,1,0.878,1,0.6908,TP
DILIst_external,Mitiglinide,O=C(O)C(CC(=O)N1CC2CCCCC2C1)Cc1ccccc1,1,0.0204,0,0.6908,FN
DILIst_external,Mizoribine,NC(=O)c1ncn(C2OC(CO)C(O)C2O)c1O,1,0.9733,1,0.6908,TP
DILIst_external,Molsidomine,CCOC([O-])=Nc1c[n+](N2CCOCC2)no1,1,0.7555,1,0.6908,TP
DILIst_external,Mosapride,CCOc1cc(N)c(Cl)cc1C(=O)NCC1CN(Cc2ccc(F)cc2)CCO1,1,0.9084,1,0.6908,TP
DILIst_external,Moxonidine,COc1nc(C)nc(Cl)c1NC1=NCCN1,1,0.9338,1,0.6908,TP
DILIst_external,Nafamostat,N=C(N)c1ccc2cc(OC(=O)c3ccc(N=C(N)N)cc3)ccc2c1,1,0.983,1,0.6908,TP
DILIst_external,Naftidrofuryl,CCN(CC)CCOC(=O)C(Cc1cccc2ccccc12)CC1CCCO1,1,0.0464,0,0.6908,FN
DILIst_external,Nefopam,CN1CCOC(c2ccccc2)c2ccccc2C1,1,0.1232,0,0.6908,FN
DILIst_external,Netilmicin,CCNC1CC(N)C(OC2OC(CN)=CCC2N)C(O)C1OC1OCC(C)(O)C(NC)C1O,1,0.0049,0,0.6908,FN
DILIst_external,Nicergoline,COC12CC(COC(=O)c3cncc(Br)c3)CN(C)C1Cc1cn(C)c3cccc2c13,1,0.7498,1,0.6908,TP
DILIst_external,Nicorandil,O=C(NCCO[N+](=O)[O-])c1cccnc1,1,0.8214,1,0.6908,TP
DILIst_external,Nitrazepam,O=C1CN=C(c2ccccc2)c2cc([N+](=O)[O-])ccc2N1,1,0.9953,1,0.6908,TP
DILIst_external,Nitrendipine,CCOC(=O)C1=C(C)NC(C)=C(C(=O)OC)C1c1cccc([N+](=O)[O-])c1,1,0.872,1,0.6908,TP
DILIst_external,Nordazepam,O=C1CN=C(c2ccccc2)c2cc(Cl)ccc2N1,1,0.9924,1,0.6908,TP
DILIst_external,Olopatadine,CN(C)CCC=C1c2ccccc2COc2ccc(CC(=O)O)cc21,1,0.4897,0,0.6908,FN
DILIst_external,Oxatomide,O=c1[nH]c2ccccc2n1CCCN1CCN(C(c2ccccc2)c2ccccc2)CC1,1,0.104,0,0.6908,FN
DILIst_external,Oxyphenbutazone,CCCCC1C(=O)N(c2ccccc2)N(c2ccc(O)cc2)C1=O,1,0.9095,1,0.6908,TP
DILIst_external,Ozagrel,O=C(O)C=Cc1ccc(Cn2ccnc2)cc1,1,0.9801,1,0.6908,TP
DILIst_external,Pazufloxacin,CC1COc2c(C3(N)CC3)c(F)cc3c(=O)c(C(=O)O)cn1c23,1,0.984,1,0.6908,TP
DILIst_external,Peramivir,CCC(CC)C(NC(C)=O)C1C(N=C(N)N)CC(C(=O)O)C1O,1,0.0128,0,0.6908,FN
DILIst_external,Phenformin,NC(N)=NC(N)=NCCc1ccccc1,1,0.0436,0,0.6908,FN
DILIst_external,Phenprocoumon,CCC(c1ccccc1)c1c(O)c2ccccc2oc1=O,1,0.9617,1,0.6908,TP
DILIst_external,Phenylephrine,CNCC(O)c1cccc(O)c1,1,0.0037,0,0.6908,FN
DILIst_external,Phloroglucinol,Oc1cc(O)cc(O)c1,1,0.0351,0,0.6908,FN
DILIst_external,Picolamine,NCc1cccnc1,1,0.4222,0,0.6908,FN
DILIst_external,Pilsicainide,Cc1cccc(C)c1NC(=O)CC12CCCN1CCC2,1,0.0603,0,0.6908,FN
DILIst_external,Pimecrolimus,CCC1C=C(C)CC(C)CC(OC)C2OC(O)(C(=O)C(=O)N3CCCCC3C(=O)OC(C(C)=CC3CCC(Cl)C(OC)C3)C(C)C(O)CC1=O)C(C)CC2OC,1,0.8222,1,0.6908,TP
DILIst_external,Pinaverium,COc1cc(Br)c(C[N+]2(CCOCCC3CCC4CC3C4(C)C)CCOCC2)cc1OC,1,0.2896,0,0.6908,FN
DILIst_external,Piperacetazine,CC(=O)c1ccc2c(c1)N(CCCN1CCC(CCO)CC1)c1ccccc1S2,1,0.5758,0,0.6908,FN
DILIst_external,Pipobroman,O=C(CCBr)N1CCN(C(=O)CCBr)CC1,1,0.1784,0,0.6908,FN
DILIst_external,Piracetam,NC(=O)CN1CCCC1=O,1,0.0292,0,0.6908,FN
DILIst_external,Pirarubicin,COc1cccc2c1C(=O)c1c(O)c3c(c(O)c1C2=O)CC(O)(C(=O)CO)CC3OC1CC(N)C(OC2CCCCO2)C(C)O1,1,0.988,1,0.6908,TP
DILIst_external,Pranlukast,O=C(Nc1cccc2c(=O)cc(-c3nn[nH]n3)oc12)c1ccc(OCCCCc2ccccc2)cc1,1,0.9875,1,0.6908,TP
DILIst_external,Pranoprofen,CC(C(=O)O)c1ccc2c(c1)Cc1cccnc1O2,1,0.964,1,0.6908,TP
DILIst_external,Prazepam,O=C1CN=C(c2ccccc2)c2cc(Cl)ccc2N1CC1CC1,1,0.7435,1,0.6908,TP
DILIst_external,Propacetamol,CCN(CC)CC(=O)Oc1ccc(NC(C)=O)cc1,1,0.2273,0,0.6908,FN
DILIst_external,Propiverine,CCCOC(C(=O)OC1CCN(C)CC1)(c1ccccc1)c1ccccc1,1,0.0825,0,0.6908,FN
DILIst_external,Raltitrexed,Cc1nc2ccc(CN(C)c3ccc(C(=O)NC(CCC(=O)O)C(=O)O)s3)cc2c(=O)[nH]1,1,0.9642,1,0.6908,TP
DILIst_external,Rebamipide,O=C(NC(Cc1cc(=O)[nH]c2ccccc12)C(=O)O)c1ccc(Cl)cc1,1,0.9924,1,0.6908,TP
DILIst_external,Rilmenidine,C1COC(NC(C2CC2)C2CC2)=N1,1,0.2414,0,0.6908,FN
DILIst_external,Rivaroxaban,O=C(NCC1CN(c2ccc(N3CCOCC3=O)cc2)C(=O)O1)c1ccc(Cl)s1,1,0.9802,1,0.6908,TP
DILIst_external,Roxatidine,O=C(CO)NCCCOc1cccc(CN2CCCCC2)c1,1,0.0113,0,0.6908,FN
DILIst_external,Sarpogrelate,COc1cccc(CCc2ccccc2OCC(CN(C)C)OC(=O)CCC(=O)O)c1,1,0.4728,0,0.6908,FN
DILIst_external,Sennoside,O=C(O)c1cc(O)c2c(c1)C(C1c3cc(C(=O)O)cc(O)c3C(=O)c3c(OC4OC(CO)C(O)C(O)C4O)cccc31)c1cccc(OC3OC(CO)C(O)C(O)C3O)c1C2=O,1,0.9796,1,0.6908,TP
DILIst_external,Sofalcone,CC(C)=CCOc1ccc(C=CC(=O)c2ccc(OCC=C(C)C)cc2OCC(=O)O)cc1,1,0.9292,1,0.6908,TP
DILIst_external,Sparfloxacin,CC1CN(c2c(F)c(N)c3c(=O)c(C(=O)O)cn(C4CC4)c3c2F)CC(C)N1,1,0.994,1,0.6908,TP
DILIst_external,Sulpiride,CCN1CCCC1CNC(=O)c1cc(S(N)(=O)=O)ccc1OC,1,0.7397,1,0.6908,TP
DILIst_external,Suplatast,CCOCC(O)COc1ccc(NC(=O)CC[S+](C)C)cc1,1,0.1147,0,0.6908,FN
DILIst_external,Tandospirone,O=C1C2C3CCC(C3)C2C(=O)N1CCCCN1CCN(c2ncccn2)CC1,1,0.098,0,0.6908,FN
DILIst_external,Telaprevir,CCCC(NC(=O)C1C2CCCC2CN1C(=O)C(NC(=O)C(NC(=O)c1cnccn1)C1CCCCC1)C(C)(C)C)C(=O)C(=O)NC1CC1,1,0.8362,1,0.6908,TP
DILIst_external,Temocapril,CCOC(=O)C(CCc1ccccc1)NC1CSC(c2cccs2)CN(CC(=O)O)C1=O,1,0.9589,1,0.6908,TP
DILIst_external,Teprenone,CC(=O)CCC=C(C)CCC=C(C)CCC=C(C)CCC=C(C)C,1,0.1259,0,0.6908,FN
DILIst_external,Tetrazepam,CN1C(=O)CN=C(C2=CCCCC2)c2cc(Cl)ccc21,1,0.4131,0,0.6908,FN
DILIst_external,Theobromine,Cn1cnc2c1c(=O)[nH]c(=O)n2C,1,0.9164,1,0.6908,TP
DILIst_external,Thiocolchicoside,COc1c(OC2OC(CO)C(O)C(O)C2O)cc2c(c1OC)-c1ccc(SC)c(=O)cc1C(NC(C)=O)CC2,1,0.9392,1,0.6908,TP
DILIst_external,Tiapride,CCN(CC)CCNC(=O)c1cc(S(C)(=O)=O)ccc1OC,1,0.4829,0,0.6908,FN
DILIst_external,Tiaprofenic acid,CC(C(=O)O)c1ccc(C(=O)c2ccccc2)s1,1,0.9941,1,0.6908,TP
DILIst_external,Tiquizium,C[N+]12CCCCC1CCC(=C(c1cccs1)c1cccs1)C2,1,0.1079,0,0.6908,FN
DILIst_external,Tocainide,Cc1cccc(C)c1NC(=O)C(C)N,1,0.095,0,0.6908,FN
DILIst_external,Trabectedin,COc1cc2c(cc1O)CCNC21CSC2c3c(OC(C)=O)c(C)c4c(c3C(COC1=O)N1C(O)C3Cc5cc(C)c(OC)c(O)c5C(C21)N3C)OCO4,1,0.9895,1,0.6908,TP
DILIst_external,Tranilast,COc1ccc(C=CC(=O)Nc2ccccc2C(=O)O)cc1OC,1,0.9853,1,0.6908,TP
DILIst_external,Trapidil,CCN(CC)c1cc(C)nc2ncnn12,1,0.5249,0,0.6908,FN
DILIst_external,Trichlormethiazide,NS(=O)(=O)c1cc2c(cc1Cl)NC(C(Cl)Cl)NS2(=O)=O,1,0.8793,1,0.6908,TP
DILIst_external,Trimebutine,CCC(COC(=O)c1cc(OC)c(OC)c(OC)c1)(c1ccccc1)N(C)C,1,0.8028,1,0.6908,TP
DILIst_external,Trimetazidine,COc1ccc(CN2CCNCC2)c(OC)c1OC,1,0.0324,0,0.6908,FN
DILIst_external,Tropatepine,CN1C2CCC1CC(=C1c3ccccc3CSc3ccccc31)C2,1,0.6964,1,0.6908,TP
DILIst_external,Troxipide,COc1cc(C(=O)NC2CCCNC2)cc(OC)c1OC,1,0.1519,0,0.6908,FN
DILIst_external,Urapidil,COc1ccccc1N1CCN(CCCNc2cc(=O)n(C)c(=O)n2C)CC1,1,0.4937,0,0.6908,FN
DILIst_external,Valpromide,CCCC(CCC)C(N)=O,1,0.4757,0,0.6908,FN
DILIst_external,Vemurafenib,CCCS(=O)(=O)Nc1ccc(F)c(C(=O)c2c[nH]c3ncc(-c4ccc(Cl)cc4)cc23)c1F,1,0.9972,1,0.6908,TP
DILIst_external,Vindesine,CCC1(O)CC2CN(CCc3c([nH]c4ccccc34)C(C(=O)OC)(c3cc4c(cc3OC)N(C)C3C(O)(C(N)=O)C(O)C5(CC)C=CCN6CCC43C65)C2)C1,1,0.9213,1,0.6908,TP
DILIst_external,Voglibose,OCC(CO)NC1CC(O)(CO)C(O)C(O)C1O,1,0.0116,0,0.6908,FN
DILIst_external,Xylometazoline,Cc1cc(C(C)(C)C)cc(C)c1CC1=NCCN1,1,0.0733,0,0.6908,FN
DILIst_external,Zaltoprofen,CC(C(=O)O)c1ccc2c(c1)CC(=O)c1ccccc1S2,1,0.9805,1,0.6908,TP
