CompoundName,label,smiles
mercaptopurine,1,C1=NC2=C(N1)C(=S)N=CN2
acetaminophen,1,CC(=O)NC1=CC=C(C=C1)O
azathioprine,1,CN1C=NC(=C1SC2=NC=NC3=C2NC=N3)[N+](=O)[O-]
chlorpheniramine,0,CN(C)CCC(C1=CC=C(C=C1)Cl)C2=CC=CC=N2
clofibrate,1,CCOC(=O)C(C)(C)OC1=CC=C(C=C1)Cl
cyclophosphamide,1,C1CNP(=O)(OC1)N(CCCl)CCCl
dopamine,0,C1=CC(=C(C=C1CCN)O)O
estradiol,1,CC12CCC3C(C1CCC2O)CCC4=C3C=CC(=C4)O
fluoxetine,1,CNCCC(C1=CC=CC=C1)OC2=CC=C(C=C2)C(F)(F)F
gemfibrozil,1,CC1=CC(=C(C=C1)C)OCCCC(C)(C)C(=O)O
indomethacin,1,CC1=C(C2=C(N1C(=O)C3=CC=C(C=C3)Cl)C=CC(=C2)OC)CC(=O)O
ketoprofen,1,CC(C1=CC(=CC=C1)C(=O)C2=CC=CC=C2)C(=O)O
mannitol,0,C(C(C(C(C(CO)O)O)O)O)O
methotrexate,1,CN(CC1=CN=C2C(=N1)C(=NC(=N2)N)N)C3=CC=C(C=C3)C(=O)NC(CCC(=O)O)C(=O)O
phenobarbital,1,CCC1(C(=O)NC(=O)NC1=O)C2=CC=CC=C2
phenytoin,1,C1=CC=C(C=C1)C2(C(=O)NC(=O)N2)C3=CC=CC=C3
rifampin,1,CC1C=CC=C(C(=O)NC2=C(C(=C3C(=C2O)C(=C(C4=C3C(=O)C(O4)(OC=CC(C(C(C(C(C(C1O)C)O)C)OC(=O)C)C)OC)C)C)O)O)C=NN5CCN(CC5)C)C
tetracycline,1,CC1(C2CC3C(C(=O)C(=C(C3(C(=O)C2=C(C4=C1C=CC=C4O)O)O)O)C(=O)N)N(C)C)O
abacavir,1,C1CC1NC2=C3C(=NC(=N2)N)N(C=N3)C4CC(C=C4)CO
aciclovir,1,C1=NC2=C(N1COCCO)N=C(NC2=O)N
allopurinol,1,C1=NNC2=C1C(=O)NC=N2
amineptine,1,C1CC2=CC=CC=C2C(C3=CC=CC=C31)NCCCCCCC(=O)O
amiodarone,1,CCCCC1=C(C2=CC=CC=C2O1)C(=O)C3=CC(=C(C(=C3)I)OCCN(CC)CC)I
amitriptyline,1,CN(C)CCC=C1C2=CC=CC=C2CCC3=CC=CC=C31
amphotericin b,1,CC1C=CC=CC=CC=CC=CC=CC=CC(CC2C(C(CC(O2)(CC(CC(C(CCC(CC(CC(=O)OC(C(C1O)C)C)O)O)O)O)O)O)O)C(=O)O)OC3C(C(C(C(O3)C)O)N)O
ampicillin,1,CC1(C(N2C(S1)C(C2=O)NC(=O)C(C3=CC=CC=C3)N)C(=O)O)C
donepezil,1,COC1=C(C=C2C(=C1)CC(C2=O)CC3CCN(CC3)CC4=CC=CC=C4)OC
aspirin,1,CC(=O)OC1=CC=CC=C1C(=O)O
aminohippurate,0,C1=CC(=CC=C1C(=O)NCC(=O)O)N
bicalutamide,1,CC(CS(=O)(=O)C1=CC=C(C=C1)F)(C(=O)NC2=CC(=C(C=C2)C#N)C(F)(F)F)O
bupropion,1,CC(C(=O)C1=CC(=CC=C1)Cl)NC(C)(C)C
captopril,1,CC(CS)C(=O)N1CCCC1C(=O)O
carbamazepine,1,C1=CC=C2C(=C1)C=CC3=CC=CC=C3N2C(=O)N
carboplatin,1,C1CC(C1)(C(=O)[O-])C(=O)[O-].N.N.[Pt+2]
ceftazidime,1,CC(C)(C(=O)O)ON=C(C1=CSC(=N1)N)C(=O)NC2C3N(C2=O)C(=C(CS3)C[N+]4=CC=CC=C4)C(=O)[O-]
chlorcyclizine,1,CN1CCN(CC1)C(C2=CC=CC=C2)C3=CC=C(C=C3)Cl
chlorzoxazone,1,C1=CC2=C(C=C1Cl)NC(=O)O2
chlorpromazine,1,CN(C)CCCN1C2=CC=CC=C2SC3=C1C=C(C=C3)Cl
cisplatin,1,N.N.Cl[Pt]Cl
dimercaprol,0,C(C(CS)S)O
colchicine,0,CC(=O)NC1CCC2=CC(=C(C(=C2C3=CC=C(C(=O)C=C13)OC)OC)OC)OC
corticotropin,0,CC(C)CC(C(=O)NC(CCC(=O)O)C(=O)NC(CC1=CC=CC=C1)C(=O)O)NC(=O)C2CCCN2C(=O)C(CC3=CC=CC=C3)NC(=O)C(C)NC(=O)C(CCC(=O)O)NC(=O)C(C)NC(=O)C(CO)NC(=O)C(CCC(=O)O)NC(=O)C(CC(=O)O)NC(=O)C(CCC(=O)O)NC(=O)C(C)NC(=O)CNC(=O)C(CC(=O)N)NC(=O)C4CCCN4C(=O)C(CC5=CC=C(C=C5)O)NC(=O)C(C(C)C)NC(=O)C(CCCCN)NC(=O)C(C(C)C)NC(=O)C6CCCN6C(=O)C(CCCNC(=N)N)NC(=O)C(CCCNC(=N)N)NC(=O)C(CCCCN)NC(=O)C(CCCCN)NC(=O)CNC(=O)C(C(C)C)NC(=O)C7CCCN7C(=O)C(CCCCN)NC(=O)CNC(=O)C(CC8=CNC9=CC=CC=C98)NC(=O)C(CCCNC(=N)N)NC(=O)C(CC1=CC=CC=C1)NC(=O)C(CC1=CN=CN1)NC(=O)C(CCC(=O)O)NC(=O)C(CCSC)NC(=O)C(CO)NC(=O)C(CC1=CC=C(C=C1)O)NC(=O)C(CO)N
dactinomycin,1,CC1C(C(=O)NC(C(=O)N2CCCC2C(=O)N(CC(=O)N(C(C(=O)O1)C(C)C)C)C)C(C)C)NC(=O)C3=C4C(=C(C=C3)C)OC5=C(C(=O)C(=C(C5=N4)C(=O)NC6C(OC(=O)C(N(C(=O)CN(C(=O)C7CCCN7C(=O)C(NC6=O)C(C)C)C)C)C(C)C)C)N)C
dantrolene,1,C1C(=O)NC(=O)N1N=CC2=CC=C(O2)C3=CC=C(C=C3)[N+](=O)[O-]
demeclocycline,0,CN(C)C1C2CC3C(C4=C(C=CC(=C4C(=C3C(=O)C2(C(=C(C1=O)C(=O)N)O)O)O)O)Cl)O
propoxyphene,1,CCC(=O)OC(CC1=CC=CC=C1)(C2=CC=CC=C2)C(C)CN(C)C
diclofenac,1,C1=CC=C(C(=C1)CC(=O)O)NC2=C(C=CC=C2Cl)Cl
diflunisal,1,C1=CC(=C(C=C1C2=C(C=C(C=C2)F)F)C(=O)O)O
diphenhydramine,0,CN(C)CCOC(C1=CC=CC=C1)C2=CC=CC=C2
epirubicin,0,CC1C(C(CC(O1)OC2CC(CC3=C2C(=C4C(=C3O)C(=O)C5=C(C4=O)C(=CC=C5)OC)O)(C(=O)CO)O)N)O
erythromycin,1,CCC1C(C(C(C(=O)C(CC(C(C(C(C(C(=O)O1)C)OC2CC(C(C(O2)C)O)(C)OC)C)OC3C(C(CC(O3)C)N(C)C)O)(C)O)C)C)O)(C)O
etoposide,1,CC1OCC2C(O1)C(C(C(O2)OC3C4COC(=O)C4C(C5=CC6=C(C=C35)OCO6)C7=CC(=C(C(=C7)OC)O)OC)O)O
famotidine,1,C1=C(N=C(S1)N=C(N)N)CSCCC(=NS(=O)(=O)N)N
felbamate,1,C1=CC=C(C=C1)C(COC(=O)N)COC(=O)N
fenofibrate,1,CC(C)OC(=O)C(C)(C)OC1=CC=C(C=C1)C(=O)C2=CC=C(C=C2)Cl
fenoprofen,1,CC(C1=CC(=CC=C1)OC2=CC=CC=C2)C(=O)O
flutamide,1,CC(C)C(=O)NC1=CC(=C(C=C1)[N+](=O)[O-])C(F)(F)F
hydroxyurea,1,C(=O)(N)NO
imatinib,1,CC1=C(C=C(C=C1)NC(=O)C2=CC=C(C=C2)CN3CCN(CC3)C)NC4=NC=CC(=N4)C5=CN=CC=C5
imipramine,1,CN(C)CCCN1C2=CC=CC=C2CCC3=CC=CC=C31
iproniazid,1,CC(C)NNC(=O)C1=CC=NC=C1
ketoconazole,1,CC(=O)N1CCN(CC1)C2=CC=C(C=C2)OCC3COC(O3)(CN4C=CN=C4)C5=C(C=C(C=C5)Cl)Cl
labetalol,1,CC(CCC1=CC=CC=C1)NCC(C2=CC(=C(C=C2)O)C(=O)N)O
leflunomide,1,CC1=C(C=NO1)C(=O)NC2=CC=C(C=C2)C(F)(F)F
mefenamic acid,1,CC1=C(C(=CC=C1)NC2=CC=CC=C2C(=O)O)C
meloxicam,1,CC1=CN=C(S1)NC(=O)C2=C(C3=CC=CC=C3S(=O)(=O)N2C)O
metformin,1,CN(C)C(=N)N=C(N)N
methyldopa,1,CC(CC1=CC(=C(C=C1)O)O)(C(=O)O)N
nefazodone,1,CCC1=NN(C(=O)N1CCOC2=CC=CC=C2)CCCN3CCN(CC3)C4=CC(=CC=C4)Cl
nitrofurantoin,1,C1C(=O)NC(=O)N1N=CC2=CC=C(O2)[N+](=O)[O-]
olsalazine,1,C1=CC(=C(C=C1N=NC2=CC(=C(C=C2)O)C(=O)O)C(=O)O)O
paroxetine,1,C1CNCC(C1C2=CC=C(C=C2)F)COC3=CC4=C(C=C3)OCO4
pentamidine,1,C1=CC(=CC=C1C(=N)N)OCCCCCOC2=CC=C(C=C2)C(=N)N
perhexiline,1,C1CCC(CC1)C(CC2CCCCN2)C3CCCCC3
physostigmine,0,CC12CCN(C1N(C3=C2C=C(C=C3)OC(=O)NC)C)C
pioglitazone,1,CCC1=CN=C(C=C1)CCOC2=CC=C(C=C2)CC3C(=O)NC(=O)S3
propylthiouracil,1,CCCC1=CC(=O)NC(=S)N1
pseudoephedrine,0,CC(C(C1=CC=CC=C1)O)NC
ranitidine,1,CNC(=C[N+](=O)[O-])NCCSCC1=CC=C(O1)CN(C)C
rifabutin,1,CC1C=CC=C(C(=O)NC2=C(C3=C(C4=C(C(=C3O)C)OC(C4=O)(OC=CC(C(C(C(C(C(C1O)C)O)C)OC(=O)C)C)OC)C)C5=NC6(CCN(CC6)CC(C)C)N=C25)O)C
rosiglitazone,1,CN(CCOC1=CC=C(C=C1)CC2C(=O)NC(=O)S2)C3=CC=CC=N3
indocyanine green,0,CC1(C(=[N+](C2=C1C3=CC=CC=C3C=C2)CCCCS(=O)(=O)[O-])C=CC=CC=CC=C4C(C5=C(N4CCCCS(=O)(=O)[O-])C=CC6=CC=CC=C65)(C)C)C.[Na+]
simvastatin,1,CCC(C)(C)C(=O)OC1CC(C=C2C1C(C(C=C2)C)CCC3CC(CC(=O)O3)O)C
spironolactone,1,CC(=O)SC1CC2=CC(=O)CCC2(C3C1C4CCC5(C4(CC3)C)CCC(=O)O5)C
stavudine,1,CC1=CN(C(=O)NC1=O)C2C=CC(O2)CO
streptomycin,0,CC1C(C(C(O1)OC2C(C(C(C(C2O)O)N=C(N)N)O)N=C(N)N)OC3C(C(C(C(O3)CO)O)O)NC)(C=O)O
sulfadiazine,1,C1=CN=C(N=C1)NS(=O)(=O)C2=CC=C(C=C2)N
sulfasalazine,1,C1=CC=NC(=C1)NS(=O)(=O)C2=CC=C(C=C2)N=NC3=CC(=C(C=C3)O)C(=O)O
sulindac,1,CC1=C(C2=C(C1=CC3=CC=C(C=C3)S(=O)C)C=CC(=C2)F)CC(=O)O
tamoxifen,1,CCC(=C(C1=CC=CC=C1)C2=CC=C(C=C2)OCCN(C)C)C3=CC=CC=C3
temozolomide,1,CN1C(=O)N2C=NC(=C2N=N1)C(=O)N
theophylline,0,CN1C2=C(C(=O)N(C1=O)C)NC=N2
tizanidine,1,C1CN=C(N1)NC2=C(C=CC3=NSN=C32)Cl
tolcapone,1,CC1=CC=C(C=C1)C(=O)C2=CC(=C(C(=C2)O)O)[N+](=O)[O-]
valproic acid,1,CCCC(CCC)C(=O)O
vancomycin,1,CC1C(C(CC(O1)OC2C(C(C(OC2OC3=C4C=C5C=C3OC6=C(C=C(C=C6)C(C(C(=O)NC(C(=O)NC5C(=O)NC7C8=CC(=C(C=C8)O)C9=C(C=C(C=C9O)O)C(NC(=O)C(C(C1=CC(=C(O4)C=C1)Cl)O)NC7=O)C(=O)O)CC(=O)N)NC(=O)C(CC(C)C)NC)O)Cl)CO)O)O)(C)N)O
vitamin a,1,CC1=C(C(CCC1)(C)C)C=CC(=CC=CC(=CCO)C)C
zidovudine,1,CC1=CN(C(=O)NC1=O)C2CC(C(O2)CO)N=[N+]=[N-]
zolpidem,0,CC1=CC=C(C=C1)C2=C(N3C=C(C=CC3=N2)C)CC(=O)N(C)C
zonisamide,1,C1=CC=C2C(=C1)C(=NO2)CS(=O)(=O)N
pyrazinamide,1,C1=CN=C(C=N1)C(=O)N
finasteride,1,CC12CCC3C(C1CCC2C(=O)NC(C)(C)C)CCC4C3(C=CC(=O)N4)C
troglitazone,1,CC1=C(C2=C(CCC(O2)(C)COC3=CC=C(C=C3)CC4C(=O)NC(=O)S4)C(=C1O)C)C
fluvastatin,1,CC(C)N1C2=CC=CC=C2C(=C1C=CC(CC(CC(=O)O)O)O)C3=CC=C(C=C3)F
glimepiride,1,CCC1=C(CN(C1=O)C(=O)NCCC2=CC=C(C=C2)S(=O)(=O)NC(=O)NC3CCC(CC3)C)C
venlafaxine,1,CN(C)CC(C1=CC=C(C=C1)OC)C2(CCCCC2)O
amlodipine,1,CCOC(=O)C1=C(NC(=C(C1C2=CC=CC=C2Cl)C(=O)OC)C)COCCN
vinblastine,0,CCC1(CC2CC(C3=C(CCN(C2)C1)C4=CC=CC=C4N3)(C5=C(C=C6C(=C5)C78CCN9C7C(C=CC9)(C(C(C8N6C)(C(=O)OC)O)OC(=O)C)CC)OC)C(=O)OC)O
ciprofloxacin,1,C1CC1N2C=C(C(=O)C3=CC(=C(C=C32)N4CCNCC4)F)C(=O)O
fluconazole,1,C1=CC(=C(C=C1F)F)C(CN2C=NC=N2)(CN3C=NC=N3)O
prednisone,1,CC12CC(=O)C3C(C1CCC2(C(=O)CO)O)CCC4=CC(=O)C=CC34C
lorazepam,0,C1=CC=C(C(=C1)C2=NC(C(=O)NC3=C2C=C(C=C3)Cl)O)Cl
itraconazole,1,CCC(C)N1C(=O)N(C=N1)C2=CC=C(C=C2)N3CCN(CC3)C4=CC=C(C=C4)OCC5COC(O5)(CN6C=NC=N6)C7=C(C=C(C=C7)Cl)Cl
raloxifene,0,C1CCN(CC1)CCOC2=CC=C(C=C2)C(=O)C3=C(SC4=C3C=CC(=C4)O)C5=CC=C(C=C5)O
mifepristone,0,CC#CC1(CCC2C1(CC(C3=C4CCC(=O)C=C4CCC23)C5=CC=C(C=C5)N(C)C)C)O
clomipramine,1,CN(C)CCCN1C2=CC=CC=C2CCC3=C1C=C(C=C3)Cl
pravastatin,1,CCC(C)C(=O)OC1CC(C=C2C1C(C(C=C2)C)CCC(CC(CC(=O)O)O)O)O
clarithromycin,1,CCC1C(C(C(C(=O)C(CC(C(C(C(C(C(=O)O1)C)OC2CC(C(C(O2)C)O)(C)OC)C)OC3C(C(CC(O3)C)N(C)C)O)(C)OC)C)C)O)(C)O
hydrocortisone,0,CC12CCC(=O)C=C1CCC3C2C(CC4(C3CCC4(C(=O)CO)O)C)O
progesterone,1,CC(=O)C1CCC2C1(CCC3C2CCC4=CC(=O)CCC34C)C
ergocalciferol,0,CC(C)C(C)C=CC(C)C1CCC2C1(CCCC2=CC=C3CC(CCC3=C)O)C
ibuprofen,1,CC(C)CC1=CC=C(C=C1)C(C)C(=O)O
isoproterenol,0,CC(C)NCC(C1=CC(=C(C=C1)O)O)O
ketorolac,1,C1CN2C(=CC=C2C(=O)C3=CC=CC=C3)C1C(=O)O
promethazine,1,CC(CN1C2=CC=CC=C2SC3=CC=CC=C31)N(C)C
omeprazole,1,CC1=CN=C(C(=C1OC)C)CS(=O)C2=NC3=C(N2)C=C(C=C3)OC
carvedilol,1,COC1=CC=CC=C1OCCNCC(COC2=CC=CC3=C2C4=CC=CC=C4N3)O
cytarabine,1,C1=CN(C(=O)N=C1N)C2C(C(C(O2)CO)O)O
pergolide,0,CCCN1CC(CC2C1CC3=CNC4=CC=CC2=C34)CSC
nisoldipine,0,CC1=C(C(C(=C(N1)C)C(=O)OCC(C)C)C2=CC=CC=C2[N+](=O)[O-])C(=O)OC
citalopram,1,CN(C)CCCC1(C2=C(CO1)C=C(C=C2)C#N)C3=CC=C(C=C3)F
methyltestosterone,1,CC12CCC(=O)C=C1CCC3C2CCC4(C3CCC4(C)O)C
testosterone,1,CC12CCC3C(C1CCC2O)CCC4=CC(=O)CCC34C
praziquantel,0,C1CCC(CC1)C(=O)N2CC3C4=CC=CC=C4CCN3C(=O)C2
ticlopidine,1,C1CN(CC2=C1SC=C2)CC3=CC=CC=C3Cl
diazepam,0,CN1C(=O)CN=C(C2=C1C=CC(=C2)Cl)C3=CC=CC=C3
clomiphene,1,CCN(CC)CCOC1=CC=C(C=C1)C(=C(C2=CC=CC=C2)Cl)C3=CC=CC=C3
isotretinoin,1,CC1=C(C(CCC1)(C)C)C=CC(=CC=CC(=CC(=O)O)C)C
oxymetholone,1,CC12CCC3C(C1CCC2(C)O)CCC4C3(CC(=CO)C(=O)C4)C
etodolac,1,CCC1=C2C(=CC=C1)C3=C(N2)C(OCC3)(CC)CC(=O)O
glipizide,1,CC1=CN=C(C=N1)C(=O)NCCC2=CC=C(C=C2)S(=O)(=O)NC(=O)NC3CCCCC3
pemoline,1,C1=CC=C(C=C1)C2C(=O)N=C(O2)N
clotrimazole,1,C1=CC=C(C=C1)C(C2=CC=CC=C2)(C3=CC=CC=C3Cl)N4C=CN=C4
celecoxib,1,CC1=CC=C(C=C1)C2=CC(=NN2C3=CC=C(C=C3)S(=O)(=O)N)C(F)(F)F
amoxapine,0,C1CN(CCN1)C2=NC3=CC=CC=C3OC4=C2C=C(C=C4)Cl
iothalamate sodium,0,CC(=O)NC1=C(C(=C(C(=C1I)C(=O)[O-])I)C(=O)NC)I.[Na+]
atorvastatin,1,CC(C)C1=C(C(=C(N1CCC(CC(CC(=O)O)O)O)C2=CC=C(C=C2)F)C3=CC=CC=C3)C(=O)NC4=CC=CC=C4
olanzapine,1,CC1=CC2=C(S1)NC3=CC=CC=C3N=C2N4CCN(CC4)C
nevirapine,1,CC1=C2C(=NC=C1)N(C3=C(C=CC=N3)C(=O)N2)C4CC4
primidone,0,CCC1(C(=O)NCNC1=O)C2=CC=CC=C2
vinorelbine,0,CCC1=CC2CC(C3=C(CN(C2)C1)C4=CC=CC=C4N3)(C5=C(C=C6C(=C5)C78CCN9C7C(C=CC9)(C(C(C8N6C)(C(=O)OC)O)OC(=O)C)CC)OC)C(=O)OC
anastrozole,1,CC(C)(C#N)C1=CC(=CC(=C1)CN2C=NC=N2)C(C)(C)C#N
rabeprazole,1,CC1=C(C=CN=C1CS(=O)C2=NC3=CC=CC=C3N2)OCCCOC
azithromycin,1,CCC1C(C(C(N(CC(CC(C(C(C(C(C(=O)O1)C)OC2CC(C(C(O2)C)O)(C)OC)C)OC3C(C(CC(O3)C)N(C)C)O)(C)O)C)C)C)O)(C)O
tolazamide,1,CC1=CC=C(C=C1)S(=O)(=O)NC(=O)NN2CCCCCC2
quetiapine,1,C1CN(CCN1CCOCCO)C2=NC3=CC=CC=C3SC4=CC=CC=C42
famciclovir,0,CC(=O)OCC(CCN1C=NC2=CN=C(N=C21)N)COC(=O)C
atenolol,1,CC(C)NCC(COC1=CC=C(C=C1)CC(=O)N)O
benzbromarone,1,CCC1=C(C2=CC=CC=C2O1)C(=O)C3=CC(=C(C(=C3)Br)O)Br
bromocriptine,1,CC(C)CC1C(=O)N2CCCC2C3(N1C(=O)C(O3)(C(C)C)NC(=O)C4CN(C5CC6=C(NC7=CC=CC(=C67)C5=C4)Br)C)O
busulfan,1,CS(=O)(=O)OCCCCOS(=O)(=O)C
chlorambucil,1,C1=CC(=CC=C1CCCC(=O)O)N(CCCl)CCCl
clozapine,1,CN1CCN(CC1)C2=NC3=C(C=CC(=C3)Cl)NC4=CC=CC=C42
dacarbazine,1,CN(C)N=NC1=C(NC=N1)C(=O)N
dapsone,1,C1=CC(=CC=C1N)S(=O)(=O)C2=CC=C(C=C2)N
digoxin,0,CC1C(C(CC(O1)OC2C(OC(CC2O)OC3C(OC(CC3O)OC4CCC5(C(C4)CCC6C5CC(C7(C6(CCC7C8=CC(=O)OC8)O)C)O)C)C)C)O)O
disulfiram,1,CCN(CC)C(=S)SSC(=S)N(CC)CC
enalapril,1,CCOC(=O)C(CCC1=CC=CC=C1)NC(C)C(=O)N2CCCC2C(=O)O
furosemide,0,C1=COC(=C1)CNC2=CC(=C(C=C2C(=O)O)S(=O)(=O)N)Cl
gabapentin,1,C1CCC(CC1)(CC(=O)O)CN
glibenclamide,1,COC1=C(C=C(C=C1)Cl)C(=O)NCCC2=CC=C(C=C2)S(=O)(=O)NC(=O)NC3CCCCC3
isoniazid,1,C1=CN=CC=C1C(=O)NN
lansoprazole,1,CC1=C(C=CN=C1CS(=O)C2=NC3=CC=CC=C3N2)OCC(F)(F)F
mebendazole,1,COC(=O)NC1=NC2=C(N1)C=C(C=C2)C(=O)C3=CC=CC=C3
metoprolol,1,CC(C)NCC(COC1=CC=C(C=C1)CCOC)O
naltrexone,0,C1CC1CN2CCC34C5C(=O)CCC3(C2CC6=C4C(=C(C=C6)O)O5)O
niacin,1,C1=CC(=CN=C1)C(=O)O
nifedipine,1,CC1=C(C(C(=C(N1)C)C(=O)OC)C2=CC=CC=C2[N+](=O)[O-])C(=O)OC
nimesulide,1,CS(=O)(=O)NC1=C(C=C(C=C1)[N+](=O)[O-])OC2=CC=CC=C2
nizatidine,1,CNC(=C[N+](=O)[O-])NCCSCC1=CSC(=N1)CN(C)C
dextrose,0,C(C1C(C(C(C(O1)O)O)O)O)O
sodium lactate,0,CC(C(=O)[O-])O.[Na+]
verapamil,1,CC(C)C(CCCN(C)CCC1=CC(=C(C=C1)OC)OC)(C#N)C2=CC(=C(C=C2)OC)OC
doxorubicin,1,CC1C(C(CC(O1)OC2CC(CC3=C2C(=C4C(=C3O)C(=O)C5=C(C4=O)C(=CC=C5)OC)O)(C(=O)CO)O)N)O
clorazepate,0,C1=CC=C(C=C1)C2=NC(C(=O)NC3=C2C=C(C=C3)Cl)C(=O)O
protirelin,0,C1CC(N(C1)C(=O)C(CC2=CN=CN2)NC(=O)C3CCC(=O)N3)C(=O)N
sincalide,0,CSCCC(C(=O)NCC(=O)NC(CC1=CNC2=CC=CC=C21)C(=O)NC(CCSC)C(=O)NC(CC(=O)O)C(=O)NC(CC3=CC=CC=C3)C(=O)N)NC(=O)C(CC4=CC=C(C=C4)OS(=O)(=O)O)NC(=O)C(CC(=O)O)N
secretin,0,CC(C)CC(C(=O)NC(C(C)C)C(=O)O)NC(=O)CNC(=O)C(CCC(=O)N)NC(=O)C(CC(C)C)NC(=O)C(CC(C)C)NC(=O)C(CCCNC(=N)N)NC(=O)C(CCC(=O)N)NC(=O)C(CC(C)C)NC(=O)C(CCCNC(=N)N)NC(=O)C(C)NC(=O)C(CO)NC(=O)C(CC(=O)O)NC(=O)C(CCCNC(=N)N)NC(=O)C(CC(C)C)NC(=O)C(CCCNC(=N)N)NC(=O)C(CO)NC(=O)C(CC(C)C)NC(=O)C(CCC(=O)O)NC(=O)C(CO)NC(=O)C(C(C)O)NC(=O)C(CC1=CC=CC=C1)NC(=O)C(C(C)O)NC(=O)CNC(=O)C(CC(=O)O)NC(=O)C(CO)NC(=O)C(CC2=NC=CN2)N
sucralfate,0,
cupric chloride,0,Cl[Cu]Cl
trientine hydrochloride,0,C(CNCCNCCN)N.Cl.Cl
chlorpropamide,1,CCCNC(=O)NS(=O)(=O)C1=CC=C(C=C1)Cl
cyclosporine,1,CCC1C(=O)N(CC(=O)N(C(C(=O)NC(C(=O)N(C(C(=O)NC(C(=O)NC(C(=O)N(C(C(=O)N(C(C(=O)N(C(C(=O)N(C(C(=O)N1)C(C(C)CC=CC)O)C)C(C)C)C)CC(C)C)C)CC(C)C)C)C)C)CC(C)C)C)C(C)C)CC(C)C)C)C
decitabine,0,C1C(C(OC1N2C=NC(=NC2=O)N)CO)O
deferoxamine,1,CC(=O)N(CCCCCNC(=O)CCC(=O)N(CCCCCNC(=O)CCC(=O)N(CCCCCN)O)O)O
doxycycline,1,CC1C2C(C3C(C(=O)C(=C(C3(C(=O)C2=C(C4=C1C=CC=C4O)O)O)O)C(=O)N)N(C)C)O
exemestane,1,CC12CCC3C(C1CCC2=O)CC(=C)C4=CC(=O)C=CC34C
felodipine,1,CCOC(=O)C1=C(NC(=C(C1C2=C(C(=CC=C2)Cl)Cl)C(=O)OC)C)C
fludrocortisone,0,CC12CCC(=O)C=C1CCC3C2(C(CC4(C3CCC4(C(=O)CO)O)C)O)F
fluphenazine,0,C1CN(CCN1CCCN2C3=CC=CC=C3SC4=C2C=C(C=C4)C(F)(F)F)CCO
gefitinib,1,COC1=C(C=C2C(=C1)N=CN=C2NC3=CC(=C(C=C3)F)Cl)OCCCN4CCOCC4
haloperidol,1,C1CN(CCC1(C2=CC=C(C=C2)Cl)O)CCCC(=O)C3=CC=C(C=C3)F
mesalazine,1,C1=CC(=C(C=C1N)C(=O)O)O
minocycline,1,CN(C)C1C2CC3CC4=C(C=CC(=C4C(=C3C(=O)C2(C(=C(C1=O)C(=O)N)O)O)O)O)N(C)C
ioversol,0,C(CO)N(C1=C(C(=C(C(=C1I)C(=O)NCC(CO)O)I)C(=O)NCC(CO)O)I)C(=O)CO
oxaprozin,1,C1=CC=C(C=C1)C2=C(OC(=N2)CCC(=O)O)C3=CC=CC=C3
paclitaxel,1,CC1=C2C(C(=O)C3(C(CC4C(C3C(C(C2(C)C)(CC1OC(=O)C(C(C5=CC=CC=C5)NC(=O)C6=CC=CC=C6)O)O)OC(=O)C7=CC=CC=C7)(CO4)OC(=O)C)O)C)OC(=O)C
phentolamine,0,CC1=CC=C(C=C1)N(CC2=NCCN2)C3=CC(=CC=C3)O
prazosin,0,COC1=C(C=C2C(=C1)C(=NC(=N2)N3CCN(CC3)C(=O)C4=CC=CO4)N)OC
prochlorperazine,1,CN1CCN(CC1)CCCN2C3=CC=CC=C3SC4=C2C=C(C=C4)Cl
corticorelin ovine triflutate,0,CCC(C)C(C(=O)NC(CO)C(=O)NC(CC(C)C)C(=O)NC(CC(=O)O)C(=O)NC(CC(C)C)C(=O)NC(C(C)O)C(=O)NC(CC1=CC=CC=C1)C(=O)NC(CC2=CN=CN2)C(=O)NC(CC(C)C)C(=O)NC(CC(C)C)C(=O)NC(CCCNC(=N)N)C(=O)NC(CCC(=O)O)C(=O)NC(C(C)C)C(=O)NC(CC(C)C)C(=O)NC(CCC(=O)O)C(=O)NC(CCSC)C(=O)NC(C(C)O)C(=O)NC(CCCCN)C(=O)NC(C)C(=O)NC(CC(=O)O)C(=O)NC(CCC(=O)N)C(=O)NC(CC(C)C)C(=O)NC(C)C(=O)NC(CCC(=O)N)C(=O)NC(CCC(=O)N)C(=O)NC(C)C(=O)NC(CC3=CN=CN3)C(=O)NC(CO)C(=O)NC(CC(=O)N)C(=O)NC(CCCNC(=N)N)C(=O)NC(CCCCN)C(=O)NC(CC(C)C)C(=O)NC(CC(C)C)C(=O)NC(CC(=O)O)C(=O)NC(C(C)CC)C(=O)NC(C)C(=O)N)NC(=O)C4CCCN4C(=O)C5CCCN5C(=O)C(CCC(=O)O)NC(=O)C(CCC(=O)N)NC(=O)C(CO)N
sodium thiosulfate,0,[O-]S(=O)(=S)[O-].[Na+].[Na+]
sirolimus,1,CC1CCC2CC(C(=CC=CC=CC(CC(C(=O)C(C(C(=CC(C(=O)CC(OC(=O)C3CCCCN3C(=O)C(=O)C1(O2)O)C(C)CC4CCC(C(C4)OC)O)C)C)O)OC)C)C)C)OC
tacrolimus,1,CC1CC(C2C(CC(C(O2)(C(=O)C(=O)N3CCCCC3C(=O)OC(C(C(CC(=O)C(C=C(C1)C)CC=C)O)C)C(=CC4CCC(C(C4)OC)O)C)O)C)OC)OC
thalidomide,1,C1CC(=O)NC(=O)C1N2C(=O)C3=CC=CC=C3C2=O
thioridazine,1,CN1CCCCC1CCN2C3=CC=CC=C3SC4=C2C=C(C=C4)SC
thioguanine,1,C1=NC2=C(N1)C(=S)N=C(N2)N
tolbutamide,0,CCCCNC(=O)NS(=O)(=O)C1=CC=C(C=C1)C
topiramate,1,CC1(OC2COC3(C(C2O1)OC(O3)(C)C)COS(=O)(=O)N)C
trifluoperazine,0,CN1CCN(CC1)CCCN2C3=CC=CC=C3SC4=C2C=C(C=C4)C(F)(F)F
triptorelin pamoate,1,CC(C)CC(C(=O)NC(CCCN=C(N)N)C(=O)N1CCCC1C(=O)NCC(=O)N)NC(=O)C(CC2=CNC3=CC=CC=C32)NC(=O)C(CC4=CC=C(C=C4)O)NC(=O)C(CO)NC(=O)C(CC5=CNC6=CC=CC=C65)NC(=O)C(CC7=CN=CN7)NC(=O)C8CCC(=O)N8.C1=CC=C2C(=C1)C=C(C(=C2CC3=C(C(=CC4=CC=CC=C43)C(=O)O)O)O)C(=O)O
alatrofloxacin mesylate,1,CC(C(=O)NC(C)C(=O)NC1C2C1CN(C2)C3=C(C=C4C(=O)C(=CN(C4=N3)C5=C(C=C(C=C5)F)F)C(=O)O)F)N.CS(=O)(=O)O
vorinostat,0,C1=CC=C(C=C1)NC(=O)CCCCCCC(=O)NO
nesiritide,0,CCC(C)C1C(=O)NC(C(=O)NC(C(=O)NC(C(=O)NC(C(=O)NCC(=O)NC(C(=O)NCC(=O)NC(CSSCC(C(=O)NC(C(=O)NCC(=O)NC(C(=O)NC(C(=O)NC(C(=O)NC(C(=O)NC(C(=O)N1)CCCNC(=N)N)CC(=O)O)CCSC)CCCCN)CCCNC(=N)N)CC2=CC=CC=C2)NC(=O)CNC(=O)C(CO)NC(=O)CNC(=O)C(CCC(=O)N)NC(=O)C(C(C)C)NC(=O)C(CCSC)NC(=O)C(CCCCN)NC(=O)C3CCCN3C(=O)C(CO)N)C(=O)NC(CCCCN)C(=O)NC(C(C)C)C(=O)NC(CC(C)C)C(=O)NC(CCCNC(=N)N)C(=O)NC(CCCNC(=N)N)C(=O)NC(CC4=CNC=N4)C(=O)O)CC(C)C)CO)CO)CO)CO
ganirelix acetate,0,CCNC(=NCCCCC(C(=O)NC(CC(C)C)C(=O)NC(CCCCN=C(NCC)NCC)C(=O)N1CCCC1C(=O)NC(C)C(=O)N)NC(=O)C(CC2=CC=C(C=C2)O)NC(=O)C(CO)NC(=O)C(CC3=CN=CC=C3)NC(=O)C(CC4=CC=C(C=C4)Cl)NC(=O)C(CC5=CC6=CC=CC=C6C=C5)NC(=O)C)NCC.CC(=O)O.CC(=O)O
gemtuzumab ozogamicin,1,
methylprednisolone,1,CC1CC2C3CCC(C3(CC(C2C4(C1=CC(=O)C=C4)C)O)C)(C(=O)CO)O
gamma hydroxybutyric acid,0,C(CC(=O)O)CO
tegaserod,0,CCCCCN=C(N)NN=CC1=CNC2=C1C=C(C=C2)OC
penicillamine,1,CC(C)(C(C(=O)O)N)S
pramlintide,0,CCC(C)C(C(=O)NC(CC(C)C)C(=O)N1CCCC1C(=O)N2CCCC2C(=O)NC(C(C)O)C(=O)NC(CC(=O)N)C(=O)NC(C(C)C)C(=O)NCC(=O)NC(CO)C(=O)NC(CC(=O)N)C(=O)NC(C(C)O)C(=O)NC(CC3=CC=C(C=C3)O)C(=O)N)NC(=O)C4CCCN4C(=O)CNC(=O)C(CC5=CC=CC=C5)NC(=O)C(CC(=O)N)NC(=O)C(CC(=O)N)NC(=O)C(CO)NC(=O)C(CO)NC(=O)C(CC6=CNC=N6)NC(=O)C(C(C)C)NC(=O)C(CC(C)C)NC(=O)C(CC7=CC=CC=C7)NC(=O)C(CC(=O)N)NC(=O)C(C)NC(=O)C(CC(C)C)NC(=O)C(CCCNC(=N)N)NC(=O)C(CCC(=O)N)NC(=O)C(C(C)O)NC(=O)C(C)NC(=O)C8CSSCC(C(=O)NC(C(=O)NC(C(=O)NC(C(=O)NC(C(=O)N8)C(C)O)C)C(C)O)CC(=O)N)NC(=O)C(CCCCN)N
lanthanum carbonate,0,C(=O)([O-])[O-].C(=O)([O-])[O-].C(=O)([O-])[O-].[La+3].[La+3]
acetazolamide,1,CC(=O)NC1=NN=C(S1)S(=O)(=O)N
albendazole,1,CCCSC1=CC2=C(C=C1)N=C(N2)NC(=O)OC
alprazolam,1,CC1=NN=C2N1C3=C(C=C(C=C3)Cl)C(=NC2)C4=CC=CC=C4
altretamine,0,CN(C)C1=NC(=NC(=N1)N(C)C)N(C)C
amantadine,0,C1C2CC3CC1CC(C2)(C3)N
4-aminosalicylic acid,1,C1=CC(=C(C=C1N)O)C(=O)O
amoxicillin,1,CC1(C(N2C(S1)C(C2=O)NC(=O)C(C3=CC=C(C=C3)O)N)C(=O)O)C
atropine,0,CN1C2CCC1CC(C2)OC(=O)C(CO)C3=CC=CC=C3
benoxaprofen,1,CC(C1=CC2=C(C=C1)OC(=N2)C3=CC=C(C=C3)Cl)C(=O)O
emtricitabine,0,C1C(OC(S1)CO)N2C=C(C(=NC2=O)N)F
trospium,0,C1CC[N+]2(C1)C3CCC2CC(C3)OC(=O)C(C4=CC=CC=C4)(C5=CC=CC=C5)O
bromfenac,1,C1=CC(=C(C(=C1)C(=O)C2=CC=C(C=C2)Br)N)CC(=O)O
gadofosveset trisodium,0,C1CC(CCC1OP(=O)([O-])OCC(CN(CCN(CC(=O)[O-])CC(=O)[O-])CC(=O)[O-])N(CC(=O)[O-])CC(=O)[O-])(C2=CC=CC=C2)C3=CC=CC=C3.[Na+].[Na+].[Na+].[Gd+3]
clonazepam,1,C1C(=O)NC2=C(C=C(C=C2)[N+](=O)[O-])C(=N1)C3=CC=CC=C3Cl
exenatide,0,CCC(C)C(C(=O)NC(CCC(=O)O)C(=O)NC(CC1=CNC2=CC=CC=C21)C(=O)NC(CC(C)C)C(=O)NC(CCCCN)C(=O)NC(CC(=O)N)C(=O)NCC(=O)NCC(=O)N3CCCC3C(=O)NC(CO)C(=O)NC(CO)C(=O)NCC(=O)NC(C)C(=O)N4CCCC4C(=O)N5CCCC5C(=O)N6CCCC6C(=O)NC(CO)C(=O)N)NC(=O)C(CC7=CC=CC=C7)NC(=O)C(CC(C)C)NC(=O)C(CCCNC(=N)N)NC(=O)C(C(C)C)NC(=O)C(C)NC(=O)C(CCC(=O)O)NC(=O)C(CCC(=O)O)NC(=O)C(CCC(=O)O)NC(=O)C(CCSC)NC(=O)C(CCC(=O)N)NC(=O)C(CCCCN)NC(=O)C(CO)NC(=O)C(CC(C)C)NC(=O)C(CC(=O)O)NC(=O)C(CO)NC(=O)C(C(C)O)NC(=O)C(CC8=CC=CC=C8)NC(=O)C(C(C)O)NC(=O)CNC(=O)C(CCC(=O)O)NC(=O)CNC(=O)C(CC9=CNC=N9)N
entecavir,0,C=C1C(CC(C1CO)O)N2C=NC3=C2N=C(NC3=O)N
danazol,1,CC12CCC3C(C1CCC2(C#C)O)CCC4=CC5=C(CC34C)C=NO5
daunorubicin,0,CC1C(C(CC(O1)OC2CC(CC3=C2C(=C4C(=C3O)C(=O)C5=C(C4=O)C(=CC=C5)OC)O)(C(=O)C)O)N)O
dimenhydrinate,0,CN1C2=C(C(=O)N(C1=O)C)NC(=N2)Cl.CN(C)CCOC(C1=CC=CC=C1)C2=CC=CC=C2
doxapram,0,CCN1CC(C(C1=O)(C2=CC=CC=C2)C3=CC=CC=C3)CCN4CCOCC4
febuxostat,1,CC1=C(SC(=N1)C2=CC(=C(C=C2)OCC(C)C)C#N)C(=O)O
granisetron,0,CN1C2CCCC1CC(C2)NC(=O)C3=NN(C4=CC=CC=C43)C
griseofulvin,1,CC1CC(=O)C=C(C12C(=O)C3=C(O2)C(=C(C=C3OC)OC)Cl)OC
hydralazine,1,C1=CC=C2C(=C1)C=NN=C2NN
ibufenac,1,CC(C)CC1=CC=C(C=C1)CC(=O)O
ifosfamide,1,C1CN(P(=O)(OC1)NCCCl)CCCl
deferasirox,1,C1=CC=C(C(=C1)C2=NN(C(=N2)C3=CC=CC=C3O)C4=CC=C(C=C4)C(=O)O)O
sunitinib,1,CCN(CC)CCNC(=O)C1=C(NC(=C1C)C=C2C3=C(C=CC(=C3)F)NC2=O)C
ivermectin,1,
lamivudine,1,C1C(OC(S1)CO)N2C=CC(=NC2=O)N
methylnaltrexone bromide,0,C[N+]1(CCC23C4C(=O)CCC2(C1CC5=C3C(=C(C=C5)O)O4)O)CC6CC6.[Br-]
letrozole,1,C1=CC(=CC=C1C#N)C(C2=CC=C(C=C2)C#N)N3C=NC=N3
desvenlafaxine,1,CN(C)CC(C1=CC=C(C=C1)O)C2(CCCCC2)O
lomefloxacin,0,CCN1C=C(C(=O)C2=CC(=C(C(=C21)F)N3CCNC(C3)C)F)C(=O)O
lomustine,1,C1CCC(CC1)NC(=O)N(CCCl)N=O
lovastatin,1,CCC(C)C(=O)OC1CC(C=C2C1C(C(C=C2)C)CCC3CC(CC(=O)O3)O)C
telbivudine,0,CC1=CN(C(=O)NC1=O)C2CC(C(O2)CO)O
methimazole,1,CN1C=CNC1=S
methocarbamol,0,COC1=CC=CC=C1OCC(COC(=O)N)O
metronidazole,1,CC1=NC=C(N1CCO)[N+](=O)[O-]
minoxidil,0,C1CCN(CC1)C2=NC(=N)N(C(=C2)N)O
mitomycin,1,CC1=C(C(=O)C2=C(C1=O)N3CC4C(C3(C2COC(=O)N)OC)N4)N
modafinil,1,C1=CC=C(C=C1)C(C2=CC=CC=C2)S(=O)CC(=O)N
fesoterodine,0,CC(C)C(=O)OC1=C(C=C(C=C1)CO)C(CCN(C(C)C)C(C)C)C2=CC=CC=C2
naloxone,0,C=CCN1CCC23C4C(=O)CCC2(C1CC5=C3C(=C(C=C5)O)O4)O
naproxen,1,CC(C1=CC2=C(C=C1)C=C(C=C2)OC)C(=O)O
nateglinide,0,CC(C)C1CCC(CC1)C(=O)NC(CC2=CC=CC=C2)C(=O)O
neomycin,0,C1C(C(C(C(C1N)OC2C(C(C(C(O2)CN)O)O)N)OC3C(C(C(O3)CO)OC4C(C(C(C(O4)CN)O)O)N)O)O)N
levocetirizine dihydrochloride,1,C1CN(CCN1CCOCC(=O)O)C(C2=CC=CC=C2)C3=CC=C(C=C3)Cl.Cl.Cl
nystatin,0,CC1C=CC=CCCC=CC=CC=CC=CC(CC2C(C(CC(O2)(CC(C(CCC(CC(CC(CC(=O)OC(C(C1O)C)C)O)O)O)O)O)O)O)C(=O)O)OC3C(C(C(C(O3)C)O)N)O
oxytetracycline,0,CC1(C2C(C3C(C(=O)C(=C(C3(C(=O)C2=C(C4=C1C=CC=C4O)O)O)O)C(=O)N)N(C)C)O)O
pantoprazole,1,COC1=C(C(=NC=C1)CS(=O)C2=NC3=C(N2)C=C(C=C3)OC(F)F)OC
prednisolone,1,CC12CC(C3C(C1CCC2(C(=O)CO)O)CCC4=CC(=O)C=CC34C)O
primaquine,0,CC(CCCN)NC1=C2C(=CC(=C1)OC)C=CC=N2
procarbazine,1,CC(C)NC(=O)C1=CC=C(C=C1)CNNC
ambrisentan,0,CC1=CC(=NC(=N1)OC(C(=O)O)C(C2=CC=CC=C2)(C3=CC=CC=C3)OC)C
secobarbital,0,CCCC(C)C1(C(=O)NC(=O)NC1=O)CC=C
sertraline,1,CNC1CCC(C2=CC=CC=C12)C3=CC(=C(C=C3)Cl)Cl
sotalol,0,CC(C)NCC(C1=CC=C(C=C1)NS(=O)(=O)C)O
sulfathiazole,1,C1=CC(=CC=C1N)S(=O)(=O)NC2=NC=CS2
terbinafine,1,CC(C)(C)C#CC=CCN(C)CC1=CC=CC2=CC=CC=C21
thiabendazole,1,C1=CC=C2C(=C1)NC(=N2)C3=CSC=N3
ticrynafen,1,C1=CSC(=C1)C(=O)C2=C(C(=C(C=C2)OCC(=O)O)Cl)Cl
tinidazole,1,CCS(=O)(=O)CCN1C(=NC=C1[N+](=O)[O-])C
maraviroc,1,CC1=NN=C(N1C2CC3CCC(C2)N3CCC(C4=CC=CC=C4)NC(=O)C5CCC(CC5)(F)F)C(C)C
raltegravir,1,CC1=NN=C(O1)C(=O)NC(C)(C)C2=NC(=C(C(=O)N2C)O)C(=O)NCC3=CC=C(C=C3)F
clevidipine,0,CCCC(=O)OCOC(=O)C1=C(NC(=C(C1C2=C(C(=CC=C2)Cl)Cl)C(=O)OC)C)C
trovafloxacin,1,C1C2C(C2N)CN1C3=C(C=C4C(=O)C(=CN(C4=N3)C5=C(C=C(C=C5)F)F)C(=O)O)F
regadenoson,0,CNC(=O)C1=CN(N=C1)C2=NC(=C3C(=N2)N(C=N3)C4C(C(C(O4)CO)O)O)N
warfarin,1,CC(=O)CC(C1=CC=CC=C1)C2=C(C3=CC=CC=C3OC2=O)O
zaleplon,0,CCN(C1=CC=CC(=C1)C2=CC=NC3=C(C=NN23)C#N)C(=O)C
zileuton,1,CC(C1=CC2=CC=CC=C2S1)N(C(=O)N)O
ferumoxytol,0,[O-2].[O-2].[O-2].[O-2].[Fe+2].[Fe+3].[Fe+3]
etravirine,1,CC1=CC(=CC(=C1OC2=NC(=NC(=C2Br)N)NC3=CC=C(C=C3)C#N)C)C#N
silodosin,0,CC(CC1=CC2=C(C(=C1)C(=O)N)N(CC2)CCCO)NCCOC3=CC=CC=C3OCC(F)(F)F
fospropofol,1,CC(C)C1=C(C(=CC=C1)C(C)C)OCOP(=O)(O)O
bendamustine,0,CN1C2=C(C=C(C=C2)N(CCCl)CCCl)N=C1CCCC(=O)O
tolvaptan,1,CC1=CC=CC=C1C(=O)NC2=CC(=C(C=C2)C(=O)N3CCCC(C4=C3C=CC(=C4)Cl)O)C
eltrombopag olamine,1,CC1=C(C=C(C=C1)N2C(=O)C(=C(N2)C)N=NC3=CC=CC(=C3O)C4=CC(=CC=C4)C(=O)O)C.C(CO)N.C(CO)N
tapentadol,0,CCC(C1=CC(=CC=C1)O)C(C)CN(C)C
prasugrel hydrochloride,1,CC(=O)OC1=CC2=C(S1)CCN(C2)C(C3=CC=CC=C3F)C(=O)C4CC4.Cl
saxagliptin,0,C1C2CC2N(C1C#N)C(=O)C(C34CC5CC(C3)CC(C5)(C4)O)N
romidepsin,0,CC=C1C(=O)NC(C(=O)OC2CC(=O)NC(C(=O)NC(CSSCCC=C2)C(=O)N1)C(C)C)C(C)C
dronedarone,1,CCCCC1=C(C2=C(O1)C=CC(=C2)NS(=O)(=O)C)C(=O)C3=CC=C(C=C3)OCCCN(CCCC)CCCC
pazopanib,1,CC1=C(C=C(C=C1)NC2=NC=CC(=N2)N(C)C3=CC4=NN(C(=C4C=C3)C)C)S(=O)(=O)N
pancrelipase,0,
dexchlorpheniramine,0,CN(C)CCC(C1=CC=C(C=C1)Cl)C2=CC=CC=N2
ecallantide,0,CCC(C)C1C(=O)NC(C(=O)NCC(=O)NCC(=O)NC2CSSCC3C(=O)NC(C(=O)NC(C(=O)NC(C(=O)NC(C(=O)N4CCCC4C(=O)NC(C(=O)NC(C(=O)NC(C(=O)NC(C(=O)NC(C(=O)NC(C(=O)NC(C(=O)NC(C(=O)NC(C(=O)NC(C(=O)NC(CSSCC(C(=O)NC(C(=O)NC(C(=O)NC(C(=O)NC(CSSCC(C(=O)NC(C(=O)NC(C(=O)NC(C(=O)NC(C(=O)NC(C(=O)NC(C(=O)NCC(=O)N5CCCC5C(=O)N3)CC(=O)O)CC(=O)O)C)CCCCN)CC6=CC=CC=C6)C)NC(=O)C(CC7=CC=CC=C7)NC(=O)C(CO)NC(=O)C(CC8=CN=CN8)NC(=O)C(CCSC)NC(=O)C(C)NC(=O)C(CCC(=O)O)N)C(=O)NC(C(C)O)C(=O)NC(CCCNC(=N)N)C(=O)NC(CC(=O)O)C(=O)O)CCSC)CCCCN)CCCCN)NC(=O)C(NC(=O)C(NC(=O)C(NC(=O)C(NC(=O)C(NC(=O)C(NC(=O)C(NC(=O)C(NC(=O)C(NC(=O)C(NC(=O)CNC(=O)C(NC2=O)CCC(=O)O)CC(=O)N)CCC(=O)N)CC(=O)N)CCCNC(=N)N)CC9=CC=CC=C9)CCC(=O)O)CO)CC(C)C)CCC(=O)O)CCC(=O)O)C(=O)NC(C(=O)NC(C(=O)NC(C(=O)N1)CC1=CC=CC=C1)CCC(=O)O)CCC(=O)O)CCC(=O)N)CCCNC(=N)N)C(C)O)CC1=CC=CC=C1)C(C)CC)CC(=O)N)CC1=CC=CC=C1)CC1=CC=CC=C1)CC1=CNC2=CC=CC=C21)CCCNC(=N)N)CC1=CN=CN1)C)C)CCCNC(=N)N)CC1=CC=C(C=C1)O
divalproex sodium,1,CCCC(CCC)C(=O)O.CCCC(CCC)C(=O)[O-].[Na+]
lumiracoxib,1,CC1=CC(=C(C=C1)NC2=C(C=CC=C2Cl)F)CC(=O)O
tasosartan,1,CC1=C2CCC(=O)N(C2=NC(=N1)C)CC3=CC=C(C=C3)C4=CC=CC=C4C5=NNN=N5
oxyphenisatin,1,C1=CC=C2C(=C1)C(C(=O)N2)(C3=CC=C(C=C3)O)C4=CC=C(C=C4)O
tilbroquinol,1,CC1=CC(=C(C2=C1C=CC=N2)O)Br
alclofenac,1,C=CCOC1=C(C=C(C=C1)CC(=O)O)Cl
aplaviroc ,1,CCCCN1C(=O)C(NC(=O)C12CCN(CC2)CC3=CC=C(C=C3)OC4=CC=C(C=C4)C(=O)O)C(C5CCCCC5)O
clomacran,1,CN(C)CCCC1C2=CC=CC=C2NC3=C1C=C(C=C3)Cl
dermatan,1,
isaxonine,1,CC(C)NC1=NC=CC=N1
pipamazine,1,C1CN(CCC1C(=O)N)CCCN2C3=CC=CC=C3SC4=C2C=C(C=C4)Cl
pralnacasan ,1,CCOC1C(CC(=O)O1)NC(=O)C2CCCN3N2C(=O)C(CCC3=O)NC(=O)C4=NC=CC5=CC=CC=C54
sulfacarbamide,1,C1=CC(=CC=C1N)S(=O)(=O)NC(=O)N
triacetyldiphenolisatin,1,CC(=O)N1C2=CC=CC=C2C(C1=O)(C3=CC=C(C=C3)OC(=O)C)C4=CC=C(C=C4)OC(=O)C
fiduxosin ,1,COC1=CC=CC2=C1C3CN(CC3CO2)CCCCN4C(=O)C5=C(C6=NC(=CN=C6S5)C7=CC=CC=C7)NC4=O
pafuramidine ,1,CON=C(C1=CC=C(C=C1)C2=CC=C(O2)C3=CC=C(C=C3)C(=NOC)N)N
phenoxypropazine,1,CC(COC1=CC=CC=C1)NN
histamine diphosphate,0,C1=C(NC=N1)CCN.OP(=O)(O)O.OP(=O)(O)O
aminophylline,0,CN1C2=C(C(=O)N(C1=O)C)NC=N2.CN1C2=C(C(=O)N(C1=O)C)NC=N2.C(CN)N
meperidine,0,CCOC(=O)C1(CCN(CC1)C)C2=CC=CC=C2
methamphetamine,0,CC(CC1=CC=CC=C1)NC
methadone,0,CCC(=O)C(CC(C)N(C)C)(C1=CC=CC=C1)C2=CC=CC=C2
hyaluronidase,0,
doxylamine,0,CC(C1=CC=CC=C1)(C2=CC=CC=N2)OCCN(C)C
protamine sulfate,0,
bethanechol,0,CC(C[N+](C)(C)C)OC(=O)N
cortisone acetate,0,CC(=O)OCC(=O)C1(CCC2C1(CC(=O)C3C2CCC4=CC(=O)CCC34C)C)O
dicyclomine,0,CCN(CC)CCOC(=O)C1(CCCCC1)C2CCCCC2
norepinephrine,0,C1=CC(=C(C=C1C(CN)O)O)O
dyphylline,0,CN1C2=C(C(=O)N(C1=O)C)N(C=N2)CC(CO)O
epinephrine,0,CNCC(C1=CC(=C(C=C1)O)O)O
succinylcholine,0,C[N+](C)(C)CCOC(=O)CCC(=O)OCC[N+](C)(C)C
thyrotropin alfa,0,
levorphanol,0,CN1CCC23CCCCC2C1CC4=C3C=C(C=C4)O
propantheline,0,CC(C)[N+](C)(CCOC(=O)C1C2=CC=CC=C2OC3=CC=CC=C13)C(C)C
carbinoxamine,0,CN(C)CCOC(C1=CC=C(C=C1)Cl)C2=CC=CC=N2
diatrizoate,0,CC(=O)NC1=C(C(=C(C(=C1I)C(=O)O)I)NC(=O)C)I
phytonadione,0,CC1=C(C(=O)C2=CC=CC=C2C1=O)CC=C(C)CCCC(C)CCCC(C)CCCC(C)C
mecamylamine,0,CC1(C2CCC(C2)C1(C)NC)C
liothyronine,0,C1=CC(=C(C=C1OC2=C(C=C(C=C2I)CC(C(=O)O)N)I)I)O
methsuximide,0,CC1(CC(=O)N(C1=O)C)C2=CC=CC=C2
mepenzolate,0,C[N+]1(CCCC(C1)OC(=O)C(C2=CC=CC=C2)(C3=CC=CC=C3)O)C
meclizine,0,CC1=CC(=CC=C1)CN2CCN(CC2)C(C3=CC=CC=C3)C4=CC=C(C=C4)Cl
triprolidine,0,CC1=CC=C(C=C1)C(=CCN2CCCC2)C3=CC=CC=N3
benzonatate,1,CCCCNC1=CC=C(C=C1)C(=O)OCCOCCOCCOCCOCCOCCOCCOCCOCCOC
Sodium polystyrene sulfonate,0,
dichlorphenamide,0,C1=C(C=C(C(=C1S(=O)(=O)N)Cl)Cl)S(=O)(=O)N
phentermine,1,CC(C)(CC1=CC=CC=C1)N
diethylpropion,0,CCN(CC)C(C)C(=O)C1=CC=CC=C1
oxymorphone,0,CN1CCC23C4C(=O)CCC2(C1CC5=C3C(=C(C=C5)O)O4)O
dexbrompheniramine,0,CN(C)CCC(C1=CC=C(C=C1)Br)C2=CC=CC=N2
biperiden,0,C1CCN(CC1)CCC(C2CC3CC2C=C3)(C4=CC=CC=C4)O
isosorbide dinitrate,0,C1C(C2C(O1)C(CO2)O[N+](=O)[O-])O[N+](=O)[O-]
mepivacaine,0,CC1=C(C(=CC=C1)C)NC(=O)C2CCCCN2C
bendroflumethiazide,1,C1=CC=C(C=C1)CC2NC3=C(C=C(C(=C3)C(F)(F)F)S(=O)(=O)N)S(=O)(=O)N2
phendimetrazine,0,CC1C(OCCN1C)C2=CC=CC=C2
oxytocin,0,CCC(C)C1C(=O)NC(C(=O)NC(C(=O)NC(CSSCC(C(=O)NC(C(=O)N1)CC2=CC=C(C=C2)O)N)C(=O)N3CCCC3C(=O)NC(CC(C)C)C(=O)NCC(=O)N)CC(=O)N)CCC(=O)N
guanethidine,0,C1CCCN(CCC1)CCN=C(N)N
ethosuximide,0,CCC1(CC(=O)NC1=O)C
benzphetamine,0,CC(CC1=CC=CC=C1)N(C)CC2=CC=CC=C2
glycopyrrolate,0,C[N+]1(CCC(C1)OC(=O)C(C2CCCC2)(C3=CC=CC=C3)O)C.[Br-]
metyrapone,0,CC(C)(C1=CN=CC=C1)C(=O)C2=CN=CC=C2
metaxalone,1,CC1=CC(=CC(=C1)OCC2CNC(=O)O2)C
oxandrolone,1,CC12CCC3C(C1CCC2(C)O)CCC4C3(COC(=O)C4)C
oxazepam,0,C1=CC=C(C=C1)C2=NC(C(=O)NC3=C2C=C(C=C3)Cl)O
protriptyline,0,CNCCCC1C2=CC=CC=C2C=CC3=CC=CC=C13
cosyntropin,0,CC(C)C(C(=O)NCC(=O)NC(CCCCN)C(=O)NC(CCCCN)C(=O)NC(CCCNC(=N)N)C(=O)NC(CCCNC(=N)N)C(=O)N1CCCC1C(=O)NC(C(C)C)C(=O)NC(CCCCN)C(=O)NC(C(C)C)C(=O)NC(CC2=CC=C(C=C2)O)C(=O)N3CCCC3C(=O)O)NC(=O)C4CCCN4C(=O)C(CCCCN)NC(=O)CNC(=O)C(CC5=CNC6=CC=CC=C65)NC(=O)C(CCCNC(=N)N)NC(=O)C(CC7=CC=CC=C7)NC(=O)C(CC8=CNC=N8)NC(=O)C(CCC(=O)O)NC(=O)C(CCSC)NC(=O)C(CO)NC(=O)C(CC9=CC=C(C=C9)O)NC(=O)C(CO)N
flavoxate,0,CC1=C(OC2=C(C1=O)C=CC=C2C(=O)OCCN3CCCCC3)C4=CC=CC=C4
ketamine,1,CNC1(CCCCC1=O)C2=CC=CC=C2Cl
pancuronium,0,CC(=O)OC1CC2CCC3C(C2(CC1[N+]4(CCCCC4)C)C)CCC5(C3CC(C5OC(=O)C)[N+]6(CCCCC6)C)C
pentagastrin,0,CC(C)(C)OC(=O)NCCC(=O)NC(CC1=CNC2=CC=CC=C21)C(=O)NC(CCSC)C(=O)NC(CC(=O)O)C(=O)NC(CC3=CC=CC=C3)C(=O)N
dextroamphetamine,0,CC(CC1=CC=CC=C1)N
terbutaline,1,CC(C)(C)NCC(C1=CC(=CC(=C1)O)O)O
calcitonin salmon,0,CC(C)CC1C(=O)NC(C(=O)NC(C(=O)NC(CSSCC(C(=O)NC(C(=O)NC(C(=O)N1)CC(=O)N)CO)N)C(=O)NC(C(C)C)C(=O)NC(CC(C)C)C(=O)NCC(=O)NC(CCCCN)C(=O)NC(CC(C)C)C(=O)NC(CO)C(=O)NC(CCC(=O)N)C(=O)NC(CCC(=O)O)C(=O)NC(CC(C)C)C(=O)NC(CC2=CN=CN2)C(=O)NC(CCCCN)C(=O)NC(CC(C)C)C(=O)NC(CCC(=O)N)C(=O)NC(C(C)O)C(=O)NC(CC3=CC=C(C=C3)O)C(=O)N4CCCC4C(=O)NC(CCCNC(=N)N)C(=O)NC(C(C)O)C(=O)NC(CC(=O)N)C(=O)NC(C(C)O)C(=O)NCC(=O)NC(CO)C(=O)NCC(=O)NC(C(C)O)C(=O)N5CCCC5C(=O)N)C(C)O)CO
pentetic acid,0,C(CN(CC(=O)O)CC(=O)O)N(CCN(CC(=O)O)CC(=O)O)CC(=O)O
lactulose,0,C(C1C(C(C(C(O1)OC2C(OC(C2O)(CO)O)CO)O)O)O)O
somatropin recombinant,0,CCC(C)C(C(=O)NC(CC1=CC=CC=C1)C(=O)NC(C(C)O)C(=O)NC(CO)C(=O)NC(CO)C(=O)NC(CC2=CC=C(C=C2)O)C(=O)NC(CCCNC(=N)N)C(=O)NC(CCCNC(=N)N)C(=O)NC(C(C)CC)C(=O)NC(CC(C)C)C(=O)NCC(=O)NC(CCC(=O)N)C(=O)NC(CC(C)C)C(=O)NC(CC3=CC=C(C=C3)O)C(=O)NC(C)C(=O)NC(CCCNC(=N)N)C(=O)NC(CCCCN)C(=O)NC(CC(C)C)C(=O)NC(CC(C)C)C(=O)NC(CC4=CN=CN4)C(=O)NC(CCC(=O)O)C(=O)NC(C(C)CC)C(=O)NC(CCSC)C(=O)NC(CC(=O)O)C(=O)NC(CCCNC(=N)N)C(=O)NC(CCC(=O)N)C(=O)NC(CCC(=O)N)C(=O)NCC(=O)NC(CCC(=O)O)C(=O)NC(CCCNC(=N)N)C(=O)NC(CC(=O)N)C(=O)NC(CCC(=O)N)C(=O)NC(CCC(=O)O)C(=O)NC(CCC(=O)N)C(=O)NC(CCCNC(=N)N)C(=O)NC(CO)C(=O)NC(CCCNC(=N)N)C(=O)NC(CC5=CC=CC=C5)C(=O)NC(CC(=O)N)C(=O)O)NC(=O)C(C)NC(=O)C(CC(=O)O)NC(=O)C(C)NC(=O)C(CC6=CN=CN6)N
fluorescein,0,C1=CC=C2C(=C1)C(=O)OC23C4=C(C=C(C=C4)O)OC5=C3C=CC(=C5)O
metyrosine,0,CC(CC1=CC=C(C=C1)O)(C(=O)O)N
carboprost tromethamine,0,CCCCCC(C)(C=CC1C(CC(C1CC=CCCCC(=O)O)O)O)O.C(C(CO)(CO)N)O
calcitriol,0,CC(CCCC(C)(C)O)C1CCC2C1(CCCC2=CC=C3CC(CC(C3=C)O)O)C
morphine,0,CN1CCC23C4C1CC5=C2C(=C(C=C5)O)OC3C(C=C4)O
nabilone,0,CCCCCCC(C)(C)C1=CC(=C2C3CC(=O)CCC3C(OC2=C1)(C)C)O
vecuronium,0,CC(=O)OC1CC2CCC3C(C2(CC1N4CCCCC4)C)CCC5(C3CC(C5OC(=O)C)[N+]6(CCCCC6)C)C
atracurium,0,C[N+]1(CCC2=CC(=C(C=C2C1CC3=CC(=C(C=C3)OC)OC)OC)OC)CCC(=O)OCCCCCOC(=O)CC[N+]4(CCC5=CC(=C(C=C5C4CC6=CC(=C(C=C6)OC)OC)OC)OC)C
hydromorphone,0,CN1CCC23C4C1CC5=C2C(=C(C=C5)O)OC3C(=O)CC4
sufentanil,0,CCC(=O)N(C1=CC=CC=C1)C2(CCN(CC2)CCC3=CC=CS3)COC
tranexamic acid,0,C1CC(CCC1CN)C(=O)O
alfentanil,0,CCC(=O)N(C1=CC=CC=C1)C2(CCN(CC2)CCN3C(=O)N(N=N3)CC)COC
ethanolamine oleate,0,CCCCCCCCC=CCCCCCCCC(=O)O.C(CO)N
rubidium chloride rb-82,0,[Cl-].[Rb+]
urofollitropin,0,CCC(C)C1C(=O)NC(C(=O)NC(C(=O)NC(CSSCC(C(=O)NC(C(=O)N1)CC2=CC=C(C=C2)O)N)C(=O)N3CCCC3C(=O)NC(CC(C)C)C(=O)NCC(=O)N)CC(=O)N)C(C)O
teriparatide,0,CCC(C)C(C(=O)NC(CCC(=O)N)C(=O)NC(CC(C)C)C(=O)NC(CCSC)C(=O)NC(CC1=CNC=N1)C(=O)NC(CC(=O)N)C(=O)NC(CC(C)C)C(=O)NCC(=O)NC(CCCCN)C(=O)NC(CC2=CNC=N2)C(=O)NC(CC(C)C)C(=O)NC(CC(=O)N)C(=O)NC(CO)C(=O)NC(CCSC)C(=O)NC(CCC(=O)O)C(=O)NC(CCCNC(=N)N)C(=O)NC(C(C)C)C(=O)NC(CCC(=O)O)C(=O)NC(CC3=CNC4=CC=CC=C43)C(=O)NC(CC(C)C)C(=O)NC(CCCNC(=N)N)C(=O)NC(CCCCN)C(=O)NC(CCCCN)C(=O)NC(CC(C)C)C(=O)NC(CCC(=O)N)C(=O)NC(CC(=O)O)C(=O)NC(C(C)C)C(=O)NC(CC5=CNC=N5)C(=O)NC(CC(=O)N)C(=O)NC(CC6=CC=CC=C6)C(=O)O)NC(=O)C(CCC(=O)O)NC(=O)C(CO)NC(=O)C(C(C)C)NC(=O)C(CO)N
gadopentetate dimeglumine,0,CNCC(C(C(C(CO)O)O)O)O.CNCC(C(C(C(CO)O)O)O)O.C(CN(CC(=O)O)CC(=O)[O-])N(CCN(CC(=O)O)CC(=O)[O-])CC(=O)[O-].[Gd+3]
rimantadine,0,CC(C12CC3CC(C1)CC(C3)C2)N
pegademase bovine,0,
fenoldopam,0,C1CNCC(C2=CC(=C(C(=C21)Cl)O)O)C3=CC=C(C=C3)O
calcium acetate,0,CC(=O)[O-].CC(=O)[O-].[Ca+2]
mivacurium,0,C[N+]1(CCC2=CC(=C(C=C2C1CC3=CC(=C(C(=C3)OC)OC)OC)OC)OC)CCCOC(=O)CCC=CCCC(=O)OCCC[N+]4(CCC5=CC(=C(C=C5C4CC6=CC(=C(C(=C6)OC)OC)OC)OC)OC)C
gadoteridol,0,CC(CN1CCN(CCN(CCN(CC1)CC(=O)[O-])CC(=O)[O-])CC(=O)[O-])O.[Gd+3]
perindopril,0,CCCC(C(=O)OCC)NC(C)C(=O)N1C2CCCCC2CC1C(=O)O
rocuronium,0,CC(=O)OC1C(CC2C1(CCC3C2CCC4C3(CC(C(C4)O)N5CCOCC5)C)C)[N+]6(CCCC6)CC=C
dalteparin sodium,1,
ferumoxsil,0,
ferumoxides,0,
ibutilide,0,CCCCCCCN(CC)CCCC(C1=CC=C(C=C1)NS(=O)(=O)C)O
cisatracurium besylate,0,C[N+]1(CCC2=CC(=C(C=C2C1CC3=CC(=C(C=C3)OC)OC)OC)OC)CCC(=O)OCCCCCOC(=O)CC[N+]4(CCC5=CC(=C(C=C5C4CC6=CC(=C(C=C6)OC)OC)OC)OC)C.C1=CC=C(C=C1)S(=O)(=O)[O-].C1=CC=C(C=C1)S(=O)(=O)[O-]
oxycodone,0,CN1CCC23C4C(=O)CCC2(C1CC5=C3C(=C(C=C5)OC)O4)O
alendronate,1,C(CC(O)(P(=O)(O)O)P(=O)(O)O)CN
tamsulosin,1,CCOC1=CC=CC=C1OCCNC(C)CC2=CC(=C(C=C2)OC)S(=O)(=O)N
dolasetron,0,C1C2CC3CC(CC1N3CC2=O)OC(=O)C4=CNC5=CC=CC=C54
remifentanil,1,CCC(=O)N(C1=CC=CC=C1)C2(CCN(CC2)CCC(=O)OC)C(=O)OC
sibutramine,1,CC(C)CC(C1(CCC1)C2=CC=C(C=C2)Cl)N(C)C
tiagabine,0,CC1=C(SC=C1)C(=CCCN2CCCC(C2)C(=O)O)C3=C(C=CS3)C
ropinirole,1,CCCN(CCC)CCC1=C2CC(=O)NC2=CC=C1
pramipexole,0,CCCNC1CCC2=C(C1)SC(=N2)N
miglitol,0,C1C(C(C(C(N1CCO)CO)O)O)O
polyethylene glycol 3350,0,
delavirdine,0,CC(C)NC1=C(N=CC=C1)N2CCN(CC2)C(=O)C3=CC4=C(N3)C=CC(=C4)NS(=O)(=O)C
tiludronate,0,C1=CC(=CC=C1SC(P(=O)(O)O)P(=O)(O)O)Cl
eptifibatide,0,C1CC2C(=O)NC(CSSCCC(=O)NC(C(=O)NCC(=O)NC(C(=O)NC(C(=O)N2C1)CC3=CNC4=CC=CC=C43)CC(=O)O)CCCCN=C(N)N)C(=O)N
eprosartan,0,CCCCC1=NC=C(N1CC2=CC=C(C=C2)C(=O)O)C=C(CC3=CC=CS3)C(=O)O
repaglinide,1,CCOC1=C(C=CC(=C1)CC(=O)NC(CC(C)C)C2=CC=CC=C2N3CCCCC3)C(=O)O
irbesartan,1,CCCCC1=NC2(CCCC2)C(=O)N1CC3=CC=C(C=C3)C4=CC=CC=C4C5=NNN=N5
naratriptan,0,CNS(=O)(=O)CCC1=CC2=C(C=C1)NC=C2C3CCN(CC3)C
zolmitriptan,0,CN(C)CCC1=CNC2=C1C=C(C=C2)CC3COC(=O)N3
tolterodine,0,CC1=CC(=C(C=C1)O)C(CCN(C(C)C)C(C)C)C2=CC=CC=C2
nelfinavir,1,CC1=C(C=CC=C1O)C(=O)NC(CSC2=CC=CC=C2)C(CN3CC4CCCCC4CC3C(=O)NC(C)(C)C)O
rivastigmine,1,CCN(C)C(=O)OC1=CC=CC(=C1)C(C)N(C)C
ziprasidone,1,C1CN(CCN1CCC2=C(C=C3C(=C2)CC(=O)N3)Cl)C4=NSC5=CC=CC=C54
risedronate,0,C1=CC(=CN=C1)CC(O)(P(=O)(O)O)P(=O)(O)O
candesartan,1,CCOC1=NC2=CC=CC(=C2N1CC3=CC=C(C=C3)C4=CC=CC=C4C5=NNN=N5)C(=O)O
clopidogrel,1,COC(=O)C(C1=CC=CC=C1Cl)N2CCC3=C(C2)C=CS3
rizatriptan,0,CN(C)CCC1=CNC2=C1C=C(C=C2)CN3C=NC=N3
bivalirudin,0,CCC(C)C(C(=O)N1CCCC1C(=O)NC(CCC(=O)O)C(=O)NC(CCC(=O)O)C(=O)NC(CC2=CC=C(C=C2)O)C(=O)NC(CC(C)C)C(=O)O)NC(=O)C(CCC(=O)O)NC(=O)C(CCC(=O)O)NC(=O)C(CC3=CC=CC=C3)NC(=O)C(CC(=O)O)NC(=O)CNC(=O)C(CC(=O)N)NC(=O)CNC(=O)CNC(=O)CNC(=O)CNC(=O)C4CCCN4C(=O)C(CCCNC(=N)N)NC(=O)C5CCCN5C(=O)C(CC6=CC=CC=C6)N
azacitidine,0,C1=NC(=NC(=O)N1C2C(C(C(O2)CO)O)O)N
fluorouracil,1,C1=C(C(=O)NC(=O)N1)F
argatroban,0,CC1CCN(C(C1)C(=O)O)C(=O)C(CCCN=C(N)N)NS(=O)(=O)C2=CC=CC3=C2NCC(C3)C
sildenafil,1,CCCC1=NN(C2=C1N=C(NC2=O)C3=C(C=CC(=C3)S(=O)(=O)N4CCN(CC4)C)OCC)C
acarbose,1,CC1C(C(C(C(O1)OC2C(OC(C(C2O)O)OC(C(CO)O)C(C(C=O)O)O)CO)O)O)NC3C=C(C(C(C3O)O)O)CO
acebutolol,1,CCCC(=O)NC1=CC(=C(C=C1)OCC(CNC(C)C)O)C(=O)C
tirofiban,0,CCCCS(=O)(=O)NC(CC1=CC=C(C=C1)OCCCCC2CCNCC2)C(=O)O
dofetilide,0,CN(CCC1=CC=C(C=C1)NS(=O)(=O)C)CCOC2=CC=C(C=C2)NS(=O)(=O)C
acetylcysteine,0,CC(=O)NC(CS)C(=O)O
acitretin,1,CC1=CC(=C(C(=C1C=CC(=CC=CC(=CC(=O)O)C)C)C)C)OC
gadoversetamide,0,COCCNC(=O)CN(CCN(CCN(CC(=O)NCCOC)CC(=O)[O-])CC(=O)[O-])CC(=O)[O-].[Gd+3]
adenosine,0,C1=NC(=C2C(=N1)N(C=N2)C3C(C(C(O3)CO)O)O)N
salbutamol,0,CC(C)(C)NCC(C1=CC(=C(C=C1)O)CO)O
almotriptan,0,CN(C)CCC1=CNC2=C1C=C(C=C2)CS(=O)(=O)N3CCCC3
frovatriptan,0,CNC1CCC2=C(C1)C3=C(N2)C=CC(=C3)C(=O)N
oxcarbazepine,1,C1C2=CC=CC=C2N(C3=CC=CC=C3C1=O)C(=O)N
rifapentine,0,CC1C=CC=C(C(=O)NC2=C(C(=C3C(=C2O)C(=C(C4=C3C(=O)C(O4)(OC=CC(C(C(C(C(C(C1O)C)O)C)OC(=O)C)C)OC)C)C)O)O)C=NN5CCN(CC5)C6CCCC6)C
levetiracetam,1,CCC(C(=O)N)N1CCCC1=O
alpidem,1,CCCN(CCC)C(=O)CC1=C(N=C2N1C=C(C=C2)Cl)C3=CC=C(C=C3)Cl
bexarotene,1,CC1=CC2=C(C=C1C(=C)C3=CC=C(C=C3)C(=O)O)C(CCC2(C)C)(C)C
perflutren,0,C(C(F)(F)F)(C(F)(F)F)(F)F
amifostine,0,C(CN)CNCCSP(=O)(O)O
amikacin,0,C1C(C(C(C(C1NC(=O)C(CCN)O)OC2C(C(C(C(O2)CO)O)N)O)O)OC3C(C(C(C(O3)CN)O)O)O)N
alosetron,1,CC1=C(N=CN1)CN2CCC3=C(C2=O)C4=CC=CC=C4N3C
aminocaproic acid,0,C(CCC(=O)O)CCN
levothyroxine,1,C1=C(C=C(C(=C1I)OC2=CC(=C(C(=C2)I)O)I)I)CC(C(=O)O)N
linezolid,1,CC(=O)NCC1CN(C(=O)O1)C2=CC(=C(C=C2)N3CCOCC3)F
gemifloxacin,1,CON=C1CN(CC1CN)C2=C(C=C3C(=O)C(=CN(C3=N2)C4CC4)C(=O)O)F
desloratadine,1,C1CC2=C(C=CC(=C2)Cl)C(=C3CCNCC3)C4=C1C=CC=N4
galantamine,0,CN1CCC23C=CC(CC2OC4=C(C=CC(=C34)C1)OC)O
cefditoren,0,CC1=C(SC=N1)C=CC2=C(N3C(C(C3=O)NC(=O)C(=NOC)C4=CSC(=N4)N)SC2)C(=O)O
zoledronate,1,C1=CN(C=N1)CC(O)(P(=O)(O)O)P(=O)(O)O
caspofungin,0,CCC(C)CC(C)CCCCCCCCC(=O)NC1CC(C(NC(=O)C2C(CCN2C(=O)C(NC(=O)C(NC(=O)C3CC(CN3C(=O)C(NC1=O)C(C)O)O)C(C(C4=CC=C(C=C4)O)O)O)C(CCN)O)O)NCCN)O
atovaquone,0,C1CC(CCC1C2=CC=C(C=C2)Cl)C3=C(C4=CC=CC=C4C(=O)C3=O)O
voriconazole,1,CC(C1=NC=NC=C1F)C(CN2C=NC=N2)(C3=C(C=C(C=C3)F)F)O
guaifenesin,0,COC1=CC=CC=C1OCC(CO)O
olmesartan,0,CCCC1=NC(=C(N1CC2=CC=C(C=C2)C3=CC=CC=C3C4=NNN=N4)C(=O)O)C(C)(C)O
alfuzosin,1,CN(CCCNC(=O)C1CCCO1)C2=NC3=CC(=C(C=C3C(=N2)N)OC)OC
aztreonam,0,CC1C(C(=O)N1S(=O)(=O)O)NC(=O)C(=NOC(C)(C)C(=O)O)C2=CSC(=N2)N
dutasteride,0,CC12CCC3C(C1CCC2C(=O)NC4=C(C=CC(=C4)C(F)(F)F)C(F)(F)F)CCC5C3(C=CC(=O)N5)C
baclofen,1,C1=CC(=CC=C1C(CC(=O)O)CN)Cl
benazepril,1,CCOC(=O)C(CCC1=CC=CC=C1)NC2CCC3=CC=CC=C3N(C2=O)CC(=O)O
bendazac,1,C1=CC=C(C=C1)CN2C3=CC=CC=C3C(=N2)OCC(=O)O
benzarone,1,CCC1=C(C2=CC=CC=C2O1)C(=O)C3=CC=C(C=C3)O
benziodarone,1,CCC1=C(C2=CC=CC=C2O1)C(=O)C3=CC(=C(C(=C3)I)O)I
ertapenem,0,CC1C2C(C(=O)N2C(=C1SC3CC(NC3)C(=O)NC4=CC=CC(=C4)C(=O)O)C(=O)O)C(C)O
benztropine,0,CN1C2CCC1CC(C2)OC(C3=CC=CC=C3)C4=CC=CC=C4
fondaparinux sodium,1,COC1C(C(C(C(O1)COS(=O)(=O)[O-])OC2C(C(C(C(O2)C(=O)[O-])OC3C(C(C(C(O3)COS(=O)(=O)[O-])OC4C(C(C(C(O4)C(=O)[O-])OC5C(C(C(C(O5)COS(=O)(=O)[O-])O)O)NS(=O)(=O)[O-])O)O)OS(=O)(=O)[O-])NS(=O)(=O)[O-])O)OS(=O)(=O)[O-])O)NS(=O)(=O)[O-].[Na+].[Na+].[Na+].[Na+].[Na+].[Na+].[Na+].[Na+].[Na+].[Na+]
miglustat,0,CCCCN1CC(C(C(C1CO)O)O)O
gadobenate dimeglumine,0,CNCC(C(C(C(CO)O)O)O)O.CNCC(C(C(C(CO)O)O)O)O.C1=CC=C(C=C1)COCC(C(=O)[O-])N(CCN(CCN(CC(=O)O)CC(=O)[O-])CC(=O)[O-])CC(=O)O.[Gd+3]
rifaximin,0,CC1C=CC=C(C(=O)NC2=C(C3=C(C4=C(C(=C3O)C)OC(C4=O)(OC=CC(C(C(C(C(C(C1O)C)O)C)OC(=O)C)C)OC)C)C5=C2N6C=CC(=CC6=N5)C)O)C
tadalafil,0,CN1CC(=O)N2C(C1=O)CC3=C(C2C4=CC5=C(C=C4)OCO5)NC6=CC=CC=C36
palonosetron,0,C1CC2CN(C(=O)C3=CC=CC(=C23)C1)C4CN5CCC4CC5
betaxolol,0,CC(C)NCC(COC1=CC=C(C=C1)CCOCC2CC2)O
vardenafil,0,CCCC1=NC(=C2N1N=C(NC2=O)C3=C(C=CC(=C3)S(=O)(=O)N4CCN(CC4)CC)OCC)C
bisoprolol,0,CC(C)NCC(COC1=CC=C(C=C1)COCCOC(C)C)O
bleomycin,0,CC1=C(N=C(N=C1N)C(CC(=O)N)NCC(C(=O)N)N)C(=O)NC(C(C2=CN=CN2)OC3C(C(C(C(O3)CO)O)O)OC4C(C(C(C(O4)CO)O)OC(=O)N)O)C(=O)NC(C)C(C(C)C(=O)NC(C(C)O)C(=O)NCCC5=NC(=CS5)C6=NC(=CS6)C(=O)NCCC[S+](C)C)O
atomoxetine,1,CC1=CC=CC=C1OC(CCNC)C2=CC=CC=C2
bosentan,1,CC(C)(C)C1=CC=C(C=C1)S(=O)(=O)NC2=C(C(=NC(=N2)C3=NC=CC=N3)OCCO)OC4=CC=CC=C4OC
acamprosate,1,CC(=O)NCCCS(=O)(=O)O
aripiprazole,0,C1CC(=O)NC2=C1C=CC(=C2)OCCCCN3CCN(CC3)C4=C(C(=CC=C4)Cl)Cl
budesonide,0,CCCC1OC2CC3C4CCC5=CC(=O)C=CC5(C4C(CC3(C2(O1)C(=O)CO)C)O)C
bumetanide,0,CCCCNC1=C(C(=CC(=C1)C(=O)O)S(=O)(=O)N)OC2=CC=CC=C2
buspirone,0,C1CCC2(C1)CC(=O)N(C(=O)C2)CCCCN3CCN(CC3)C4=NC=CC=N4
eplerenone,0,CC12CCC(=O)C=C1CC(C3C24C(O4)CC5(C3CCC56CCC(=O)O6)C)C(=O)OC
butorphanol,0,C1CCC2(C3CC4=C(C2(C1)CCN3CC5CCC5)C=C(C=C4)O)O
cabergoline,0,CCNC(=O)N(CCCN(C)C)C(=O)C1CC2C(CC3=CNC4=CC=CC2=C34)N(C1)CC=C
ezetimibe,1,C1=CC(=CC=C1C2C(C(=O)N2C3=CC=C(C=C3)F)CCC(C4=CC=C(C=C4)F)O)O
pregabalin,1,CC(C)CC(CC(=O)O)CN
adefovir,1,C1=NC(=C2C(=N1)N(C=N2)CCOCP(=O)(O)O)N
ibandronate,0,CCCCCN(C)CCC(O)(P(=O)(O)O)P(=O)(O)O
carbenicillin,1,CC1(C(N2C(S1)C(C2=O)NC(=O)C(C3=CC=CC=C3)C(=O)O)C(=O)O)C
carbidopa,0,CC(CC1=CC(=C(C=C1)O)O)(C(=O)O)NN
eszopiclone,0,CN1CCN(CC1)C(=O)OC2C3=NC=CN=C3C(=O)N2C4=NC=C(C=C4)Cl
cefaclor,1,C1C(=C(N2C(S1)C(C2=O)NC(=O)C(C3=CC=CC=C3)N)C(=O)O)Cl
cefadroxil,1,CC1=C(N2C(C(C2=O)NC(=O)C(C3=CC=C(C=C3)O)N)SC1)C(=O)O
enfuvirtide,0,CCC(C)C(C(=O)NC(CCC(=O)O)C(=O)NC(CCC(=O)O)C(=O)NC(CO)C(=O)NC(CCC(=O)N)C(=O)NC(CC(=O)N)C(=O)NC(CCC(=O)N)C(=O)NC(CCC(=O)N)C(=O)NC(CCC(=O)O)C(=O)NC(CCCCN)C(=O)NC(CC(=O)N)C(=O)NC(CCC(=O)O)C(=O)NC(CCC(=O)N)C(=O)NC(CCC(=O)O)C(=O)NC(CC(C)C)C(=O)NC(CC(C)C)C(=O)NC(CCC(=O)O)C(=O)NC(CC(C)C)C(=O)NC(CC(=O)O)C(=O)NC(CCCCN)C(=O)NC(CC1=CNC2=CC=CC=C21)C(=O)NC(C)C(=O)NC(CO)C(=O)NC(CC(C)C)C(=O)NC(CC3=CNC4=CC=CC=C43)C(=O)NC(CC(=O)N)C(=O)NC(CC5=CNC6=CC=CC=C65)C(=O)NC(CC7=CC=CC=C7)C(=O)N)NC(=O)C(CC(C)C)NC(=O)C(CO)NC(=O)C(CC8=CN=CN8)NC(=O)C(C(C)CC)NC(=O)C(CC(C)C)NC(=O)C(CO)NC(=O)C(C(C)O)NC(=O)C(CC9=CC=C(C=C9)O)NC(=O)C
cefazolin,1,CC1=NN=C(S1)SCC2=C(N3C(C(C3=O)NC(=O)CN4C=NN=N4)SC2)C(=O)O
cefepime,1,C[N+]1(CCCC1)CC2=C(N3C(C(C3=O)NC(=O)C(=NOC)C4=CSC(=N4)N)SC2)C(=O)[O-]
cefixime,0,C=CC1=C(N2C(C(C2=O)NC(=O)C(=NOCC(=O)O)C3=CSC(=N3)N)SC1)C(=O)O
cefoperazone,1,CCN1CCN(C(=O)C1=O)C(=O)NC(C2=CC=C(C=C2)O)C(=O)NC3C4N(C3=O)C(=C(CS4)CSC5=NN=NN5C)C(=O)O
cefotaxime,1,CC(=O)OCC1=C(N2C(C(C2=O)NC(=O)C(=NOC)C3=CSC(=N3)N)SC1)C(=O)O
cefoxitin,0,COC1(C2N(C1=O)C(=C(CS2)COC(=O)N)C(=O)O)NC(=O)CC3=CC=CS3
cefpodoxime,0,COCC1=C(N2C(C(C2=O)NC(=O)C(=NOC)C3=CSC(=N3)N)SC1)C(=O)O
oxaliplatin,1,C1CCC(C(C1)[NH-])[NH-].C(=O)(C(=O)O)O.[Pt+2]
cefprozil,1,CC=CC1=C(N2C(C(C2=O)NC(=O)C(C3=CC=C(C=C3)O)N)SC1)C(=O)O
ceftibuten,0,C1C=C(N2C(S1)C(C2=O)NC(=O)C(=CCC(=O)O)C3=CSC(=N3)N)C(=O)O
nitazoxanide,0,CC(=O)OC1=CC=CC=C1C(=O)NC2=NC=C(S2)[N+](=O)[O-]
ceftriaxone,1,CN1C(=NC(=O)C(=O)N1)SCC2=C(N3C(C(C3=O)NC(=O)C(=NOC)C4=CSC(=N4)N)SC2)C(=O)O
cefuroxime,1,CON=C(C1=CC=CO1)C(=O)NC2C3N(C2=O)C(=C(CS3)COC(=O)N)C(=O)O
micafungin,1,CCCCCOC1=CC=C(C=C1)C2=CC(=NO2)C3=CC=C(C=C3)C(=O)NC4CC(C(NC(=O)C5C(C(CN5C(=O)C(NC(=O)C(NC(=O)C6CC(CN6C(=O)C(NC4=O)C(C)O)O)C(C(C7=CC(=C(C=C7)O)OS(=O)(=O)O)O)O)C(CC(=O)N)O)C)O)O)O
darifenacin,0,C1CN(CC1C(C2=CC=CC=C2)(C3=CC=CC=C3)C(=O)N)CCC4=CC5=C(C=C4)OCC5
cephalexin,1,CC1=C(N2C(C(C2=O)NC(=O)C(C3=CC=CC=C3)N)SC1)C(=O)O
cetirizine,1,C1CN(CCN1CCOCC(=O)O)C(C2=CC=CC=C2)C3=CC=C(C=C3)Cl
solifenacin,0,C1CN2CCC1C(C2)OC(=O)N3CCC4=CC=CC=C4C3C5=CC=CC=C5
ranolazine,0,CC1=C(C(=CC=C1)C)NC(=O)CN2CCN(CC2)CC(COC3=CC=CC=C3OC)O
chloramphenicol,0,C1=CC(=CC=C1C(C(CO)NC(=O)C(Cl)Cl)O)[N+](=O)[O-]
chlordiazepoxide,1,CN=C1CN(C(=C2C=C(C=CC2=N1)Cl)C3=CC=CC=C3)O
atazanavir,1,CC(C)(C)C(C(=O)NC(CC1=CC=CC=C1)C(CN(CC2=CC=C(C=C2)C3=CC=CC=N3)NC(=O)C(C(C)(C)C)NC(=O)OC)O)NC(=O)OC
daptomycin,1,CCCCCCCCCC(=O)NC(CC1=CNC2=CC=CC=C21)C(=O)NC(CC(=O)N)C(=O)NC(CC(=O)O)C(=O)NC3C(OC(=O)C(NC(=O)C(NC(=O)C(NC(=O)CNC(=O)C(NC(=O)C(NC(=O)C(NC(=O)C(NC(=O)CNC3=O)CCCN)CC(=O)O)C)CC(=O)O)CO)C(C)CC(=O)O)CC(=O)C4=CC=CC=C4N)C
chlormezanone,1,CN1C(S(=O)(=O)CCC1=O)C2=CC=C(C=C2)Cl
bortezomib,1,B(C(CC(C)C)NC(=O)C(CC1=CC=CC=C1)NC(=O)C2=NC=CN=C2)(O)O
anidulafungin,0,CCCCCOC1=CC=C(C=C1)C2=CC=C(C=C2)C3=CC=C(C=C3)C(=O)NC4CC(C(NC(=O)C5C(C(CN5C(=O)C(NC(=O)C(NC(=O)C6CC(CN6C(=O)C(NC4=O)C(C)O)O)C(C(C7=CC=C(C=C7)O)O)O)C(C)O)C)O)O)O
rasagiline,0,C#CCNC1CCC2=CC=CC=C12
chloroquine,1,CCN(CC)CCCC(C)NC1=C2C=CC(=CC2=NC=C1)Cl
chlorothiazide,1,C1=C2C(=CC(=C1Cl)S(=O)(=O)N)S(=O)(=O)N=CN2
cinacalcet,0,CC(C1=CC=CC2=CC=CC=C21)NCCCC3=CC(=CC=C3)C(F)(F)F
conivaptan,0,CC1=NC2=C(N1)CCN(C3=CC=CC=C32)C(=O)C4=CC=C(C=C4)NC(=O)C5=CC=CC=C5C6=CC=CC=C6
nebivolol,0,C1CC2=C(C=CC(=C2)F)OC1C(CNCC(C3CCC4=C(O3)C=CC(=C4)F)O)O
chlorthalidone,0,C1=CC=C2C(=C1)C(=O)NC2(C3=CC(=C(C=C3)Cl)S(=O)(=O)N)O
erlotinib,1,COCCOC1=C(C=C2C(=C1)C(=NC=N2)NC3=CC=CC(=C3)C#C)OCCOC
alvimopan,0,CC1CN(CCC1(C)C2=CC(=CC=C2)O)CC(CC3=CC=CC=C3)C(=O)NCC(=O)O
cidofovir,0,C1=CN(C(=O)N=C1N)CC(CO)OCP(=O)(O)O
ramelteon,0,CCC(=O)NCCC1CCC2=C1C3=C(C=C2)OCC3
cimetidine,1,CC1=C(N=CN1)CSCCNC(=NC)NC#N
cinchophen,1,C1=CC=C(C=C1)C2=NC3=CC=CC=C3C(=C2)C(=O)O
tipranavir,1,CCCC1(CC(=C(C(=O)O1)C(CC)C2=CC(=CC=C2)NS(=O)(=O)C3=NC=C(C=C3)C(F)(F)F)O)CCC4=CC=CC=C4
tigecycline,0,CC(C)(C)NCC(=O)NC1=CC(=C2CC3CC4C(C(=O)C(=C(C4(C(=O)C3=C(C2=C1O)O)O)O)C(=O)N)N(C)C)N(C)C
cladribine,0,C1C(C(OC1N2C=NC3=C(N=C(N=C32)Cl)N)CO)O
clindamycin,1,CCCC1CC(N(C1)C)C(=O)NC(C2C(C(C(C(O2)SC)O)O)O)C(C)Cl
clometacin,1,CC1=C(C2=C(N1CC(=O)O)C=C(C=C2)OC)C(=O)C3=CC=C(C=C3)Cl
urokinase,0,
clonidine,0,C1CN=C(N1)NC2=C(C=CC=C2Cl)Cl
nelarabine,1,COC1=NC(=NC2=C1N=CN2C3C(C(C(O3)CO)O)O)N
cloxacillin,1,CC1=C(C(=NO1)C2=CC=CC=C2Cl)C(=O)NC3C4N(C3=O)C(C(S4)(C)C)C(=O)O
lenalidomide,1,C1CC(=O)NC(=O)C1N2CC3=C(C2=O)C=CC=C3N
lubiprostone,0,CCCCC(C1(CCC2C(O1)CC(=O)C2CCCCCCC(=O)O)O)(F)F
sorafenib,1,CNC(=O)C1=NC=CC(=C1)OC2=CC=C(C=C2)NC(=O)NC3=CC(=C(C=C3)Cl)C(F)(F)F
varenicline,1,C1C2CNCC1C3=CC4=NC=CN=C4C=C23
darunavir,1,CC(C)CN(CC(C(CC1=CC=CC=C1)NC(=O)OC2COC3C2CCO3)O)S(=O)(=O)C4=CC=C(C=C4)N
aliskiren,1,CC(C)C(CC1=CC(=C(C=C1)OC)OCCCOC)CC(C(CC(C(C)C)C(=O)NCC(C)(C)C(=O)N)O)N
dasatinib,1,CC1=C(C(=CC=C1)Cl)NC(=O)C2=CN=C(S2)NC3=CC(=NC(=N3)C)N4CCN(CC4)CCO
cyclobenzaprine,1,CN(C)CCC=C1C2=CC=CC=C2C=CC3=CC=CC=C31
cyclofenil,1,CC(=O)OC1=CC=C(C=C1)C(=C2CCCCC2)C3=CC=C(C=C3)OC(=O)C
sitagliptin,1,C1CN2C(=NN=C2C(F)(F)F)CN1C(=O)CC(CC3=CC(=C(C=C3F)F)F)N
paliperidone,0,CC1=C(C(=O)N2CCCC(C2=N1)O)CCN3CCC(CC3)C4=NOC5=C4C=CC(=C5)F
posaconazole,0,CCC(C(C)O)N1C(=O)N(C=N1)C2=CC=C(C=C2)N3CCN(CC3)C4=CC=C(C=C4)OCC5CC(OC5)(CN6C=NC=N6)C7=C(C=C(C=C7)F)F
cyproheptadine,1,CN1CCC(=C2C3=CC=CC=C3C=CC4=CC=CC=C42)CC1
temsirolimus,0,CC1CCC2CC(C(=CC=CC=CC(CC(C(=O)C(C(C(=CC(C(=O)CC(OC(=O)C3CCCCN3C(=O)C(=O)C1(O2)O)C(C)CC4CCC(C(C4)OC)OC(=O)C(C)(CO)CO)C)C)O)OC)C)C)C)OC
tetrahydrobiopterin,0,CC(C(C1CNC2=C(N1)C(=O)NC(=N2)N)O)O
milnacipran,1,CCN(CC)C(=O)C1(CC1CN)C2=CC=CC=C2
desipramine,0,CNCCCN1C2=CC=CC=C2CCC3=CC=CC=C31
dexlansoprazole,1,CC1=C(C=CN=C1CS(=O)C2=NC3=CC=CC=C3N2)OCC(F)(F)F
everolimus,0,CC1CCC2CC(C(=CC=CC=CC(CC(C(=O)C(C(C(=CC(C(=O)CC(OC(=O)C3CCCCN3C(=O)C(=O)C1(O2)O)C(C)CC4CCC(C(C4)OC)OCCO)C)C)O)OC)C)C)C)OC
codeine,0,CN1CCC23C4C1CC5=C2C(=C(C=C5)OC)OC3C(C=C4)O
benzylpenicilloyl polylysine,0,
cephradine,0,CC1=C(N2C(C(C2=O)NC(=O)C(C3=CCC=CC3)N)SC1)C(=O)O
ceftizoxime,0,CON=C(C1=CSC(=N1)N)C(=O)NC2C3N(C2=O)C(=CCS3)C(=O)O
didanosine,1,C1CC(OC1CO)N2C=NC3=C2N=CNC3=O
mycophenolate mofetil,1,CC1=C2COC(=O)C2=C(C(=C1OC)CC=C(C)CCC(=O)OCCN3CCOCC3)O
cefdinir,1,C=CC1=C(N2C(C(C2=O)NC(=O)C(=NO)C3=CSC(=N3)N)SC1)C(=O)O
polymyxin b sulfate,0,
diltiazem,1,CC(=O)OC1C(SC2=CC=CC=C2N(C1=O)CCN(C)C)C3=CC=C(C=C3)OC
sterile water,0,O
disopyramide,1,CC(C)N(CCC(C1=CC=CC=C1)(C2=CC=CC=N2)C(=O)N)C(C)C
asparaginase,1,
botulinum toxin type a,0,
interferon alfa-2b,1,CCCN(CCOC1=C(C=C(C=C1Cl)Cl)Cl)C(=O)N2C=CN=C2.C(S(=O)(=O)[O-])(I)I.[Na+]
dobutamine,0,CC(CCC1=CC=C(C=C1)O)NCCC2=CC(=C(C=C2)O)O
docetaxel,1,CC1=C2C(C(=O)C3(C(CC4C(C3C(C(C2(C)C)(CC1OC(=O)C(C(C5=CC=CC=C5)NC(=O)OC(C)(C)C)O)O)OC(=O)C6=CC=CC=C6)(CO4)OC(=O)C)O)C)O
"interferon alfa-2a, recombinant",1,
doxazosin,0,COC1=C(C=C2C(=C1)C(=NC(=N2)N3CCN(CC3)C(=O)C4COC5=CC=CC=C5O4)N)OC
doxepin,1,CN(C)CCC=C1C2=CC=CC=C2COC3=CC=CC=C31
alteplase,0,
epoetin alfa,0,CC1CC=CC=CC(C(CC(C(C(C(CC(=O)O1)O)OC)OC2C(C(C(C(O2)C)OC3CC(C(C(O3)C)O)(C)O)N(C)C)O)CCO)C)OC4CC(C(C(O4)C)O)(C)O
droperidol,0,C1CN(CC=C1N2C3=CC=CC=C3NC2=O)CCCC(=O)C4=CC=C(C=C4)F
droxicam,1,CN1C2=C(C3=CC=CC=C3S1(=O)=O)OC(=O)N(C2=O)C4=CC=CC=N4
sargramostim,0,
pegaspargase,1,
efavirenz,1,C1CC1C#CC2(C3=C(C=CC(=C3)Cl)NC(=O)O2)C(F)(F)F
interferon beta-1b,1,
abciximab,0,
interferon beta-1a,1,
esmolol,0,CC(C)NCC(COC1=CC=C(C=C1)CCC(=O)OC)O
estazolam,0,C1C2=NN=CN2C3=C(C=C(C=C3)Cl)C(=N1)C4=CC=CC=C4
interferon alfacon-1,1,
oprelvekin,0,
estramustine,1,CC12CCC3C(C1CCC2O)CCC4=C3C=CC(=C4)OC(=O)N(CCCl)CCCl
ethambutol,1,CCC(CO)NCCNC(CC)CO
basiliximab,0,
ethionamide,1,CCC1=NC=CC(=C1)C(=S)N
palivizumab,0,
infliximab,1,
reteplase,0,
trastuzumab,1,
etanercept,1,
etidronic acid,0,CC(O)(P(=O)(O)O)P(=O)(O)O
botulinum toxin type b,0,
etomidate,0,CCOC(=O)C1=CN=CN1C(C)C2=CC=CC=C2
exifone,1,C1=CC(=C(C(=C1C(=O)C2=CC(=C(C(=C2)O)O)O)O)O)O
tenecteplase,0,
rasburicase,0,
alemtuzumab,0,
peginterferon alfa-2b,1,
fexofenadine,0,CC(C)(C1=CC=C(C=C1)C(CCCN2CCC(CC2)C(C3=CC=CC=C3)(C4=CC=CC=C4)O)O)C(=O)O
fialuridine,1,C1=C(C(=O)NC(=O)N1C2C(C(C(O2)CO)O)F)I
fipexide,1,C1CN(CCN1CC2=CC3=C(C=C2)OCO3)C(=O)COC4=CC=C(C=C4)Cl
anakinra,1,
darbepoetin alfa,1,
flecainide,1,C1CCNC(C1)CNC(=O)C2=C(C=CC(=C2)OCC(F)(F)F)OCC(F)(F)F
omalizumab,0,
ibritumomab tiuxetan,0,
pegfilgrastim,0,
flucytosine,0,C1=NC(=O)NC(=C1F)N
fludarabine,0,C1=NC2=C(N=C(N=C2N1C3C(C(C(O3)CO)O)O)F)N
flumazenil,0,CCOC(=O)C1=C2CN(C(=O)C3=C(N2C=N1)C=CC(=C3)F)C
adalimumab,1,
cetuximab,0,
bevacizumab,0,
palifermin,0,
natalizumab,1,
flurazepam,1,CCN(CC)CCN1C(=O)CN=C(C2=C1C=CC(=C2)Cl)C3=CC=CC=C3F
fluvoxamine,0,COCCCCC(=NOCCN)C1=CC=C(C=C1)C(F)(F)F
foscarnet,0,C(=O)(O)P(=O)(O)O
fosfomycin,1,CC1C(O1)P(=O)(O)O
fosinopril,1,CCC(=O)OC(C(C)C)OP(=O)(CCCCC1=CC=CC=C1)CC(=O)N2CC(CC2C(=O)O)C3CCCCC3
fosphenytoin,1,C1=CC=C(C=C1)C2(C(=O)N(C(=O)N2)COP(=O)(O)O)C3=CC=CC=C3
galsulfase,0,
abatacept,1,
alglucosidase alfa,0,
gemcitabine,1,C1=CN(C(=O)N=C1N)C2C(C(C(O2)CO)O)(F)F
panitumumab,0,
idursulfase,0,
certolizumab pegol,0,
eculizumab,0,
rilonacept,0,
ustekinumab,0,
romiplostim,0,
ofatumumab,0,
hydrochlorothiazide,1,C1NC2=CC(=C(C=C2S(=O)(=O)N1)S(=O)(=O)N)Cl
idarubicin,0,CC1C(C(CC(O1)OC2CC(CC3=C2C(=C4C(=C3O)C(=O)C5=CC=CC=C5C4=O)O)(C(=O)C)O)N)O
indapamide,0,CC1CC2=CC=CC=C2N1NC(=O)C3=CC(=C(C=C3)Cl)S(=O)(=O)N
indinavir,0,CC(C)(C)NC(=O)C1CN(CCN1CC(CC(CC2=CC=CC=C2)C(=O)NC3C(CC4=CC=CC=C34)O)O)CC5=CN=CC=C5
iodipamide meglumine,0,CNCC(C(C(C(CO)O)O)O)O.CNCC(C(C(C(CO)O)O)O)O.C1=C(C(=C(C(=C1I)NC(=O)CCCCC(=O)NC2=C(C=C(C(=C2I)C(=O)O)I)I)I)C(=O)O)I
irinotecan,1,CCC1=C2CN3C(=CC4=C(C3=O)COC(=O)C4(CC)O)C2=NC5=C1C=C(C=C5)OC(=O)N6CCC(CC6)N7CCCCC7
l-methionine,0,CSCCC(C(=O)O)N
isradipine,1,CC1=C(C(C(=C(N1)C)C(=O)OC(C)C)C2=CC=CC3=NON=C32)C(=O)OC
kanamycin,0,C1C(C(C(C(C1N)OC2C(C(C(C(O2)CN)O)O)O)O)OC3C(C(C(C(O3)CO)O)N)O)N
riboflavin,0,CC1=CC2=C(C=C1C)N(C3=NC(=O)NC(=O)C3=N2)CC(C(C(CO)O)O)O
lamotrigine,1,C1=CC(=C(C(=C1)Cl)Cl)C2=C(N=C(N=N2)N)N
l-carnitine,0,C[N+](C)(C)CC(CC(=O)[O-])O
levofloxacin,1,CC1COC2=C3N1C=C(C(=O)C3=CC(=C2N4CCN(CC4)C)F)C(=O)O
levonorgestrel,0,CCC12CCC3C(C1CCC2(C#C)O)CCC4=CC(=O)CCC34
lisinopril,1,C1CC(N(C1)C(=O)C(CCCCN)NC(CCC2=CC=CC=C2)C(=O)O)C(=O)O
loracarbef,1,C1CC(=C(N2C1C(C2=O)NC(=O)C(C3=CC=CC=C3)N)C(=O)O)Cl
loratadine,0,CCOC(=O)N1CCC(=C2C3=C(CCC4=C2N=CC=C4)C=C(C=C3)Cl)CC1
losartan,1,CCCCC1=NC(=C(N1CC2=CC=C(C=C2)C3=CC=CC=C3C4=NNN=N4)CO)Cl
loxapine,0,CN1CCN(CC1)C2=NC3=CC=CC=C3OC4=C2C=C(C=C4)Cl
mebanazine,1,CC(C1=CC=CC=C1)NN
mechlorethamine,0,CN(CCCl)CCCl
mefloquine,1,C1CCNC(C1)C(C2=CC(=NC3=C2C=CC=C3C(F)(F)F)C(F)(F)F)O
vitamin e,0,CC1=C(C2=C(CCC(O2)(C)CCCC(C)CCCC(C)CCCC(C)C)C(=C1O)C)C
melphalan,1,C1=CC(=CC=C1CC(C(=O)O)N)N(CCCl)CCCl
meprobamate,0,CCCC(C)(COC(=O)N)COC(=O)N
meropenem,1,CC1C2C(C(=O)N2C(=C1SC3CC(NC3)C(=O)N(C)C)C(=O)O)C(C)O
methazolamide,1,CC(=O)N=C1N(N=C(S1)S(=O)(=O)N)C
methoxsalen,1,COC1=C2C(=CC3=C1OC=C3)C=CC(=O)O2
methylphenidate,1,COC(=O)C(C1CCCCN1)C2=CC=CC=C2
methylscopolamine bromide,0,C[N+]1(C2CC(CC1C3C2O3)OC(=O)C(CO)C4=CC=CC=C4)C.[Br-]
metoclopramide,1,CCN(CC)CCNC(=O)C1=CC(=C(C=C1OC)N)Cl
mexiletine,1,CC1=C(C(=CC=C1)C)OCC(C)N
midazolam,0,CC1=NC=C2N1C3=C(C=C(C=C3)Cl)C(=NC2)C4=CC=CC=C4F
midodrine,0,COC1=CC(=C(C=C1)OC)C(CNC(=O)CN)O
mirtazapine,1,CN1CCN2C(C1)C3=CC=CC=C3CC4=C2N=CC=C4
mitotane,0,C1=CC=C(C(=C1)C(C2=CC=C(C=C2)Cl)C(Cl)Cl)Cl
mitoxantrone,1,C1=CC(=C2C(=C1NCCNCCO)C(=O)C3=C(C=CC(=C3C2=O)O)O)NCCNCCO
moexipril,0,CCOC(=O)C(CCC1=CC=CC=C1)NC(C)C(=O)N2CC3=CC(=C(C=C3CC2C(=O)O)OC)OC
moxisylyte,1,CC1=CC(=C(C=C1OC(=O)C)C(C)C)OCCN(C)C
folic acid,0,C1=CC(=CC=C1C(=O)NC(CCC(=O)O)C(=O)O)NCC2=CN=C3C(=N2)C(=O)NC(=N3)N
nabumetone,0,CC(=O)CCC1=CC2=C(C=C1)C=C(C=C2)OC
nadolol,0,CC(C)(C)NCC(COC1=CC=CC2=C1CC(C(C2)O)O)O
nafcillin,1,CCOC1=C(C2=CC=CC=C2C=C1)C(=O)NC3C4N(C3=O)C(C(S4)(C)C)C(=O)O
nalbuphine,0,C1CC(C1)CN2CCC34C5C(CCC3(C2CC6=C4C(=C(C=C6)O)O5)O)O
nialamide,1,C1=CC=C(C=C1)CNC(=O)CCNNC(=O)C2=CC=NC=C2
nicardipine,0,CC1=C(C(C(=C(N1)C)C(=O)OCCN(C)CC2=CC=CC=C2)C3=CC(=CC=C3)[N+](=O)[O-])C(=O)OC
nimodipine,0,CC1=C(C(C(=C(N1)C)C(=O)OC(C)C)C2=CC(=CC=C2)[N+](=O)[O-])C(=O)OCCOC
niperotidine,1,CN(C)CC1=CC=C(O1)CSCCNC(=C[N+](=O)[O-])NCC2=CC3=C(C=C2)OCO3
nitroglycerin,0,C(C(CO[N+](=O)[O-])O[N+](=O)[O-])O[N+](=O)[O-]
nomifensine,1,CN1CC(C2=C(C1)C(=CC=C2)N)C3=CC=CC=C3
norfloxacin,1,CCN1C=C(C(=O)C2=CC(=C(C=C21)N3CCNCC3)F)C(=O)O
nortriptyline,1,CNCCC=C1C2=CC=CC=C2CCC3=CC=CC=C31
octreotide,1,CC(C1C(=O)NC(CSSCC(C(=O)NC(C(=O)NC(C(=O)NC(C(=O)N1)CCCCN)CC2=CNC3=CC=CC=C32)CC4=CC=CC=C4)NC(=O)C(CC5=CC=CC=C5)N)C(=O)NC(CO)C(C)O)O
ondansetron,1,CC1=NC=CN1CC2CCC3=C(C2=O)C4=CC=CC=C4N3C
ofloxacin,1,CC1COC2=C3N1C=C(C(=O)C3=CC(=C2N4CCN(CC4)C)F)C(=O)O
diphenoxylate,0,CCOC(=O)C1(CCN(CC1)CCC(C#N)(C2=CC=CC=C2)C3=CC=CC=C3)C4=CC=CC=C4
oxacillin,1,CC1=C(C(=NO1)C2=CC=CC=C2)C(=O)NC3C4N(C3=O)C(C(S4)(C)C)C(=O)O
ambenonium,0,CC[N+](CC)(CCNC(=O)C(=O)NCC[N+](CC)(CC)CC1=CC=CC=C1Cl)CC2=CC=CC=C2Cl
papaverine,1,COC1=C(C=C(C=C1)CC2=NC=CC3=CC(=C(C=C32)OC)OC)OC
penbutolol,0,CC(C)(C)NCC(COC1=CC=CC=C1C2CCCC2)O
penicillin g,1,CC1(C(N2C(S1)C(C2=O)NC(=O)CC3=CC=CC=C3)C(=O)O)C
penicillin v,0,CC1(C(N2C(S1)C(C2=O)NC(=O)COC3=CC=CC=C3)C(=O)O)C
pentazocine,0,CC1C2CC3=C(C1(CCN2CC=C(C)C)C)C=C(C=C3)O
pentostatin,1,C1C(C(OC1N2C=NC3=C2NC=NCC3O)CO)O
perphenazine,1,C1CN(CCN1CCCN2C3=CC=CC=C3SC4=C2C=C(C=C4)Cl)CCO
phenelzine,1,C1=CC=C(C=C1)CCNN
ephedrine,0,CC(C(C1=CC=CC=C1)O)NC
pimozide,0,C1CN(CCC1N2C3=CC=CC=C3NC2=O)CCCC(C4=CC=C(C=C4)F)C5=CC=C(C=C5)F
pindolol,0,CC(C)NCC(COC1=CC=CC2=C1C=CN2)O
piperacillin,0,CCN1CCN(C(=O)C1=O)C(=O)NC(C2=CC=CC=C2)C(=O)NC3C4N(C3=O)C(C(S4)(C)C)C(=O)O
piroxicam,1,CN1C(=C(C2=CC=CC=C2S1(=O)=O)O)C(=O)NC3=CC=CC=N3
pirprofen,1,CC(C1=CC(=C(C=C1)N2CC=CC2)Cl)C(=O)O
salsalate,1,C1=CC=C(C(=C1)C(=O)OC2=CC=CC=C2C(=O)O)O
probenecid,0,CCCN(CCC)S(=O)(=O)C1=CC=C(C=C1)C(=O)O
procainamide,1,CCN(CC)CCNC(=O)C1=CC=C(C=C1)N
propafenone,1,CCCNCC(COC1=CC=CC=C1C(=O)CCC2=CC=CC=C2)O
propranolol,0,CC(C)NCC(COC1=CC=CC2=CC=CC=C21)O
propofol,1,CC(C)C1=C(C(=CC=C1)C(C)C)O
pyrantel,0,CN1CCCN=C1C=CC2=CC=CS2
pyrimethamine,1,CCC1=C(C(=NC(=N1)N)N)C2=CC=C(C=C2)Cl
quazepam,0,C1C(=S)N(C2=C(C=C(C=C2)Cl)C(=N1)C3=CC=CC=C3F)CC(F)(F)F
quinapril,1,CCOC(=O)C(CCC1=CC=CC=C1)NC(C)C(=O)N2CC3=CC=CC=C3CC2C(=O)O
quinidine,1,COC1=CC2=C(C=CN=C2C=C1)C(C3CC4CCN3CC4C=C)O
ramipril,1,CCOC(=O)C(CCC1=CC=CC=C1)NC(C)C(=O)N2C3CCCC3CC2C(=O)O
reserpine,0,COC1C(CC2CN3CCC4=C(C3CC2C1C(=O)OC)NC5=C4C=CC(=C5)OC)OC(=O)C6=CC(=C(C(=C6)OC)OC)OC
ribavirin,0,C1=NC(=NN1C2C(C(C(O2)CO)O)O)C(=O)N
riluzole,1,C1=CC2=C(C=C1OC(F)(F)F)SC(=N2)N
risperidone,1,CC1=C(C(=O)N2CCCCC2=N1)CCN3CCC(CC3)C4=NOC5=C4C=CC(=C5)F
ritonavir,1,CC(C)C1=NC(=CS1)CN(C)C(=O)NC(C(C)C)C(=O)NC(CC2=CC=CC=C2)CC(C(CC3=CC=CC=C3)NC(=O)OCC4=CN=CS4)O
saquinavir,1,CC(C)(C)NC(=O)C1CC2CCCCC2CN1CC(C(CC3=CC=CC=C3)NC(=O)C(CC(=O)N)NC(=O)C4=NC5=CC=CC=C5C=C4)O
selegiline,0,CC(CC1=CC=CC=C1)N(C)CC#C
succimer,1,C(C(C(=O)O)S)(C(=O)O)S
sumatriptan,0,CNS(=O)(=O)CC1=CC2=C(C=C1)NC=C2CCN(C)C
temazepam,0,CN1C2=C(C=C(C=C2)Cl)C(=NC(C1=O)O)C3=CC=CC=C3
teniposide,1,COC1=CC(=CC(=C1O)OC)C2C3C(COC3=O)C(C4=CC5=C(C=C24)OCO5)OC6C(C(C7C(O6)COC(O7)C8=CC=CS8)O)O
terazosin,0,COC1=C(C=C2C(=C1)C(=NC(=N2)N3CCN(CC3)C(=O)C4CCCO4)N)OC
thiotepa,1,C1CN1P(=S)(N2CC2)N3CC3
timolol,0,CC(C)(C)NCC(COC1=NSN=C1N2CCOCC2)O
sulcotidil,1,CCCCCCCCNC(C)C(C1=CC=C(C=C1)SC(C)C)O
tolmetin,1,CC1=CC=C(C=C1)C(=O)C2=CC=C(N2C)CC(=O)O
tolrestat,1,CN(CC(=O)O)C(=S)C1=CC=CC2=C1C=CC(=C2C(F)(F)F)OC
topotecan,0,CCC1(C2=C(COC1=O)C(=O)N3CC4=CC5=C(C=CC(=C5CN(C)C)O)N=C4C3=C2)O
tramadol,0,CN(C)CC1CCCCC1(C2=CC(=CC=C2)OC)O
trandolapril,1,CCOC(=O)C(CCC1=CC=CC=C1)NC(C)C(=O)N2C3CCCCC3CC2C(=O)O
tranylcypromine,1,C1C(C1N)C2=CC=CC=C2
trazodone,1,C1CN(CCN1CCCN2C(=O)N3C=CC=CC3=N2)C4=CC(=CC=C4)Cl
triamterene,1,C1=CC=C(C=C1)C2=NC3=C(N=C(N=C3N=C2N)N)N
triazolam,0,CC1=NN=C2N1C3=C(C=C(C=C3)Cl)C(=NC2)C4=CC=CC=C4Cl
trihexyphenidyl,0,C1CCC(CC1)C(CCN2CCCCC2)(C3=CC=CC=C3)O
trimethobenzamide,0,CN(C)CCOC1=CC=C(C=C1)CNC(=O)C2=CC(=C(C(=C2)OC)OC)OC
trimethoprim,1,COC1=CC(=CC(=C1OC)OC)CC2=CN=C(N=C2N)N
fenclozic acid,1,C1=CC(=CC=C1C2=NC(=CS2)CC(=O)O)Cl
ebrotidine,1,C1=CC(=CC=C1S(=O)(=O)NC=NCCSCC2=CSC(=N2)N=C(N)N)Br
aceclofenac,1,C1=CC=C(C(=C1)CC(=O)OCC(=O)O)NC2=C(C=CC=C2Cl)Cl
nitrefazole,1,CC1=NC(=CN1C2=CC=C(C=C2)[N+](=O)[O-])[N+](=O)[O-]
valaciclovir,1,CC(C)C(C(=O)OCCOCN1C=NC2=C1N=C(NC2=O)N)N
valsartan,1,CCCCC(=O)N(CC1=CC=C(C=C1)C2=CC=CC=C2C3=NNN=N3)C(C(C)C)C(=O)O
tetrabamate,1,CCCCCOC(CN1C(=O)C(C(=O)N(C1=O)CC(COCCCC)OC(=O)N)(CC)C2=CC=CC=C2)OC(=O)N.CCCCOCC(CN1C(=O)C(C(=O)NC1=O)(CC)C2=CC=CC=C2)OC(=O)N.CCC1(C(=O)NC(=O)NC1=O)C2=CC=CC=C2
vincristine,1,CCC1(CC2CC(C3=C(CCN(C2)C1)C4=CC=CC=C4N3)(C5=C(C=C6C(=C5)C78CCN9C7C(C=CC9)(C(C(C8N6C=O)(C(=O)OC)O)OC(=O)C)CC)OC)C(=O)OC)O
xenazoic acid,1,CCOC(C(=O)C1=CC=C(C=C1)C2=CC=CC=C2)NC3=CC=C(C=C3)C(=O)O
zafirlukast,1,CC1=CC=CC=C1S(=O)(=O)NC(=O)C2=CC(=C(C=C2)CC3=CN(C4=C3C=C(C=C4)NC(=O)OC5CCCC5)C)OC
falnidamol ,1,CN1CCC(CC1)NC2=NC=C3C(=N2)C(=NC=N3)NC4=CC(=C(C=C4)F)Cl
zimelidine,1,CN(C)CC=C(C1=CC=C(C=C1)Br)C2=CN=CC=C2
caffeine,0,CN1C=NC2=C1C(=O)N(C(=O)N2C)C
capreomycin,0,CC1C(=O)NC(C(=O)NC(=CNC(=O)N)C(=O)NC(C(=O)NCC(C(=O)N1)N)C2CCN=C(N2)N)CNC(=O)CC(CCCN)N.C1CN=C(NC1C2C(=O)NCC(C(=O)NC(C(=O)NC(C(=O)NC(=CNC(=O)N)C(=O)N2)CNC(=O)CC(CCCN)N)CO)N)N
lidocaine,0,CCN(CC)CC(=O)NC1=C(C=CC=C1C)C
memantine,1,CC12CC3CC(C1)(CC(C3)(C2)N)C
pamidronate,0,C(CN)C(O)(P(=O)(O)O)P(=O)(O)O
quinine,1,COC1=CC2=C(C=CN=C2C=C1)C(C3CC4CCN3CC4C=C)O
rosuvastatin,1,CC(C)C1=NC(=NC(=C1C=CC(CC(CC(=O)O)O)O)C2=CC=C(C=C2)F)N(C)S(=O)(=O)C
sulfamethizole,1,CC1=NN=C(S1)NS(=O)(=O)C2=CC=C(C=C2)N
telithromycin,1,CCC1C2(C(C(C(=O)C(CC(C(C(C(=O)C(C(=O)O1)C)C)OC3C(C(CC(O3)C)N(C)C)O)(C)OC)C)C)N(C(=O)O2)CCCCN4C=C(N=C4)C5=CN=CC=C5)C
entacapone,1,CCN(CC)C(=O)C(=CC1=CC(=C(C(=C1)O)O)[N+](=O)[O-])C#N
valdecoxib,1,CC1=C(C(=NO1)C2=CC=CC=C2)C3=CC=C(C=C3)S(=O)(=O)N
dexpanthenol,0,CC(C)(CO)C(C(=O)NCCCO)O
scopolamine,0,CN1C2CC(CC1C3C2O3)OC(=O)C(CO)C4=CC=CC=C4
pyridoxine,0,CC1=NC=C(C(=C1O)CO)CO
thiamine,0,CC1=C(SC=[N+]1CC2=CN=C(N=C2N)C)CCO
cyanocobalamin,0,CC1=CC2=C(C=C1C)[N+](=CN2)C3C(C(C(O3)CO)OP(=O)(O)OC(C)CNC(=O)CCC4(C(C5C6(C(C(C(=N6)C(=C7C(C(C(=CC8=NC(=C(C4=N5)C)C(C8(C)C)CCC(=N)[O-])N7)CCC(=N)[O-])(C)CC(=O)N)C)CCC(=N)[O-])(C)CC(=O)N)C)CC(=O)N)C)O.[C]#N.[Co+2]
cromoglicate,1,C1=CC2=C(C(=C1)OCC(COC3=CC=CC4=C3C(=O)C=C(O4)C(=O)O)O)C(=O)C=C(O2)C(=O)O
montelukast,1,CC(C)(C1=CC=CC=C1CCC(C2=CC=CC(=C2)C=CC3=NC4=C(C=CC(=C4)Cl)C=C3)SCC5(CC5)CC(=O)O)O
moxifloxacin,1,COC1=C2C(=CC(=C1N3CC4CCCNC4C3)F)C(=O)C(=CN2C5CC5)C(=O)O
vitamin c,0,C(C(C1C(=C(C(=O)O1)O)O)O)O
sorbitol,0,C(C(C(C(C(CO)O)O)O)O)O
capecitabine,0,CCCCCOC(=O)NC1=NC(=O)N(C=C1F)C2C(C(C(O2)C)O)O
leuprolide,1,CCNC(=O)C1CCCN1C(=O)C(CCCN=C(N)N)NC(=O)C(CC(C)C)NC(=O)C(CC(C)C)NC(=O)C(CC2=CC=C(C=C2)O)NC(=O)C(CO)NC(=O)C(CC3=CNC4=CC=CC=C43)NC(=O)C(CC5=CN=CN5)NC(=O)C6CCC(=O)N6
eletriptan,0,CN1CCCC1CC2=CNC3=C2C=C(C=C3)CCS(=O)(=O)C4=CC=CC=C4
hydroxychloroquine,1,CCN(CCCC(C)NC1=C2C=CC(=CC2=NC=C1)Cl)CCO
ximelagatran,1,CCOC(=O)CNC(C1CCCCC1)C(=O)N2CCC2C(=O)NCC3=CC=C(C=C3)C(=NO)N
duloxetine,1,CNCCC(C1=CC=CS1)OC2=CC=CC3=CC=CC=C32
carisoprodol,0,CCCC(C)(COC(=O)N)COC(=O)NC(C)C
dicloxacillin,1,CC1=C(C(=NO1)C2=C(C=CC=C2Cl)Cl)C(=O)NC3C4N(C3=O)C(C(S4)(C)C)C(=O)O
metolazone,0,CC1NC2=CC(=C(C=C2C(=O)N1C3=CC=CC=C3C)S(=O)(=O)N)Cl
pamabrom,0,CC(C)(CO)N.CN1C2=C(C(=O)N(C1=O)C)NC(=N2)Br
dextromethorphan,0,CN1CCC23CCCCC2C1CC4=C3C=C(C=C4)OC
bacitracin,0,CCC(C)C1C(=O)NC(C(=O)NC(C(=O)NC(C(=O)NC(C(=O)NCCCCC(C(=O)NC(C(=O)N1)CCCN)NC(=O)C(C(C)CC)NC(=O)C(CCC(=O)O)NC(=O)C(CC(C)C)NC(=O)C2CSC(=N2)C(C(C)CC)N)CC(=O)N)CC(=O)O)CC3=CN=CN3)CC4=CC=CC=C4
paromomycin,0,C1C(C(C(C(C1N)OC2C(C(C(C(O2)CO)O)O)N)OC3C(C(C(O3)CO)OC4C(C(C(C(O4)CN)O)O)N)O)O)N
telmisartan,1,CCCC1=NC2=C(N1CC3=CC=C(C=C3)C4=CC=CC=C4C(=O)O)C=C(C=C2C)C5=NC6=CC=CC=C6N5C
ammonium chloride,0,[NH4+].[Cl-]
amiloride,1,C1(=C(N=C(C(=N1)Cl)N)N)C(=O)N=C(N)N
methysergide,0,CCC(CO)NC(=O)C1CN(C2CC3=CN(C4=CC=CC(=C34)C2=C1)C)C
methylergonovine,0,CCC(CO)NC(=O)C1CN(C2CC3=CNC4=CC=CC(=C34)C2=C1)C
brompheniramine,0,CN(C)CCC(C1=CC=C(C=C1)Br)C2=CC=CC=N2
l-arginine,0,C(CC(C(=O)O)N)CN=C(N)N
pyridostigmine,0,C[N+]1=CC=CC(=C1)OC(=O)N(C)C
phenoxybenzamine,0,CC(COC1=CC=CC=C1)N(CCCl)CC2=CC=CC=C2
oxybutynin,0,CCN(CC)CC#CCOC(=O)C(C1CCCCC1)(C2=CC=CC=C2)O
orphenadrine,0,CC1=CC=CC=C1C(C2=CC=CC=C2)OCCN(C)C
loperamide,0,CN(C)C(=O)C(CCN1CCC(CC1)(C2=CC=C(C=C2)Cl)O)(C3=CC=CC=C3)C4=CC=CC=C4
isoxsuprine,0,CC(COC1=CC=CC=C1)NC(C)C(C2=CC=C(C=C2)O)O
glafenine,1,C1=CC=C(C(=C1)C(=O)OCC(CO)O)NC2=C3C=CC(=CC3=NC=C2)Cl
acetylcholine chloride,0,CC(=O)OCC[N+](C)(C)C.[Cl-]
amphetamine,1,CC(CC1=CC=CC=C1)N
mepazine,1,CN1CCCC(C1)CN2C3=CC=CC=C3SC4=CC=CC=C42
nandrolone decanoate,1,CCCCCCCCCC(=O)OC1CCC2C1(CCC3C2CCC4=CC(=O)CCC34)C
auranofin,1,CCP(CC)CC.CC(=O)OCC1C(C(C(C(O1)[S-])OC(=O)C)OC(=O)C)OC(=O)C.[Au+]
simethicone,0,CO[Si](C)(C)O[Si](C)(C)C.O=[Si]=O
betaine,0,C[N+](C)(C)CC(=O)[O-]
bisacodyl,0,CC(=O)OC1=CC=C(C=C1)C(C2=CC=C(C=C2)OC(=O)C)C3=CC=CC=N3
leucovorin,0,C1C(N(C2=C(N1)N=C(NC2=O)N)C=O)CNC3=CC=C(C=C3)C(=O)NC(CCC(=O)O)C(=O)O
lapatinib,1,CS(=O)(=O)CCNCC1=CC=C(O1)C2=CC3=C(C=C2)N=CN=C3NC4=CC(=C(C=C4)OCC5=CC(=CC=C5)F)Cl
oseltamivir,0,CCC(CC)OC1C=C(CC(C1NC(=O)C)N)C(=O)OCC
alaproclate,1,CC(C(=O)OC(C)(C)CC1=CC=C(C=C1)Cl)N
orlistat,1,CCCCCCCCCCCC(CC1C(C(=O)O1)CCCCCC)OC(=O)C(CC(C)C)NC=O
apomorphine,0,CN1CCC2=C3C1CC4=C(C3=CC=C2)C(=C(C=C4)O)O
dihydroergotamine,0,CC1(C(=O)N2C(C(=O)N3CCCC3C2(O1)O)CC4=CC=CC=C4)NC(=O)C5CC6C(CC7=CNC8=CC=CC6=C78)N(C5)C
procyclidine,0,C1CCC(CC1)C(CCN2CCCC2)(C3=CC=CC=C3)O
clemastine,0,CC(C1=CC=CC=C1)(C2=CC=C(C=C2)Cl)OCCC3CCCN3C
tenofovir,1,CC(CN1C=NC2=C(N=CN=C21)N)OCP(=O)(O)O
norethindrone acetate,0,CC(=O)OC1(CCC2C1(CCC3C2CCC4=CC(=O)CCC34)C)C#C
exametazime,0,CC(C(=NO)C)NCC(C)(C)CNC(C)C(=NO)C
erythropoietin,0,CC1CC=CC=CC(C(CC(C(C(C(CC(=O)O1)O)OC)OC2C(C(C(C(O2)C)OC3CC(C(C(O3)C)O)(C)O)N(C)C)O)CCO)C)OC4CC(C(C(O4)C)O)(C)O
Argipressin,0,C1CC(N(C1)C(=O)C2CSSCC(C(=O)NC(C(=O)NC(C(=O)NC(C(=O)NC(C(=O)N2)CC(=O)N)CCC(=O)N)CC3=CC=CC=C3)CC4=CC=C(C=C4)O)N)C(=O)NC(CCCN=C(N)N)C(=O)NCC(=O)N
sodium bicarbonate,0,C(=O)(O)[O-].[Na+]
plerixafor,0,C1CNCCNCCCN(CCNC1)CC2=CC=C(C=C2)CN3CCCNCCNCCCNCC3
tyramine,0,C1=CC(=CC=C1CCN)O
Hetastarch,0,
imiglucerase,0,
agalsidase beta,0,
gadolinium ethoxybenzyl DTPA,0,CCOC1=CC=C(C=C1)CC(CN(CCN(CC(=O)[O-])CC(=O)[O-])CC(=O)[O-])N(CC(=O)[O-])CC(=O)[O-].[Na+].[Na+].[Gd+3]
canakinumab,1,
Levoleucovorin,0,C1C(N(C2=C(N1)N=C(NC2=O)N)C=O)CNC3=CC=C(C=C3)C(=O)NC(CCC(=O)O)C(=O)O
levomefolate calcium,0,CN1C(CNC2=C1C(=O)NC(=N2)N)CNC3=CC=C(C=C3)C(=O)NC(CCC(=O)[O-])C(=O)[O-].[Ca+2]
sitaxsentan,1,CC1=CC2=C(C=C1CC(=O)C3=C(C=CS3)S(=O)(=O)NC4=C(C(=NO4)C)Cl)OCO2
dexmethylphenidate,1,COC(=O)C(C1CCCCN1)C2=CC=CC=C2
hyaluronidase recombinant human,0,
Floxuridine,1,C1C(C(OC1N2C=C(C(=O)NC2=O)F)CO)O
Flucloxacillin,1,CC1=C(C(=NO1)C2=C(C=CC=C2Cl)F)C(=O)NC3C4N(C3=O)C(C(S4)(C)C)C(=O)O
Halothane,1,C(C(F)(F)F)(Cl)Br
Acetohexamide,1,CC(=O)C1=CC=C(C=C1)S(=O)(=O)NC(=O)NC2CCCCC2
Dabigatran,1,CN1C2=C(C=C(C=C2)C(=O)N(CCC(=O)O)C3=CC=CC=N3)N=C1CNC4=CC=C(C=C4)C(=N)N
Gliclazide,1,CC1=CC=C(C=C1)S(=O)(=O)NC(=O)NN2CC3CCCC3C2
Imipenem,1,CC(C1C2CC(=C(N2C1=O)C(=O)O)SCCN=CN)O
Lopinavir,1,CC1=C(C(=CC=C1)C)OCC(=O)NC(CC2=CC=CC=C2)C(CC(CC3=CC=CC=C3)NC(=O)C(C(C)C)N4CCCNC4=O)O
Molindone,1,CCC1=C(NC2=C1C(=O)C(CC2)CN3CCOCC3)C
Plicamycin,1,CC1C(C(CC(O1)OC2CC(OC(C2O)C)OC3=CC4=CC5=C(C(=O)C(C(C5)C(C(=O)C(C(C)O)O)OC)OC6CC(C(C(O6)C)O)OC7CC(C(C(O7)C)O)OC8CC(C(C(O8)C)O)(C)O)C(=C4C(=C3C)O)O)O)O
Rilpivirine,1,CC1=CC(=CC(=C1NC2=NC(=NC=C2)NC3=CC=C(C=C3)C#N)C)C=CC#N
Tibolone,1,CC1CC2=C(CCC(=O)C2)C3C1C4CCC(C4(CC3)C)(C#C)O
Tobramycin,1,C1C(C(C(C(C1N)OC2C(C(C(C(O2)CO)O)N)O)O)OC3C(CC(C(O3)CN)O)N)N
Vismodegib,1,CS(=O)(=O)C1=CC(=C(C=C1)C(=O)NC2=CC(=C(C=C2)Cl)C3=CC=CC=N3)Cl
Hydrocodone,0,CN1CCC23C4C1CC5=C2C(=C(C=C5)OC)OC3C(=O)CC4
Zalcitabine,0,C1CC(OC1CO)N2C=CC(=NC2=O)N
Acrivastine,0,CC1=CC=C(C=C1)C(=CCN2CCCC2)C3=CC=CC(=N3)C=CC(=O)O
Amobarbital,0,CCC1(C(=O)NC(=O)NC1=O)CCC(C)C
Artemether,0,CC1CCC2C(C(OC3C24C1CCC(O3)(OO4)C)OC)C
Bitolterol,0,CC1=CC=C(C=C1)C(=O)OC2=C(C=C(C=C2)C(CNC(C)(C)C)O)OC(=O)C3=CC=C(C=C3)C
Butalbital,0,CC(C)CC1(C(=O)NC(=O)NC1=O)CC=C
Butobarbital,0,CCCCC1(C(=O)NC(=O)NC1=O)CC
Carmustine,0,C(CCl)NC(=O)N(CCCl)N=O
Chloral hydrate,0,C(C(Cl)(Cl)Cl)(O)O
Chlortetracycline,0,CC1(C2CC3C(C(=O)C(=C(C3(C(=O)C2=C(C4=C(C=CC(=C41)Cl)O)O)O)O)C(=O)N)N(C)C)O
Cilastatin,0,CC1(CC1C(=O)NC(=CCCCCSCC(C(=O)O)N)C(=O)O)C
Cisapride,0,COC1CN(CCC1NC(=O)C2=CC(=C(C=C2OC)N)Cl)CCCOC3=CC=C(C=C3)F
Cobicistat,0,CC(C)C1=NC(=CS1)CN(C)C(=O)NC(CCN2CCOCC2)C(=O)NC(CCC(CC3=CC=CC=C3)NC(=O)OCC4=CN=CS4)CC5=CC=CC=C5
Docusate,0,CCCCC(CC)COC(=O)CC(C(=O)OCC(CC)CCCC)S(=O)(=O)O
Ergotamine,0,CC1(C(=O)N2C(C(=O)N3CCCC3C2(O1)O)CC4=CC=CC=C4)NC(=O)C5CN(C6CC7=CNC8=CC=CC(=C78)C6=C5)C
Ethacrynate,0,CCC(=C)C(=O)C1=C(C(=C(C=C1)OCC(=O)O)Cl)Cl
Fentanyl,0,CCC(=O)N(C1CCN(CC1)CCC2=CC=CC=C2)C3=CC=CC=C3
Formoterol,0,CC(CC1=CC=C(C=C1)OC)NCC(C2=CC(=C(C=C2)O)NC=O)O
Gentamicin,0,CC(C1CCC(C(O1)OC2C(CC(C(C2O)OC3C(C(C(CO3)(C)O)NC)O)N)N)N)NC
Homatropine,0,CN1C2CCC1CC(C2)OC(=O)C(C3=CC=CC=C3)O
Hyoscyamine,0,CN1C2CCC1CC(C2)OC(=O)C(CO)C3=CC=CC=C3
Ipratropium,0,CC(C)[N+]1(C2CCC1CC(C2)OC(=O)C(CO)C3=CC=CC=C3)C
Levamisole,0,C1CSC2=NC(CN21)C3=CC=CC=C3
Levodopa,0,C1=CC(=C(C=C1CC(C(=O)O)N)O)O
Liraglutide,0,CCCCCCCCCCCCCCCC(=O)NC(CCC(=O)NCCCCC(C(=O)NC(CCC(=O)O)C(=O)NC(CC1=CC=CC=C1)C(=O)NC(C(C)CC)C(=O)NC(C)C(=O)NC(CC2=CNC3=CC=CC=C32)C(=O)NC(CC(C)C)C(=O)NC(C(C)C)C(=O)NC(CCCNC(=N)N)C(=O)NCC(=O)NC(CCCNC(=N)N)C(=O)NCC(=O)O)NC(=O)C(C)NC(=O)C(C)NC(=O)C(CCC(=O)N)NC(=O)CNC(=O)C(CCC(=O)O)NC(=O)C(CC(C)C)NC(=O)C(CC4=CC=C(C=C4)O)NC(=O)C(CO)NC(=O)C(CO)NC(=O)C(C(C)C)NC(=O)C(CC(=O)O)NC(=O)C(CO)NC(=O)C(C(C)O)NC(=O)C(CC5=CC=CC=C5)NC(=O)C(C(C)O)NC(=O)CNC(=O)C(CCC(=O)O)NC(=O)C(C)NC(=O)C(CC6=CN=CN6)N)C(=O)O
Nalmefene,0,C=C1CCC2(C3CC4=C5C2(C1OC5=C(C=C4)O)CCN3CC6CC6)O
Proguanil,0,CC(C)N=C(N)N=C(N)NC1=CC=C(C=C1)Cl
Salmeterol,0,C1=CC=C(C=C1)CCCCOCCCCCCNCC(C2=CC(=C(C=C2)O)CO)O
Tazobactam,0,CC1(C(N2C(S1(=O)=O)CC2=O)C(=O)O)CN3C=CN=N3
Thiopental,0,CCCC(C)C1(C(=O)NC(=S)NC1=O)CC
Ticarcillin,0,CC1(C(N2C(S1)C(C2=O)NC(=O)C(C3=CSC=C3)C(=O)O)C(=O)O)C
Tiotropium,0,C[N+]1(C2CC(CC1C3C2O3)OC(=O)C(C4=CC=CS4)(C5=CC=CS5)O)C
Zanamivir,0,CC(=O)NC1C(C=C(OC1C(C(CO)O)O)C(=O)O)N=C(N)N
ACEMETACIN,1,CC1=C(C2=C(N1C(=O)C3=CC=C(C=C3)Cl)C=CC(=C2)OC)CC(=O)OCC(=O)O
ACETARSOL,1,CC(=O)NC1=C(C=CC(=C1)[As](=O)(O)O)O
Alatrofloxacin,1,CC(C(=O)NC(C)C(=O)NC1C2C1CN(C2)C3=C(C=C4C(=O)C(=CN(C4=N3)C5=C(C=C(C=C5)F)F)C(=O)O)F)N
Alimemazine,1,CC(CN1C2=CC=CC=C2SC3=CC=CC=C31)CN(C)C
ANDROSTANOLONE,1,CC12CCC(=O)CC1CCC3C2CCC4(C3CCC4O)C
Artemisinin,1,CC1CCC2C(C(=O)OC3C24C1CCC(O3)(OO4)C)C
Artesunate,1,CC1CCC2C(C(OC3C24C1CCC(O3)(OO4)C)OC(=O)CCC(=O)O)C
bendazolic acid,1,C1=CC=C(C=C1)CN2C3=CC=CC=C3C(=N2)OCC(=O)O
Bupivacaine,1,CCCCN1CCCCC1C(=O)NC2=C(C=CC=C2C)C
CALCIUM CARBIMIDE,1,C(=[N-])=[N-].[Ca+2]
CARBIMAZOLE,1,CCOC(=O)N1C=CN(C1=S)C
Cerivastatin,1,CC(C)C1=C(C(=C(C(=N1)C(C)C)COC)C2=CC=C(C=C2)F)C=CC(CC(CC(=O)O)O)O
CILAZAPRIL,1,CCOC(=O)C(CCC1=CC=CC=C1)NC2CCCN3CCCC(N3C2=O)C(=O)O
CINITAPRIDE,1,CCOC1=CC(=C(C=C1C(=O)NC2CCN(CC2)CC3CCC=CC3)[N+](=O)[O-])N
CLOMETHIAZOLE,1,CC1=C(SC=N1)CCCl
CLOTIAZEPAM,1,CCC1=CC2=C(S1)N(C(=O)CN=C2C3=CC=CC=C3Cl)C
COCAINE,1,CN1C2CCC1C(C(C2)OC(=O)C3=CC=CC=C3)C(=O)OC
CYPROTERONE,1,CC(=O)C1(CCC2C1(CCC3C2C=C(C4=CC(=O)C5CC5C34C)Cl)C)O
Dehydroepiandrosterone,1,CC12CCC3C(C1CCC2=O)CC=C4C3(CCC(C4)O)C
Desflurane,1,C(C(F)(F)F)(OC(F)F)F
DEXKETOPROFEN,1,CC(C1=CC(=CC=C1)C(=O)C2=CC=CC=C2)C(=O)O
DICOUMAROL,1,C1=CC=C2C(=C1)C(=C(C(=O)O2)CC3=C(C4=CC=CC=C4OC3=O)O)O
EBASTINE,1,CC(C)(C)C1=CC=C(C=C1)C(=O)CCCN2CCC(CC2)OC(C3=CC=CC=C3)C4=CC=CC=C4
ENFLURANE,1,C(C(OC(F)F)(F)F)(F)Cl
ESTRIOL,1,CC12CCC3C(C1CC(C2O)O)CCC4=C3C=CC(=C4)O
Ethinylestradiol,1,CC12CCC3C(C1CCC2(C#C)O)CCC4=C3C=CC(=C4)O
ETRETINATE,1,CCOC(=O)C=C(C)C=CC=C(C)C=CC1=C(C(=C(C=C1C)OC)C)C
FLUPENTIXOL,1,C1CN(CCN1CCC=C2C3=CC=CC=C3SC4=C2C=C(C=C4)C(F)(F)F)CCO
Fusidic Acid,1,CC1C2CCC3(C(C2(CCC1O)C)C(CC4C3(CC(C4=C(CCC=C(C)C)C(=O)O)OC(=O)C)C)O)C
GLUCOSAMINE,1,C(C1C(C(C(C(O1)O)N)O)O)O
Growth Hormone,1,CC1C(=O)NC2CSSCC3C(=O)NC(C(=O)NC(C(=O)NC(CSSC(NC(=O)CNC(=O)C(NC2=O)C(C)O)C(=O)NC(CC4=CC=C(C=C4)O)C(=O)O)C(=O)NC(CSSCC(C(=O)N3)NC(=O)C(CC5=CC=C(C=C5)O)NC(=O)C(CC(=O)N)NC(=O)C(CO)NC(=O)C(CO)NC(=O)C(CC(=O)N)N)C(=O)NC(C(=O)N6CCCC6C(=O)N1)CC(=O)N)CC(C)C)CCC(=O)O
Isaxonine phosphate,1,CC(C)NC1=NC=CC=N1.OP(=O)(O)O
JOSAMYCIN,1,CC1CC=CC=CC(C(CC(C(C(C(CC(=O)O1)OC(=O)C)OC)OC2C(C(C(C(O2)C)OC3CC(C(C(O3)C)OC(=O)CC(C)C)(C)O)N(C)C)O)CC=O)C)O
LEVOMEPROMAZINE,1,CC(CN1C2=CC=CC=C2SC3=C1C=C(C=C3)OC)CN(C)C
Melperone,1,CC1CCN(CC1)CCCC(=O)C2=CC=C(C=C2)F
METAMIZOLE,1,CC1=C(C(=O)N(N1C)C2=CC=CC=C2)N(C)CS(=O)(=O)O
Methoxyflurane,1,COC(C(Cl)Cl)(F)F
NIFLUMIC ACID,1,C1=CC(=CC(=C1)NC2=C(C=CC=N2)C(=O)O)C(F)(F)F
PENICILLIN,1,CC1(C(N2C(S1)C(C2=O)NC(=O)CC3=CC=CC=C3)C(=O)O)C
Phenisatin,1,CC(=O)N1C2=CC=CC=C2C(C1=O)(C3=CC=C(C=C3)OC(=O)C)C4=CC=C(C=C4)OC(=O)C
Pivmecillinam,1,CC1(C(N2C(S1)C(C2=O)N=CN3CCCCCC3)C(=O)OCOC(=O)C(C)(C)C)C
RITODRINE,1,CC(C(C1=CC=C(C=C1)O)O)NCCC2=CC=C(C=C2)O
ROFECOXIB,1,CS(=O)(=O)C1=CC=C(C=C1)C2=C(C(=O)OC2)C3=CC=CC=C3
ROXITHROMYCIN,1,CCC1C(C(C(C(=NOCOCCOC)C(CC(C(C(C(C(C(=O)O1)C)OC2CC(C(C(O2)C)O)(C)OC)C)OC3C(C(CC(O3)C)N(C)C)O)(C)O)C)C)O)(C)O
STANOZOLOL,1,CC12CCC3C(C1CCC2(C)O)CCC4C3(CC5=C(C4)NN=C5)C
Suloctidil,1,CCCCCCCCNC(C)C(C1=CC=C(C=C1)SC(C)C)O
TACRINE,1,C1CCC2=NC3=CC=CC=C3C(=C2C1)N
TENOXICAM,1,CN1C(=C(C2=C(S1(=O)=O)C=CS2)O)C(=O)NC3=CC=CC=N3
TIRATRICOL,1,C1=CC(=C(C=C1OC2=C(C=C(C=C2I)CC(=O)O)I)I)O
TRIPTORELIN,1,CC(C)CC(C(=O)NC(CCCN=C(N)N)C(=O)N1CCCC1C(=O)NCC(=O)N)NC(=O)C(CC2=CNC3=CC=CC=C32)NC(=O)C(CC4=CC=C(C=C4)O)NC(=O)C(CO)NC(=O)C(CC5=CNC6=CC=CC=C65)NC(=O)C(CC7=CN=CN7)NC(=O)C8CCC(=O)N8
phenacetin,1,CCOC1=CC=C(C=C1)NC(=O)C
bithionol,1,C1=C(C=C(C(=C1SC2=C(C(=CC(=C2)Cl)Cl)O)O)Cl)Cl
hexachlorophene,1,C1=C(C(=C(C(=C1Cl)Cl)CC2=C(C(=CC(=C2Cl)Cl)Cl)O)O)Cl
methapyrilene,1,CN(C)CCN(CC1=CC=CS1)C2=CC=CC=N2
tripelennamine,1,CN(C)CCN(CC1=CC=CC=C1)C2=CC=CC=N2
oxyquinoline,1,C1=CC2=C(C(=C1)O)N=CC=C2
meticillin,1,CC1(C(N2C(S1)C(C2=O)NC(=O)C3=C(C=CC=C3OC)OC)C(=O)O)C
amsacrine,1,COC1=C(C=CC(=C1)NS(=O)(=O)C)NC2=C3C=CC=CC3=NC4=CC=CC=C42
furazolidone,1,C1COC(=O)N1N=CC2=CC=C(O2)[N+](=O)[O-]
hycanthone,1,CCN(CC)CCNC1=C2C(=C(C=C1)CO)SC3=CC=CC=C3C2=O
idoxuridine,1,C1C(C(OC1N2C=C(C(=O)NC2=O)I)CO)O
novobiocin,1,CC1=C(C=CC2=C1OC(=O)C(=C2O)NC(=O)C3=CC(=C(C=C3)O)CC=C(C)C)OC4C(C(C(C(O4)(C)C)OC)OC(=O)N)O
tianeptine,1,CN1C2=CC=CC=C2C(C3=C(S1(=O)=O)C=C(C=C3)Cl)NCCCCCCC(=O)O
methacycline,1,CN(C)C1C2C(C3C(=C)C4=C(C(=CC=C4)O)C(=C3C(=O)C2(C(=C(C1=O)C(=O)N)O)O)O)O
bepridil,1,CC(C)COCC(CN(CC1=CC=CC=C1)C2=CC=CC=C2)N3CCCC3
betahistine,1,CNCCC1=CC=CC=N1
ciprofibrate,1,CC(C)(C(=O)O)OC1=CC=C(C=C1)C2CC2(Cl)Cl
diethylcarbamazine,1,CCN(CC)C(=O)N1CCN(CC1)C
fenoterol,1,CC(CC1=CC=C(C=C1)O)NCC(C2=CC(=CC(=C2)O)O)O
phenylbutazone,1,CCCCC1C(=O)N(N(C1=O)C2=CC=CC=C2)C3=CC=CC=C3
ethynodiol diacetate,1,CC(=O)OC1CCC2C3CCC4(C(C3CCC2=C1)CCC4(C#C)OC(=O)C)C
atractyloside,1,CC(C)CC(=O)OC1C(C(C(OC1OC2CC(C3CCC45CC(CCC4C3(C2)C)C(=C)C5O)C(=O)O)CO)OS(=O)(=O)[O-])OS(=O)(=O)[O-].[K+].[K+]
temafloxacin,1,CC1CN(CCN1)C2=C(C=C3C(=C2)N(C=C(C3=O)C(=O)O)C4=C(C=C(C=C4)F)F)F
cefamandole,1,CN1C(=NN=N1)SCC2=C(N3C(C(C3=O)NC(=O)C(C4=CC=CC=C4)O)SC2)C(=O)O
amodiaquine,1,CCN(CC)CC1=C(C=CC(=C1)NC2=C3C=CC(=CC3=NC=C2)Cl)O
glutethimide,1,CCC1(CCC(=O)NC1=O)C2=CC=CC=C2
sulfanilamide,1,C1=CC(=CC=C1N)S(=O)(=O)N
2-acetylaminofluorene,1,CC(=O)NC1=CC2=C(C=C1)C3=CC=CC=C3C2
demecarium bromide,1,CN(CCCCCCCCCCN(C)C(=O)OC1=CC=CC(=C1)[N+](C)(C)C)C(=O)OC2=CC=CC(=C2)[N+](C)(C)C.[Br-].[Br-]
cefalotin,1,CC(=O)OCC1=C(N2C(C(C2=O)NC(=O)CC3=CC=CS3)SC1)C(=O)O
uracil mustard,1,C1=C(C(=O)NC(=O)N1)N(CCCl)CCCl
methylphenobarbital,1,CCC1(C(=O)NC(=O)N(C1=O)C)C2=CC=CC=C2
acenocoumarol,1,CC(=O)CC(C1=CC=C(C=C1)[N+](=O)[O-])C2=C(C3=CC=CC=C3OC2=O)O
1-naphthylisothiocyanate,1,C1=CC=C2C(=C1)C=CC=C2N=C=S
aflatoxin b1,1,COC1=C2C3=C(C(=O)CC3)C(=O)OC2=C4C5C=COC5OC4=C1
indacrinone,1,CC1(CC2=CC(=C(C(=C2C1=O)Cl)Cl)OCC(=O)O)C3=CC=CC=C3
cefotiam,1,CN(C)CCN1C(=NN=N1)SCC2=C(N3C(C(C3=O)NC(=O)CC4=CSC(=N4)N)SC2)C(=O)O
troleandomycin,1,CC1CC(C(C(O1)OC2C(CC3(CO3)C(=O)C(C(C(C(OC(=O)C(C(C2C)OC4CC(C(C(O4)C)OC(=O)C)OC)C)C)C)OC(=O)C)C)C)OC(=O)C)N(C)C
perhexiline maleate,1,C1CCC(CC1)C(CC2CCCCN2)C3CCCCC3.C(=CC(=O)O)C(=O)O
ciglitazone,1,CC1(CCCCC1)COC2=CC=C(C=C2)CC3C(=O)NC(=O)S3
fluspirilene,1,C1CN(CCC12C(=O)NCN2C3=CC=CC=C3)CCCC(C4=CC=C(C=C4)F)C5=CC=C(C=C5)F
norgestrel,1,CCC12CCC3C(C1CCC2(C#C)O)CCC4=CC(=O)CCC34
carbon tetrachloride,1,C(Cl)(Cl)(Cl)Cl
aurothioglucose,1,C(C1C(C(C(C(O1)[S-])O)O)O)O.[Au+]
phenothiazine,1,C1=CC=C2C(=C1)NC3=CC=CC=C3S2
allyl alcohol,1,C=CCO
bromobenzene,1,C1=CC=C(C=C1)Br
azatadine,1,CN1CCC(=C2C3=CC=CC=C3CCC4=C2N=CC=C4)CC1
allyl formate,1,C=CCOC=O
tauroursodeoxycholic acid,1,CC(CCC(=O)NCCS(=O)(=O)O)C1CCC2C1(CCC3C2C(CC4C3(CCC(C4)O)C)O)C
octylmethoxycinnamate,1,CCCCC(CC)COC(=O)C=CC1=CC=C(C=C1)OC
ketotifen,0,CN1CCC(=C2C3=C(C(=O)CC4=CC=CC=C42)SC=C3)CC1
permethrin,0,CC1(C(C1C(=O)OCC2=CC(=CC=C2)OC3=CC=CC=C3)C=C(Cl)Cl)C
oxyphenonium,0,CC[N+](C)(CC)CCOC(=O)C(C1CCCCC1)(C2=CC=CC=C2)O
pyridoxal phosphate,0,CC1=NC=C(C(=C1O)C=O)COP(=O)(O)O
aminoglutethimide,0,CCC1(CCC(=O)NC1=O)C2=CC=C(C=C2)N
tetracaine,0,CCCCNC1=CC=C(C=C1)C(=O)OCCN(C)C
miconazole,0,C1=CC(=C(C=C1Cl)Cl)COC(CN2C=CN=C2)C3=C(C=C(C=C3)Cl)Cl
lindane,0,C1(C(C(C(C(C1Cl)Cl)Cl)Cl)Cl)Cl
astemizole,0,COC1=CC=C(C=C1)CCN2CCC(CC2)NC3=NC4=CC=CC=C4N3CC5=CC=C(C=C5)F
ciclopirox,0,CC1=CC(=O)N(C(=C1)C2CCCCC2)O
pinacidil,0,CC(C(C)(C)C)N=C(NC#N)NC1=CC=NC=C1.O
terfenadine,0,CC(C)(C)C1=CC=C(C=C1)C(CCCN2CCC(CC2)C(C3=CC=CC=C3)(C4=CC=CC=C4)O)O
methoxamine,0,CC(C(C1=C(C=CC(=C1)OC)OC)O)N
beclomethasone,0,CC1CC2C3CCC4=CC(=O)C=CC4(C3(C(CC2(C1(C(=O)CO)O)C)O)Cl)C
vidarabine,0,C1=NC(=C2C(=N1)N(C=N2)C3C(C(C(O3)CO)O)O)N
bezafibrate,0,CC(C)(C(=O)O)OC1=CC=C(C=C1)CCNC(=O)C2=CC=C(C=C2)Cl
bambuterol,0,CC(C)(C)NCC(C1=CC(=CC(=C1)OC(=O)N(C)C)OC(=O)N(C)C)O
gallamine triethiodide,0,CC[N+](CC)(CC)CCOC1=C(C(=CC=C1)OCC[N+](CC)(CC)CC)OCC[N+](CC)(CC)CC.[I-].[I-].[I-]
melatonin,0,CC(=O)NCCC1=CNC2=C1C=C(C=C2)OC
nocodazole,0,COC(=O)NC1=NC2=C(N1)C=C(C=C2)C(=O)C3=CC=CS3
zomepirac,0,CC1=C(N(C(=C1)CC(=O)O)C)C(=O)C2=CC=C(C=C2)Cl
alloxan,0,C1(=O)C(=O)NC(=O)NC1=O
pargyline,0,CN(CC#C)CC1=CC=CC=C1
probucol,0,CC(C)(C)C1=CC(=CC(=C1O)C(C)(C)C)SC(C)(C)SC2=CC(=C(C(=C2)C(C)(C)C)O)C(C)(C)C
lactose,0,C(C1C(C(C(C(O1)OC2C(OC(C(C2O)O)O)CO)O)O)O)O
anileridine,0,CCOC(=O)C1(CCN(CC1)CCC2=CC=C(C=C2)N)C3=CC=CC=C3
citicoline,0,C[N+](C)(C)CCOP(=O)([O-])OP(=O)(O)OCC1C(C(C(O1)N2C=CC(=NC2=O)N)O)O
mometasone,0,CC1CC2C3CCC4=CC(=O)C=CC4(C3(C(CC2(C1(C(=O)CCl)O)C)O)Cl)C
capsaicin,0,CC(C)C=CCCCCC(=O)NCC1=CC(=C(C=C1)O)OC
ergonovine,0,CC(CO)NC(=O)C1CN(C2CC3=CNC4=CC=CC(=C34)C2=C1)C
econazole,0,C1=CC(=CC=C1COC(CN2C=CN=C2)C3=C(C=C(C=C3)Cl)Cl)Cl
sulconazole nitrate,0,C1=CC(=CC=C1CSC(CN2C=CN=C2)C3=C(C=C(C=C3)Cl)Cl)Cl.[N+](=O)(O)[O-]
sulfabenzamide,0,C1=CC=C(C=C1)C(=O)NS(=O)(=O)C2=CC=C(C=C2)N
cephapirin,0,CC(=O)OCC1=C(N2C(C(C2=O)NC(=O)CSC3=CC=NC=C3)SC1)C(=O)O
azlocillin,0,CC1(C(N2C(S1)C(C2=O)NC(=O)C(C3=CC=CC=C3)NC(=O)N4CCNC4=O)C(=O)O)C
butoconazole,0,C1=CC(=C(C(=C1)Cl)SC(CCC2=CC=C(C=C2)Cl)CN3C=CN=C3)Cl
mibefradil,0,CC(C)C1C2=C(CCC1(CCN(C)CCCC3=NC4=CC=CC=C4N3)OC(=O)COC)C=C(C=C2)F
ragaglitazar,0,CCOC(CC1=CC=C(C=C1)OCCN2C3=CC=CC=C3OC4=CC=CC=C42)C(=O)O
bismuth subsalicylate,0,C1=CC=C(C(=C1)C(=O)[O-])[O-].[OH-].[Bi+3]
isoxicam,0,CC1=CC(=NO1)NC(=O)C2=C(C3=CC=CC=C3S(=O)(=O)N2C)O
inositol,0,C1(C(C(C(C(C1O)O)O)O)O)O
latamoxef,0,CN1C(=NN=N1)SCC2=C(N3C(C(C3=O)(NC(=O)C(C4=CC=C(C=C4)O)C(=O)O)OC)OC2)C(=O)O
Abiraterone,1,CC12CCC(CC1=CCC3C2CCC4(C3CC=C4C5=CN=CC=C5)C)O
Acetorphan,1,CC(=O)SCC(CC1=CC=CC=C1)C(=O)NCC(=O)OCC2=CC=CC=C2
Alfacalcidol,1,CC(C)CCCC(C)C1CCC2C1(CCCC2=CC=C3CC(CC(C3=C)O)O)C
Ambroxol,1,C1CC(CCC1NCC2=C(C(=CC(=C2)Br)Br)N)O
Aminolevulinic acid,1,C(CC(=O)O)C(=O)CN
Amisulpride,1,CCN1CCCC1CNC(=O)C2=CC(=C(C=C2OC)N)S(=O)(=O)CC
Ampiroxicam,1,CCOC(=O)OC(C)OC1=C(N(S(=O)(=O)C2=CC=CC=C21)C)C(=O)NC3=CC=CC=N3
Anethole,1,CC=CC1=CC=C(C=C1)OC
Arbekacin,1,C1CC(C(OC1CN)OC2C(CC(C(C2O)OC3C(C(C(C(O3)CO)O)N)O)NC(=O)C(CCN)O)N)N
Axitinib,1,CNC(=O)C1=CC=CC=C1SC2=CC3=C(C=C2)C(=NN3)C=CC4=CC=CC=N4
Azelnidipine,1,CC1=C(C(C(=C(N1)N)C(=O)OC2CN(C2)C(C3=CC=CC=C3)C4=CC=CC=C4)C5=CC(=CC=C5)[N+](=O)[O-])C(=O)OC(C)C
Bacampicillin,1,CCOC(=O)OC(C)OC(=O)C1C(SC2N1C(=O)C2NC(=O)C(C3=CC=CC=C3)N)(C)C
Benidipine,1,CC1=C(C(C(=C(N1)C)C(=O)OC2CCCN(C2)CC3=CC=CC=C3)C4=CC(=CC=C4)[N+](=O)[O-])C(=O)OC
Beraprost,1,CC#CCC(C)C(C=CC1C(CC2C1C3=CC=CC(=C3O2)CCCC(=O)O)O)O
Boceprevir,1,CC1(C2C1C(N(C2)C(=O)C(C(C)(C)C)NC(=O)NC(C)(C)C)C(=O)NC(CC3CCC3)C(=O)C(=O)N)C
Bromazepam,1,C1C(=O)NC2=C(C=C(C=C2)Br)C(=N1)C3=CC=CC=N3
Bromhexine,1,CN(CC1=C(C(=CC(=C1)Br)Br)N)C2CCCCC2
Bromisoval,1,CC(C)C(C(=O)NC(=O)N)Br
Brotizolam,1,CC1=NN=C2N1C3=C(C=C(S3)Br)C(=NC2)C4=CC=CC=C4Cl
Bucillamine,1,CC(C)(C(=O)NC(CS)C(=O)O)S
Buflomedil,1,COC1=CC(=C(C(=C1)OC)C(=O)CCCN2CCCC2)OC
Buprenorphine,1,CC(C)(C)C(C)(C1CC23CCC1(C4C25CCN(C3CC6=C5C(=C(C=C6)O)O4)CC7CC7)OC)O
Cabazitaxel,1,CC1=C2C(C(=O)C3(C(CC4C(C3C(C(C2(C)C)(CC1OC(=O)C(C(C5=CC=CC=C5)NC(=O)OC(C)(C)C)O)O)OC(=O)C6=CC=CC=C6)(CO4)OC(=O)C)OC)C)OC
Cefcapene,1,CCC=C(C1=CSC(=N1)N)C(=O)NC2C3N(C2=O)C(=C(CS3)COC(=O)N)C(=O)O
Cefmetazole,1,CN1C(=NN=N1)SCC2=C(N3C(C(C3=O)(NC(=O)CSCC#N)OC)SC2)C(=O)O
Cefozopran,1,CON=C(C1=NSC(=N1)N)C(=O)NC2C3N(C2=O)C(=C(CS3)C[N+]4=C5C=CC=NN5C=C4)C(=O)[O-]
Cefpirome,1,CON=C(C1=CSC(=N1)N)C(=O)NC2C3N(C2=O)C(=C(CS3)C[N+]4=CC=CC5=C4CCC5)C(=O)[O-]
Celiprolol,1,CCN(CC)C(=O)NC1=CC(=C(C=C1)OCC(CNC(C)(C)C)O)C(=O)C
Chlormadinone,1,CC(=O)C1(CCC2C1(CCC3C2C=C(C4=CC(=O)CCC34C)Cl)C)O
Cibenzoline,1,C1CN=C(N1)C2CC2(C3=CC=CC=C3)C4=CC=CC=C4
Cilnidipine,1,CC1=C(C(C(=C(N1)C)C(=O)OCC=CC2=CC=CC=C2)C3=CC(=CC=C3)[N+](=O)[O-])C(=O)OCCOC
Clobazam,1,CN1C(=O)CC(=O)N(C2=C1C=CC(=C2)Cl)C3=CC=CC=C3
Clobetasol,1,CC1CC2C3CCC4=CC(=O)C=CC4(C3(C(CC2(C1(C(=O)CCl)O)C)O)F)C
Clodronic acid,1,C(P(=O)(O)O)(P(=O)(O)O)(Cl)Cl
Clofazimine,1,CC(C)N=C1C=C2C(=NC3=CC=CC=C3N2C4=CC=C(C=C4)Cl)C=C1NC5=CC=C(C=C5)Cl
Cloperastine,1,C1CCN(CC1)CCOC(C2=CC=CC=C2)C3=CC=C(C=C3)Cl
Crizotinib,1,CC(C1=C(C=CC(=C1Cl)F)Cl)OC2=C(N=CC(=C2)C3=CN(N=C3)C4CCNCC4)N
Curcumin,1,COC1=C(C=CC(=C1)C=CC(=O)CC(=O)C=CC2=CC(=C(C=C2)O)OC)O
Cyamemazine,1,CC(CN1C2=CC=CC=C2SC3=C1C=C(C=C3)C#N)CN(C)C
Cyclothiazide,1,C1C2CC(C1C=C2)C3NC4=CC(=C(C=C4S(=O)(=O)N3)S(=O)(=O)N)Cl
Desogestrel,1,CCC12CC(=C)C3C(C1CCC2(C#C)O)CCC4=CCCCC34
Diacerein,1,CC(=O)OC1=CC=CC2=C1C(=O)C3=C(C2=O)C=C(C=C3OC(=O)C)C(=O)O
Dihydrocodeine,1,CN1CCC23C4C1CC5=C2C(=C(C=C5)OC)OC3C(CC4)O
Dirithromycin,1,CCC1C(C2C(C(C(CC(C(C(C(C(C(=O)O1)C)OC3CC(C(C(O3)C)O)(C)OC)C)OC4C(C(CC(O4)C)N(C)C)O)(C)O)C)NC(O2)COCCOC)C)(C)O
Domperidone,1,C1CN(CCC1N2C3=C(C=C(C=C3)Cl)NC2=O)CCCN4C5=CC=CC=C5NC4=O
Doxifluridine,1,CC1C(C(C(O1)N2C=C(C(=O)NC2=O)F)O)O
Droxidopa,1,C1=CC(=C(C=C1C(C(C(=O)O)N)O)O)O
Dydrogesterone,1,CC(=O)C1CCC2C1(CCC3C2C=CC4=CC(=O)CCC34C)C
Edaravone,1,CC1=NN(C(=O)C1)C2=CC=CC=C2
Eltrombopag,1,CC1=C(C=C(C=C1)N2C(=O)C(=C(N2)C)N=NC3=CC=CC(=C3O)C4=CC(=CC=C4)C(=O)O)C
Eperisone,1,CCC1=CC=C(C=C1)C(=O)C(C)CN2CCCCC2
Epinastine,1,C1C2C3=CC=CC=C3CC4=CC=CC=C4N2C(=N1)N
Eribulin Mesylate,1,CC1CC2CCC3C(=C)CC(O3)CCC45CC6C(O4)C7C(O6)C(O5)C8C(O7)CCC(O8)CC(=O)CC9C(CC(C1=C)O2)OC(C9OC)CC(CN)O.CS(=O)(=O)O
Ethanol,1,CCO
Ethylene glycol,1,C(CO)O
Etizolam,1,CCC1=CC2=C(S1)N3C(=NN=C3CN=C2C4=CC=CC=C4Cl)C
Etoricoxib,1,CC1=NC=C(C=C1)C2=C(C=C(C=N2)Cl)C3=CC=C(C=C3)S(=O)(=O)C
Flomoxef,1,COC1(C2N(C1=O)C(=C(CO2)CSC3=NN=NN3CCO)C(=O)O)NC(=O)CSC(F)F
Fluindione,1,C1=CC=C2C(=C1)C(=O)C(C2=O)C3=CC=C(C=C3)F
Flunitrazepam,1,CN1C(=O)CN=C(C2=C1C=CC(=C2)[N+](=O)[O-])C3=CC=CC=C3F
Flupirtine,1,CCOC(=O)NC1=C(N=C(C=C1)NCC2=CC=C(C=C2)F)N
Fominoben,1,CN(CC1=C(C=CC=C1Cl)NC(=O)C2=CC=CC=C2)CC(=O)N3CCOCC3
Fosfluconazole,1,C1=CC(=C(C=C1F)F)C(CN2C=NC=N2)(CN3C=NC=N3)OP(=O)(O)O
Fudosteine,1,C(CO)CSCC(C(=O)O)N
Gabapentin Enacarbil,1,CC(C)C(=O)OC(C)OC(=O)NCC1(CCCCC1)CC(=O)O
Gabexate,1,CCOC(=O)C1=CC=C(C=C1)OC(=O)CCCCCN=C(N)N
Garenoxacin,1,CC1C2=C(CN1)C=C(C=C2)C3=C(C4=C(C=C3)C(=O)C(=CN4C5CC5)C(=O)O)OC(F)F
Glutathione,1,C(CC(=O)NC(CS)C(=O)NCC(=O)O)C(C(=O)O)N
Glycerol,1,C(C(CO)O)O
Glycyrrhizin,1,CC1(C2CCC3(C(C2(CCC1OC4C(C(C(C(O4)C(=O)O)O)O)OC5C(C(C(C(O5)C(=O)O)O)O)O)C)C(=O)C=C6C3(CCC7(C6CC(CC7)(C)C(=O)O)C)C)C)C
Halofantrine,1,CCCCN(CCCC)CCC(C1=C2C=CC(=CC2=C3C=C(C=C(C3=C1)Cl)Cl)C(F)(F)F)O
Heptaminol,1,CC(CCCC(C)(C)O)N
Hypericin,1,CC1=CC(=O)C2=C(C3=C(C=C(C4=C3C5=C2C1=C6C(=CC(=O)C7=C(C8=C(C=C(C4=C8C5=C67)O)O)O)C)O)O)O
Ibudilast,1,CC(C)C1=NN2C=CC=CC2=C1C(=O)C(C)C
Iloprost,1,CC#CCC(C)C(C=CC1C(CC2C1CC(=CCCCC(=O)O)C2)O)O
Irsogladine,1,C1=CC(=C(C=C1Cl)C2=NC(=NC(=N2)N)N)Cl
Isepamicin,1,CC1(COC(C(C1NC)O)OC2C(CC(C(C2O)OC3C(C(C(C(O3)CN)O)O)O)N)NC(=O)C(CN)O)O
Isosorbide,1,C1C(C2C(O1)C(CO2)O)O
Itopride,1,CN(C)CCOC1=CC=C(C=C1)CNC(=O)C2=CC(=C(C=C2)OC)OC
Lafutidine,1,C1CCN(CC1)CC2=CC(=NC=C2)OCC=CCNC(=O)CS(=O)CC3=CC=CO3
Lanreotide,1,CC(C)C1C(=O)NC(CSSCC(C(=O)NC(C(=O)NC(C(=O)NC(C(=O)N1)CCCCN)CC2=CNC3=CC=CC=C32)CC4=CC=C(C=C4)O)NC(=O)C(CC5=CC6=CC=CC=C6C=C5)N)C(=O)NC(C(C)O)C(=O)N
Lercanidipine,1,CC1=C(C(C(=C(N1)C)C(=O)OC(C)(C)CN(C)CCC(C2=CC=CC=C2)C3=CC=CC=C3)C4=CC(=CC=C4)[N+](=O)[O-])C(=O)OC
Levocetirizine,1,C1CN(CCN1CCOCC(=O)O)C(C2=CC=CC=C2)C3=CC=C(C=C3)Cl
Lodenosine,1,C1C(OC(C1F)N2C=NC3=C(N=CN=C32)N)CO
Lormetazepam,1,CN1C2=C(C=C(C=C2)Cl)C(=NC(C1=O)O)C3=CC=CC=C3Cl
Lornoxicam,1,CN1C(=C(C2=C(S1(=O)=O)C=C(S2)Cl)O)C(=O)NC3=CC=CC=N3
Loxoprofen,1,CC(C1=CC=C(C=C1)CC2CCCC2=O)C(=O)O
Manidipine,1,CC1=C(C(C(=C(N1)C)C(=O)OCCN2CCN(CC2)C(C3=CC=CC=C3)C4=CC=CC=C4)C5=CC(=CC=C5)[N+](=O)[O-])C(=O)OC
Mazindol,1,C1CN2C(=N1)C3=CC=CC=C3C2(C4=CC=C(C=C4)Cl)O
Menatetrenone,1,CC1=C(C(=O)C2=CC=CC=C2C1=O)CC=C(C)CCC=C(C)CCC=C(C)CCC=C(C)C
Mequitazine,1,C1CN2CCC1C(C2)CN3C4=CC=CC=C4SC5=CC=CC=C53
Metopimazine,1,CS(=O)(=O)C1=CC2=C(C=C1)SC3=CC=CC=C3N2CCCN4CCC(CC4)C(=O)N
Mitiglinide,1,C1CCC2CN(CC2C1)C(=O)CC(CC3=CC=CC=C3)C(=O)O
Mizoribine,1,C1=NC(=C(N1C2C(C(C(O2)CO)O)O)O)C(=O)N
Molsidomine,1,CCOC(=NC1=C[N+](=NO1)N2CCOCC2)[O-]
Mosapride,1,CCOC1=CC(=C(C=C1C(=O)NCC2CN(CCO2)CC3=CC=C(C=C3)F)Cl)N
Moxonidine,1,CC1=NC(=C(C(=N1)Cl)NC2=NCCN2)OC
Nafamostat,1,C1=CC(=CC=C1C(=O)OC2=CC3=C(C=C2)C=C(C=C3)C(=N)N)N=C(N)N
Naftidrofuryl,1,CCN(CC)CCOC(=O)C(CC1CCCO1)CC2=CC=CC3=CC=CC=C32
Nandrolone,1,CC12CCC3C(C1CCC2O)CCC4=CC(=O)CCC34
Nefopam,1,CN1CCOC(C2=CC=CC=C2C1)C3=CC=CC=C3
Netilmicin,1,CCNC1CC(C(C(C1OC2C(C(C(CO2)(C)O)NC)O)O)OC3C(CC=C(O3)CN)N)N
Nicergoline,1,CN1CC(CC2(C1CC3=CN(C4=CC=CC2=C34)C)OC)COC(=O)C5=CC(=CN=C5)Br
Nicorandil,1,C1=CC(=CN=C1)C(=O)NCCO[N+](=O)[O-]
Nitrazepam,1,C1C(=O)NC2=C(C=C(C=C2)[N+](=O)[O-])C(=N1)C3=CC=CC=C3
Nitrendipine,1,CCOC(=O)C1=C(NC(=C(C1C2=CC(=CC=C2)[N+](=O)[O-])C(=O)OC)C)C
Nordazepam,1,C1C(=O)NC2=C(C=C(C=C2)Cl)C(=N1)C3=CC=CC=C3
Norethisterone,1,CC12CCC3C(C1CCC2(C#C)O)CCC4=CC(=O)CCC34
Olopatadine,1,CN(C)CCC=C1C2=CC=CC=C2COC3=C1C=C(C=C3)CC(=O)O
Oxatomide,1,C1CN(CCN1CCCN2C3=CC=CC=C3NC2=O)C(C4=CC=CC=C4)C5=CC=CC=C5
Oxyphenbutazone,1,CCCCC1C(=O)N(N(C1=O)C2=CC=C(C=C2)O)C3=CC=CC=C3
Ozagrel,1,C1=CC(=CC=C1CN2C=CN=C2)C=CC(=O)O
Pazufloxacin,1,CC1COC2=C3N1C=C(C(=O)C3=CC(=C2C4(CC4)N)F)C(=O)O
Peramivir,1,CCC(CC)C(C1C(CC(C1O)C(=O)O)N=C(N)N)NC(=O)C
Phenformin,1,C1=CC=C(C=C1)CCN=C(N)N=C(N)N
Phenprocoumon,1,CCC(C1=CC=CC=C1)C2=C(C3=CC=CC=C3OC2=O)O
Phenylephrine,1,CNCC(C1=CC(=CC=C1)O)O
Phloroglucinol,1,C1=C(C=C(C=C1O)O)O
Picolamine,1,C1=CC(=CN=C1)CN
Pilsicainide,1,CC1=C(C(=CC=C1)C)NC(=O)CC23CCCN2CCC3
Pimecrolimus,1,CCC1C=C(CC(CC(C2C(CC(C(O2)(C(=O)C(=O)N3CCCCC3C(=O)OC(C(C(CC1=O)O)C)C(=CC4CCC(C(C4)OC)Cl)C)O)C)OC)OC)C)C
Pinaverium,1,CC1(C2CCC(C1C2)CCOCC[N+]3(CCOCC3)CC4=CC(=C(C=C4Br)OC)OC)C
Piperacetazine,1,CC(=O)C1=CC2=C(C=C1)SC3=CC=CC=C3N2CCCN4CCC(CC4)CCO
Pipobroman,1,C1CN(CCN1C(=O)CCBr)C(=O)CCBr
Piracetam,1,C1CC(=O)N(C1)CC(=O)N
Pirarubicin,1,CC1C(C(CC(O1)OC2CC(CC3=C2C(=C4C(=C3O)C(=O)C5=C(C4=O)C(=CC=C5)OC)O)(C(=O)CO)O)N)OC6CCCCO6
Pranlukast,1,C1=CC=C(C=C1)CCCCOC2=CC=C(C=C2)C(=O)NC3=CC=CC4=C3OC(=CC4=O)C5=NNN=N5
Pranoprofen,1,CC(C1=CC2=C(C=C1)OC3=C(C2)C=CC=N3)C(=O)O
Prazepam,1,C1CC1CN2C(=O)CN=C(C3=C2C=CC(=C3)Cl)C4=CC=CC=C4
Propacetamol,1,CCN(CC)CC(=O)OC1=CC=C(C=C1)NC(=O)C
Propiverine,1,CCCOC(C1=CC=CC=C1)(C2=CC=CC=C2)C(=O)OC3CCN(CC3)C
Raltitrexed,1,CC1=NC2=C(C=C(C=C2)CN(C)C3=CC=C(S3)C(=O)NC(CCC(=O)O)C(=O)O)C(=O)N1
Rebamipide,1,C1=CC=C2C(=C1)C(=CC(=O)N2)CC(C(=O)O)NC(=O)C3=CC=C(C=C3)Cl
Rilmenidine,1,C1CC1C(C2CC2)NC3=NCCO3
Rivaroxaban,1,C1COCC(=O)N1C2=CC=C(C=C2)N3CC(OC3=O)CNC(=O)C4=CC=C(S4)Cl
Roxatidine,1,C1CCN(CC1)CC2=CC(=CC=C2)OCCCNC(=O)CO
Salicylic acid,1,C1=CC=C(C(=C1)C(=O)O)O
Sarpogrelate,1,CN(C)CC(COC1=CC=CC=C1CCC2=CC(=CC=C2)OC)OC(=O)CCC(=O)O
Sennoside,1,C1=CC2=C(C(=C1)OC3C(C(C(C(O3)CO)O)O)O)C(=O)C4=C(C2C5C6=C(C(=CC=C6)OC7C(C(C(C(O7)CO)O)O)O)C(=O)C8=C5C=C(C=C8O)C(=O)O)C=C(C=C4O)C(=O)O
Sofalcone,1,CC(=CCOC1=CC=C(C=C1)C=CC(=O)C2=C(C=C(C=C2)OCC=C(C)C)OCC(=O)O)C
Sparfloxacin,1,CC1CN(CC(N1)C)C2=C(C(=C3C(=C2F)N(C=C(C3=O)C(=O)O)C4CC4)N)F
Sulfamethoxazole,1,CC1=CC(=NO1)NS(=O)(=O)C2=CC=C(C=C2)N
Sulpiride,1,CCN1CCCC1CNC(=O)C2=C(C=CC(=C2)S(=O)(=O)N)OC
Suplatast,1,CCOCC(COC1=CC=C(C=C1)NC(=O)CC[S+](C)C)O
Tandospirone,1,C1CC2CC1C3C2C(=O)N(C3=O)CCCCN4CCN(CC4)C5=NC=CC=N5
Telaprevir,1,CCCC(C(=O)C(=O)NC1CC1)NC(=O)C2C3CCCC3CN2C(=O)C(C(C)(C)C)NC(=O)C(C4CCCCC4)NC(=O)C5=NC=CN=C5
Temocapril,1,CCOC(=O)C(CCC1=CC=CC=C1)NC2CSC(CN(C2=O)CC(=O)O)C3=CC=CS3
Teprenone,1,CC(=CCCC(=CCCC(=CCCC(=CCCC(=O)C)C)C)C)C
Tetrazepam,1,CN1C(=O)CN=C(C2=C1C=CC(=C2)Cl)C3=CCCCC3
Theobromine,1,CN1C=NC2=C1C(=O)NC(=O)N2C
Thiocolchicoside,1,CC(=O)NC1CCC2=CC(=C(C(=C2C3=CC=C(C(=O)C=C13)SC)OC)OC)OC4C(C(C(C(O4)CO)O)O)O
Tiapride,1,CCN(CC)CCNC(=O)C1=C(C=CC(=C1)S(=O)(=O)C)OC
Tiaprofenic acid,1,CC(C1=CC=C(S1)C(=O)C2=CC=CC=C2)C(=O)O
Tiquizium,1,C[N+]12CCCCC1CCC(=C(C3=CC=CS3)C4=CC=CS4)C2
Tocainide,1,CC1=C(C(=CC=C1)C)NC(=O)C(C)N
Trabectedin,1,CC1=CC2=C(C3C4C5C6=C(C(=C7C(=C6C(N4C(C(C2)N3C)O)COC(=O)C8(CS5)C9=CC(=C(C=C9CCN8)O)OC)OCO7)C)OC(=O)C)C(=C1OC)O
Tranilast,1,COC1=C(C=C(C=C1)C=CC(=O)NC2=CC=CC=C2C(=O)O)OC
Trapidil,1,CCN(CC)C1=CC(=NC2=NC=NN12)C
Trichlormethiazide,1,C1=C2C(=CC(=C1Cl)S(=O)(=O)N)S(=O)(=O)NC(N2)C(Cl)Cl
Trimebutine,1,CCC(COC(=O)C1=CC(=C(C(=C1)OC)OC)OC)(C2=CC=CC=C2)N(C)C
Trimetazidine,1,COC1=C(C(=C(C=C1)CN2CCNCC2)OC)OC
Tropatepine,1,CN1C2CCC1CC(=C3C4=CC=CC=C4CSC5=CC=CC=C53)C2
Troxipide,1,COC1=CC(=CC(=C1OC)OC)C(=O)NC2CCCNC2
Urapidil,1,CN1C(=CC(=O)N(C1=O)C)NCCCN2CCN(CC2)C3=CC=CC=C3OC
Valpromide,1,CCCC(CCC)C(=O)N
Vemurafenib,1,CCCS(=O)(=O)NC1=C(C(=C(C=C1)F)C(=O)C2=CNC3=C2C=C(C=N3)C4=CC=C(C=C4)Cl)F
Vindesine,1,CCC1(CC2CC(C3=C(CCN(C2)C1)C4=CC=CC=C4N3)(C5=C(C=C6C(=C5)C78CCN9C7C(C=CC9)(C(C(C8N6C)(C(=O)N)O)O)CC)OC)C(=O)OC)O
Voglibose,1,C1C(C(C(C(C1(CO)O)O)O)O)NC(CO)CO
Xylometazoline,1,CC1=CC(=CC(=C1CC2=NCCN2)C)C(C)(C)C
Zaltoprofen,1,CC(C1=CC2=C(C=C1)SC3=CC=CC=C3C(=O)C2)C(=O)O
Zopiclone,1,CN1CCN(CC1)C(=O)OC2C3=NC=CN=C3C(=O)N2C4=NC=C(C=C4)Cl
